[WARN] [1787289669.630298431]: The root link base_link has an inertia specified in the URDF, but KDL does not support a root link with an inertia.  As a workaround, you can add an extra dummy link to your URDF.
0x557178f08870
[INFO] [1787289669.683578778]: Inititialized robot 1, starting to map now.
Create multimapper!!
concorde -s 21004 /tmp/tmp9gatefb2/problem.tsp
Host: msxg  Current process id: 60909
Using random seed 21004
Number of Nodes: 72
Explicit Lengths (CC_MATRIXNORM)
Set initial upperbound to 8137 (from tour)
ERROR: No dual change in basis finding code
Did not find a basic optimal solution
Fractional matching routine failed
Warning: restarting running timer Miscellaneous
No warmstart, stumbling on anyway
Basic dual change required, but no candidate edges
  LP Value  1: 8127.000000  (0.01 seconds)
  LP Value  2: 8137.000000  (0.01 seconds)
New lower bound: 8137.000000
Final lower bound 8137.000000, upper bound 8137.000000
Exact lower bound: 8137.000000
DIFF: 0.000000
Final LP has 99 rows, 160 columns, 536 nonzeros
Optimal Solution: 8137.00
Number of bbnodes: 1
Total Running Time: 0.04 (seconds)
[WARN] [1787289670.843751133, 0.400000000]: local_map: Parameter "plugins" not provided, loading pre-Hydro parameters
[WARN] [1787289688.021830919, 17.500000000]: No frontier at vertex 8. #Frontier: 0
[WARN] [1787289701.022646173, 30.500000000]: No frontier at vertex 7. #Frontier: 0
[WARN] [1787289730.080359653, 59.600000000]: No frontier at vertex 6. #Frontier: 0
/home/wcqw/ac-slam/catkin_ws/src/cpp_solver/world/map3/map3.xml
74.0
True
Drawio scale: 0.10277777777777777
[INFO] [1787289670.150280, 0.000000]: Build prior map with 36 vertices.
[INFO] [1787289670.150845, 0.000000]: Build prior map.
[INFO] [1787289670.154922, 0.000000]: prior_map_save_path: /home/wcqw/ac-slam/catkin_ws/src/cpp_solver/results/prior_map_Phase2_pair04_SLAMAware_seed21004.pickle
Robot position: (-28.0, -28.0)
10: 2225.556520061729,(x, y) = (10.527777777777779, 45.986111111111114)
11: 1243.3435570987656,(x, y) = (10.527777777777779, 33.65277777777778)
Reverse tsp path is better!
tsp_path VS full_tsp_path:
[8, 7, 6, 5, 4, 3, 9, 15, 16, 10, 11, 35, 37, 20, 19, 23, 29, 30, 24, 25, 31, 32, 26, 27, 33, 34, 28, 22, 21, 38, 36, 12, 13, 17, 18, 14]
[8, 7, 6, 5, 4, 3, 9, 15, 16, 10, 11, 35, 37, 20, 19, 23, 29, 30, 24, 25, 31, 32, 26, 27, 33, 34, 28, 22, 21, 38, 36, 12, 13, 17, 18, 14]
[INFO] [1787289670.219451, 0.000000]: TSP_RECORD {"full_tsp_path": [8, 7, 6, 5, 4, 3, 9, 15, 16, 10, 11, 35, 37, 20, 19, 23, 29, 30, 24, 25, 31, 32, 26, 27, 33, 34, 28, 22, 21, 38, 36, 12, 13, 17, 18, 14], "initial_tsp_path": [8, 7, 6, 5, 4, 3, 9, 15, 16, 10, 11, 35, 37, 20, 19, 23, 29, 30, 24, 25, 31, 32, 26, 27, 33, 34, 28, 22, 21, 38, 36, 12, 13, 17, 18, 14], "predicted_full_tsp_length": 415.222222222222, "predicted_tsp_length": 415.222222222222, "seed": 21004, "solver": "concorde"}
[INFO] [1787289670.220578, 0.000000]: tsp_record_path: /home/wcqw/ac-slam/catkin_ws/src/cpp_solver/results/tsp_record_Phase2_pair04_SLAMAware_seed21004.json
[INFO] [1787289670.221642, 0.000000]: Find initial tsp path.
tsp_d_opt: 46.41588833612801, tsp_dist: 415.222222222222
current idx: 0 / 35
max_candidate_dist: 44.76564224112674
Iter <built-in function iter>: 0 / 36
Iter <built-in function iter>: 20 / 36
#candidates: 84
current obj: 0.11634956757431472, resistance: 1.1078112871742416, dis_incre: 1.0643564356435644 tsp_obj: 0.11178565561283177
Optimization ratio: 1.0
No candidate is better than current_d_opt. Iteration stops.
#Add edges: 5, [(8, 14), (35, 36), (22, 18), (15, 19), (26, 38)]
Time cost: 0.01s for best one; 0.06s for all.
  
optimized tsp path: [8, 7, 6, 5, 4, 3, 9, 15, 16, 10, 11, 35, 37, 20, 19, 15, 19, 23, 29, 30, 24, 25, 31, 32, 26, 27, 33, 34, 28, 22, 21, 38, 26, 38, 36, 35, 36, 12, 13, 17, 18, 22, 18, 14, 8]
non-optimized tsp path: [8, 7, 6, 5, 4, 3, 9, 15, 16, 10, 11, 35, 37, 20, 19, 23, 29, 30, 24, 25, 31, 32, 26, 27, 33, 34, 28, 22, 21, 38, 36, 12, 13, 17, 18, 14]
[INFO] [1787289670.291703, 0.000000]: Find modified curr_path and loop index
[INFO] [1787289670.299557, 0.000000]: g2o_save_path: /home/wcqw/ac-slam/catkin_ws/src/cpp_solver/results/graph_Phase2_pair04_SLAMAware_seed21004.g2o
[INFO] [1787289670.331358, 0.000000]: Replanning request. curr_vertex_idx: 0
[INFO] [1787289670.332362, 0.000000]:                     covered_vertices: ()
[INFO] [1787289670.333111, 0.000000]: Handle local replanning...
[INFO] [1787289670.333805, 0.000000]: curr path length: 45, is_loop length: 45
[INFO] [1787289670.334471, 0.000000]: Send new plan: 8  ---> 7 6 5 4 3 9 15 16 10 11 35 37 20 19 15(L) 19 23 29 30 24 25 31 32 26 27 33 34 28 22 21 38 26(L) 38 36 35(L) 36 12 13 17 18 22(L) 18 14 8(L) 
[INFO] [1787289670.942056, 0.500000]: Really visited vertices: 
[INFO] [1787289683.766053, 13.300000]: Really visited vertices: 8 
[INFO] [1787289688.017406, 17.500000]: Replanning request. curr_vertex_idx: 0
[INFO] [1787289688.018493, 17.500000]:                     covered_vertices: ()
[INFO] [1787289688.019162, 17.500000]: Handle local replanning...
[INFO] [1787289688.019838, 17.500000]: curr path length: 45, is_loop length: 45
[INFO] [1787289688.020622, 17.500000]: Send new plan: 8  ---> 7 6 5 4 3 9 15 16 10 11 35 37 20 19 15(L) 19 23 29 30 24 25 31 32 26 27 33 34 28 22 21 38 26(L) 38 36 35(L) 36 12 13 17 18 22(L) 18 14 8(L) 
[INFO] [1787289689.020947, 18.500000]: Replanning request. curr_vertex_idx: 1
[INFO] [1787289689.021715, 18.500000]:                     covered_vertices: ()
[INFO] [1787289689.022372, 18.500000]: Handle local replanning...
[INFO] [1787289689.023064, 18.500000]: curr path length: 45, is_loop length: 45
[INFO] [1787289689.023736, 18.500000]: Send new plan: 8 7  ---> 6 5 4 3 9 15 16 10 11 35 37 20 19 15(L) 19 23 29 30 24 25 31 32 26 27 33 34 28 22 21 38 26(L) 38 36 35(L) 36 12 13 17 18 22(L) 18 14 8(L) 
[INFO] [1787289695.003858, 24.500000]: Replanning request. curr_vertex_idx: 1
[INFO] [1787289695.004691, 24.500000]:                     covered_vertices: ()
[INFO] [1787289695.005201, 24.500000]: Handle local replanning...
[INFO] [1787289695.005738, 24.500000]: curr path length: 45, is_loop length: 45
[INFO] [1787289695.006160, 24.500000]: Send new plan: 8 7  ---> 6 5 4 3 9 15 16 10 11 35 37 20 19 15(L) 19 23 29 30 24 25 31 32 26 27 33 34 28 22 21 38 26(L) 38 36 35(L) 36 12 13 17 18 22(L) 18 14 8(L) 
[INFO] [1787289700.464526, 30.000000]: Really visited vertices: 8 7 
[INFO] [1787289701.019143, 30.500000]: Replanning request. curr_vertex_idx: 1
[INFO] [1787289701.020055, 30.500000]:                     covered_vertices: ()
[INFO] [1787289701.020688, 30.500000]: Handle local replanning...
[INFO] [1787289701.021312, 30.500000]: curr path length: 45, is_loop length: 45
[INFO] [1787289701.021822, 30.500000]: Send new plan: 8 7  ---> 6 5 4 3 9 15 16 10 11 35 37 20 19 15(L) 19 23 29 30 24 25 31 32 26 27 33 34 28 22 21 38 26(L) 38 36 35(L) 36 12 13 17 18 22(L) 18 14 8(L) 
[INFO] [1787289706.166784, 35.700000]: Really visited vertices: 8 7 
[INFO] [1787289707.048406, 36.600000]: Replanning request. curr_vertex_idx: 2
[INFO] [1787289707.049163, 36.600000]:                     covered_vertices: ()
[INFO] [1787289707.049779, 36.600000]: Handle local replanning...
[INFO] [1787289707.050355, 36.600000]: curr path length: 45, is_loop length: 45
[INFO] [1787289707.050803, 36.600000]: Send new plan: 8 7 6  ---> 5 4 3 9 15 16 10 11 35 37 20 19 15(L) 19 23 29 30 24 25 31 32 26 27 33 34 28 22 21 38 26(L) 38 36 35(L) 36 12 13 17 18 22(L) 18 14 8(L) 
[INFO] [1787289713.066577, 42.600000]: Replanning request. curr_vertex_idx: 2
[INFO] [1787289713.067470, 42.600000]:                     covered_vertices: ()
[INFO] [1787289713.068141, 42.600000]: Handle local replanning...
[INFO] [1787289713.068697, 42.600000]: curr path length: 45, is_loop length: 45
[INFO] [1787289713.069204, 42.600000]: Send new plan: 8 7 6  ---> 5 4 3 9 15 16 10 11 35 37 20 19 15(L) 19 23 29 30 24 25 31 32 26 27 33 34 28 22 21 38 26(L) 38 36 35(L) 36 12 13 17 18 22(L) 18 14 8(L) 
[INFO] [1787289719.063715, 48.600000]: Replanning request. curr_vertex_idx: 2
[INFO] [1787289719.064547, 48.600000]:                     covered_vertices: ()
[INFO] [1787289719.065153, 48.600000]: Handle local replanning...
[INFO] [1787289719.065658, 48.600000]: curr path length: 45, is_loop length: 45
[INFO] [1787289719.066162, 48.600000]: Send new plan: 8 7 6  ---> 5 4 3 9 15 16 10 11 35 37 20 19 15(L) 19 23 29 30 24 25 31 32 26 27 33 34 28 22 21 38 26(L) 38 36 35(L) 36 12 13 17 18 22(L) 18 14 8(L) 
[INFO] [1787289724.068095, 53.600000]: Really visited vertices: 8 7 
[INFO] [1787289725.032976, 54.500000]: Replanning request. curr_vertex_idx: 2
[INFO] [1787289725.033916, 54.500000]:                     covered_vertices: ()
[INFO] [1787289725.034725, 54.500000]: Handle local replanning...
[INFO] [1787289725.035392, 54.500000]: curr path length: 45, is_loop length: 45
[INFO] [1787289725.036072, 54.500000]: Send new plan: 8 7 6  ---> 5 4 3 9 15 16 10 11 35 37 20 19 15(L) 19 23 29 30 24 25 31 32 26 27 33 34 28 22 21 38 26(L) 38 36 35(L) 36 12 13 17 18 22(L) 18 14 8(L) 
[INFO] [1787289730.076189, 59.600000]: Replanning request. curr_vertex_idx: 2
[INFO] [1787289730.077207, 59.600000]:                     covered_vertices: ()
[INFO] [1787289730.077984, 59.600000]: Handle local replanning...
[INFO] [1787289730.078714, 59.600000]: curr path length: 45, is_loop length: 45
[INFO] [1787289730.079359, 59.600000]: Send new plan: 8 7 6  ---> 5 4 3 9 15 16 10 11 35 37 20 19 15(L) 19 23 29 30 24 25 31 32 26 27 33 34 28 22 21 38 26(L) 38 36 35(L) 36 12 13 17 18 22(L) 18 14 8(L) 
[WARN] [1787289758.093604567, 87.600000000]: No frontier at vertex 5. #Frontier: 0
[WARN] [1787289794.110711376, 123.600000000]: No frontier at vertex 4. #Frontier: 0
[INFO] [1787289736.055863, 65.600000]: Replanning request. curr_vertex_idx: 3
[INFO] [1787289736.056725, 65.600000]:                     covered_vertices: ()
[INFO] [1787289736.057372, 65.600000]: Handle local replanning...
[INFO] [1787289736.057861, 65.600000]: curr path length: 45, is_loop length: 45
[INFO] [1787289736.058463, 65.600000]: Send new plan: 8 7 6 5  ---> 4 3 9 15 16 10 11 35 37 20 19 15(L) 19 23 29 30 24 25 31 32 26 27 33 34 28 22 21 38 26(L) 38 36 35(L) 36 12 13 17 18 22(L) 18 14 8(L) 
[INFO] [1787289742.113540, 71.600000]: Replanning request. curr_vertex_idx: 3
[INFO] [1787289742.114370, 71.600000]:                     covered_vertices: ()
[INFO] [1787289742.114909, 71.600000]: Handle local replanning...
[INFO] [1787289742.115416, 71.600000]: curr path length: 45, is_loop length: 45
[INFO] [1787289742.115836, 71.600000]: Send new plan: 8 7 6 5  ---> 4 3 9 15 16 10 11 35 37 20 19 15(L) 19 23 29 30 24 25 31 32 26 27 33 34 28 22 21 38 26(L) 38 36 35(L) 36 12 13 17 18 22(L) 18 14 8(L) 
[INFO] [1787289748.067466, 77.600000]: Replanning request. curr_vertex_idx: 3
[INFO] [1787289748.068401, 77.600000]:                     covered_vertices: ()
[INFO] [1787289748.069119, 77.600000]: Handle local replanning...
[INFO] [1787289748.069646, 77.600000]: curr path length: 45, is_loop length: 45
[INFO] [1787289748.070146, 77.600000]: Send new plan: 8 7 6 5  ---> 4 3 9 15 16 10 11 35 37 20 19 15(L) 19 23 29 30 24 25 31 32 26 27 33 34 28 22 21 38 26(L) 38 36 35(L) 36 12 13 17 18 22(L) 18 14 8(L) 
[INFO] [1787289753.263447, 82.800000]: Really visited vertices: 8 7 6 5 
[INFO] [1787289754.059195, 83.600000]: Replanning request. curr_vertex_idx: 3
[INFO] [1787289754.060104, 83.600000]:                     covered_vertices: ()
[INFO] [1787289754.060686, 83.600000]: Handle local replanning...
[INFO] [1787289754.061256, 83.600000]: curr path length: 45, is_loop length: 45
[INFO] [1787289754.061819, 83.600000]: Send new plan: 8 7 6 5  ---> 4 3 9 15 16 10 11 35 37 20 19 15(L) 19 23 29 30 24 25 31 32 26 27 33 34 28 22 21 38 26(L) 38 36 35(L) 36 12 13 17 18 22(L) 18 14 8(L) 
[INFO] [1787289756.081545, 85.600000]: Replanning request. curr_vertex_idx: 3
[INFO] [1787289756.082310, 85.600000]:                     covered_vertices: ()
[INFO] [1787289756.083151, 85.600000]: Handle local replanning...
[INFO] [1787289756.083841, 85.600000]: curr path length: 45, is_loop length: 45
[INFO] [1787289756.084374, 85.600000]: Send new plan: 8 7 6 5  ---> 4 3 9 15 16 10 11 35 37 20 19 15(L) 19 23 29 30 24 25 31 32 26 27 33 34 28 22 21 38 26(L) 38 36 35(L) 36 12 13 17 18 22(L) 18 14 8(L) 
[INFO] [1787289758.090827, 87.600000]: Replanning request. curr_vertex_idx: 3
[INFO] [1787289758.091536, 87.600000]:                     covered_vertices: ()
[INFO] [1787289758.092061, 87.600000]: Handle local replanning...
[INFO] [1787289758.092530, 87.600000]: curr path length: 45, is_loop length: 45
[INFO] [1787289758.092952, 87.600000]: Send new plan: 8 7 6 5  ---> 4 3 9 15 16 10 11 35 37 20 19 15(L) 19 23 29 30 24 25 31 32 26 27 33 34 28 22 21 38 26(L) 38 36 35(L) 36 12 13 17 18 22(L) 18 14 8(L) 
[INFO] [1787289764.154802, 93.700000]: Replanning request. curr_vertex_idx: 4
[INFO] [1787289764.155624, 93.700000]:                     covered_vertices: ()
[INFO] [1787289764.156110, 93.700000]: Handle local replanning...
[INFO] [1787289764.156489, 93.700000]: curr path length: 45, is_loop length: 45
[INFO] [1787289764.156842, 93.700000]: Send new plan: 8 7 6 5 4  ---> 3 9 15 16 10 11 35 37 20 19 15(L) 19 23 29 30 24 25 31 32 26 27 33 34 28 22 21 38 26(L) 38 36 35(L) 36 12 13 17 18 22(L) 18 14 8(L) 
[INFO] [1787289770.099960, 99.600000]: Replanning request. curr_vertex_idx: 4
[INFO] [1787289770.100745, 99.600000]:                     covered_vertices: ()
[INFO] [1787289770.101335, 99.600000]: Handle local replanning...
[INFO] [1787289770.101837, 99.600000]: curr path length: 45, is_loop length: 45
[INFO] [1787289770.102348, 99.600000]: Send new plan: 8 7 6 5 4  ---> 3 9 15 16 10 11 35 37 20 19 15(L) 19 23 29 30 24 25 31 32 26 27 33 34 28 22 21 38 26(L) 38 36 35(L) 36 12 13 17 18 22(L) 18 14 8(L) 
[INFO] [1787289775.595933, 105.100000]: Really visited vertices: 8 7 6 5 
[INFO] [1787289776.147751, 105.700000]: Replanning request. curr_vertex_idx: 4
[INFO] [1787289776.148671, 105.700000]:                     covered_vertices: ()
[INFO] [1787289776.149396, 105.700000]: Handle local replanning...
[INFO] [1787289776.150100, 105.700000]: curr path length: 45, is_loop length: 45
[INFO] [1787289776.150738, 105.700000]: Send new plan: 8 7 6 5 4  ---> 3 9 15 16 10 11 35 37 20 19 15(L) 19 23 29 30 24 25 31 32 26 27 33 34 28 22 21 38 26(L) 38 36 35(L) 36 12 13 17 18 22(L) 18 14 8(L) 
[INFO] [1787289781.774851, 111.300000]: Really visited vertices: 8 7 6 5 
[INFO] [1787289782.080521, 111.600000]: Replanning request. curr_vertex_idx: 4
[INFO] [1787289782.081478, 111.600000]:                     covered_vertices: ()
[INFO] [1787289782.082119, 111.600000]: Handle local replanning...
[INFO] [1787289782.082781, 111.600000]: curr path length: 45, is_loop length: 45
[INFO] [1787289782.083393, 111.600000]: Send new plan: 8 7 6 5 4  ---> 3 9 15 16 10 11 35 37 20 19 15(L) 19 23 29 30 24 25 31 32 26 27 33 34 28 22 21 38 26(L) 38 36 35(L) 36 12 13 17 18 22(L) 18 14 8(L) 
[INFO] [1787289787.174984, 116.700000]: Really visited vertices: 8 7 6 5 4 
[INFO] [1787289788.162257, 117.700000]: Replanning request. curr_vertex_idx: 4
[INFO] [1787289788.163083, 117.700000]:                     covered_vertices: ()
[INFO] [1787289788.163566, 117.700000]: Handle local replanning...
[INFO] [1787289788.163954, 117.700000]: curr path length: 45, is_loop length: 45
[INFO] [1787289788.164313, 117.700000]: Send new plan: 8 7 6 5 4  ---> 3 9 15 16 10 11 35 37 20 19 15(L) 19 23 29 30 24 25 31 32 26 27 33 34 28 22 21 38 26(L) 38 36 35(L) 36 12 13 17 18 22(L) 18 14 8(L) 
[INFO] [1787289793.512181, 123.000000]: Really visited vertices: 8 7 6 5 4 
[INFO] [1787289794.106968, 123.600000]: Replanning request. curr_vertex_idx: 4
[INFO] [1787289794.107905, 123.600000]:                     covered_vertices: ()
[INFO] [1787289794.108619, 123.600000]: Handle local replanning...
[INFO] [1787289794.109341, 123.600000]: curr path length: 45, is_loop length: 45
[INFO] [1787289794.110104, 123.600000]: Send new plan: 8 7 6 5 4  ---> 3 9 15 16 10 11 35 37 20 19 15(L) 19 23 29 30 24 25 31 32 26 27 33 34 28 22 21 38 26(L) 38 36 35(L) 36 12 13 17 18 22(L) 18 14 8(L) 
[INFO] [1787289799.087821, 128.600000]: Really visited vertices: 8 7 6 5 4 
[INFO] [1787289800.109820, 129.600000]: Replanning request. curr_vertex_idx: 5
[INFO] [1787289800.110547, 129.600000]:                     covered_vertices: ()
[INFO] [1787289800.111204, 129.600000]: Handle local replanning...
[INFO] [1787289800.111688, 129.600000]: curr path length: 45, is_loop length: 45
[INFO] [1787289800.112149, 129.600000]: Send new plan: 8 7 6 5 4 3  ---> 9 15 16 10 11 35 37 20 19 15(L) 19 23 29 30 24 25 31 32 26 27 33 34 28 22 21 38 26(L) 38 36 35(L) 36 12 13 17 18 22(L) 18 14 8(L) 
[INFO] [1787289805.814060, 135.300000]: Really visited vertices: 8 7 6 5 4 
[INFO] [1787289806.120629, 135.600000]: Replanning request. curr_vertex_idx: 5
[INFO] [1787289806.121568, 135.600000]:                     covered_vertices: ()
[INFO] [1787289806.122267, 135.600000]: Handle local replanning...
[INFO] [1787289806.122858, 135.600000]: curr path length: 45, is_loop length: 45
[INFO] [1787289806.123644, 135.600000]: Send new plan: 8 7 6 5 4 3  ---> 9 15 16 10 11 35 37 20 19 15(L) 19 23 29 30 24 25 31 32 26 27 33 34 28 22 21 38 26(L) 38 36 35(L) 36 12 13 17 18 22(L) 18 14 8(L) 
[INFO] [1787289811.191298, 140.700000]: Really visited vertices: 8 7 6 5 4 
[INFO] [1787289812.114422, 141.600000]: Replanning request. curr_vertex_idx: 5
[INFO] [1787289812.115392, 141.600000]:                     covered_vertices: ()
[INFO] [1787289812.116230, 141.600000]: Handle local replanning...
[INFO] [1787289812.117019, 141.600000]: curr path length: 45, is_loop length: 45
[WARN] [1787289814.132991328, 143.600000000]: No frontier at vertex 3. #Frontier: 0
[INFO] [1787289669.696739667]: Waiting for prior_graph_service ...
[INFO] [1787289669.698061675]: waitForService: Service [/prior_graph_service] has not been advertised, waiting...
[INFO] [1787289670.315004964]: waitForService: Service [/prior_graph_service] is now available.
[INFO] [1787289670.328452922]: Receive response of service prior_graph_service.
[INFO] [1787289670.329222070]: Load prior_map.
[INFO] [1787289670.329250605]: Publishing prior graph......
[INFO] [1787289670.329590216]: Draw prior_map in RVIZ.
[INFO] [1787289670.329597082]: Waiting for path_plan_service ...
[INFO] [1787289670.335267065]: Receive tsp path: 8 7 6 5 4 3 9 15 16 10 11 35 37 20 19 15 19 23 29 30 24 25 31 32 26 27 33 34 28 22 21 38 26 38 36 35 36 12 13 17 18 22 18 14 8
[INFO] [1787289670.335305753]: Receive loop index: 0 0 0 0 0 0 0 0 0 0 0 0 0 0 0 1 0 0 0 0 0 0 0 0 0 0 0 0 0 0 0 0 1 0 0 1 0 0 0 0 0 1 0 0 1
[INFO] [1787289670.335318532]: Waiting for reliable_loop_service ...
[INFO] [1787289670.335630416]: reliable_loop_service is available.
[INFO] [1787289670.335861437]: MyPlanner is initialized and running!!
[INFO] [1787289670.335885400]: Successfully loaded exploration strategy [MyPlanner].
[INFO] [1787289678.639865386, 8.200000000]: Navigator is now initialized.
[INFO] [1787289688.016034096, 17.500000000]: Call local replanning...
[INFO] [1787289688.021804296, 17.500000000]: Reach vertex 8
[INFO] [1787289688.021894776, 17.500000000]: Set newGoal 7
[INFO] [1787289689.019791113, 18.500000000]: Call local replanning...
[INFO] [1787289695.002810442, 24.500000000]: Call local replanning...
[INFO] [1787289701.017781194, 30.500000000]: Call local replanning...
[INFO] [1787289701.022633415, 30.500000000]: Reach vertex 7
[INFO] [1787289701.022661886, 30.500000000]: Set newGoal 6
[INFO] [1787289707.047151328, 36.600000000]: Call local replanning...
[INFO] [1787289713.065543179, 42.600000000]: Call local replanning...
[INFO] [1787289719.062620988, 48.600000000]: Call local replanning...
[INFO] [1787289725.031776919, 54.500000000]: Call local replanning...
[INFO] [1787289725.037069801, 54.600000000]: Reach vertex 6
[INFO] [1787289725.043423656, 54.600000000]: Explore Goal 6 's frontiers...
[INFO] [1787289730.075079613, 59.600000000]: Call local replanning...
[INFO] [1787289730.080404186, 59.600000000]: Set newGoal 5
[INFO] [1787289736.055016680, 65.600000000]: Call local replanning...
[INFO] [1787289742.112432498, 71.600000000]: Call local replanning...
[INFO] [1787289748.066339361, 77.600000000]: Call local replanning...
[INFO] [1787289754.058104587, 83.600000000]: Call local replanning...
[INFO] [1787289754.062636293, 83.600000000]: Reach vertex 5
[INFO] [1787289754.064004900, 83.600000000]: Explore Goal 5 's frontiers...
[INFO] [1787289756.080468361, 85.600000000]: Call local replanning...
[INFO] [1787289756.086685704, 85.600000000]: Explore Goal 5 's frontiers...
[INFO] [1787289758.089789260, 87.600000000]: Call local replanning...
[INFO] [1787289758.093630872, 87.600000000]: Set newGoal 4
[INFO] [1787289764.153611873, 93.700000000]: Call local replanning...
[INFO] [1787289770.098895716, 99.600000000]: Call local replanning...
[INFO] [1787289776.146553832, 105.700000000]: Call local replanning...
[INFO] [1787289782.079432785, 111.600000000]: Call local replanning...
[INFO] [1787289788.161210690, 117.700000000]: Call local replanning...
[INFO] [1787289788.165131431, 117.700000000]: Reach vertex 4
[INFO] [1787289788.168244022, 117.700000000]: Explore Goal 4 's frontiers...
[INFO] [1787289794.105795322, 123.600000000]: Call local replanning...
[INFO] [1787289794.110733263, 123.600000000]: Set newGoal 3
[INFO] [1787289800.108723432, 129.600000000]: Call local replanning...
[INFO] [1787289806.119411579, 135.600000000]: Call local replanning...
[INFO] [1787289812.113214675, 141.600000000]: Call local replanning...
[INFO] [1787289812.118842509, 141.600000000]: Reach vertex 3
[INFO] [1787289812.120608133, 141.600000000]: Explore Goal 3 's frontiers...
[INFO] [1787289814.127711320, 143.600000000]: Call local replanning...
[INFO] [1787289814.133080397, 14[WARN] [1787289835.236113878, 164.700000000]: No frontier at vertex 9. #Frontier: 0
[WARN] [1787289880.187666157, 209.700000000]: No frontier at vertex 15. #Frontier: 0
concorde /tmp/tmpnp21l4z7/problem.tsp
Host: msxg  Current process id: 61952
Using random seed 1787289886
Number of Nodes: 16
Explicit Lengths (CC_MATRIXNORM)
Set initial upperbound to 482 (from tour)
ERROR: No dual change in basis finding code
Did not find a basic optimal solution
Fractional matching routine failed
Warning: restarting running timer Miscellaneous
No warmstart, stumbling on anyway
Basic dual change required, but no candidate edges
recomputing rownorms ...
  LP Value  1: 482.000000  (0.00 seconds)
New lower bound: 482.000000
Final lower bound 482.000000, upper bound 482.000000
Exact lower bound: 482.000000
DIFF: 0.000000
Final LP has 16 rows, 23 columns, 46 nonzeros
Optimal Solution: 482.00
Number of bbnodes: 1
Total Running Time: 0.00 (seconds)
[INFO] [1787289812.117705, 141.600000]: Send new plan: 8 7 6 5 4 3  ---> 9 15 16 10 11 35 37 20 19 15(L) 19 23 29 30 24 25 31 32 26 27 33 34 28 22 21 38 26(L) 38 36 35(L) 36 12 13 17 18 22(L) 18 14 8(L) 
[INFO] [1787289814.129072, 143.600000]: Replanning request. curr_vertex_idx: 5
[INFO] [1787289814.130075, 143.600000]:                     covered_vertices: ()
[INFO] [1787289814.130867, 143.600000]: Handle local replanning...
[INFO] [1787289814.131502, 143.600000]: curr path length: 45, is_loop length: 45
[INFO] [1787289814.132150, 143.600000]: Send new plan: 8 7 6 5 4 3  ---> 9 15 16 10 11 35 37 20 19 15(L) 19 23 29 30 24 25 31 32 26 27 33 34 28 22 21 38 26(L) 38 36 35(L) 36 12 13 17 18 22(L) 18 14 8(L) 
[INFO] [1787289819.889262, 149.400000]: Really visited vertices: 8 7 6 5 4 3 
[INFO] [1787289820.105707, 149.600000]: Replanning request. curr_vertex_idx: 6
[INFO] [1787289820.106575, 149.600000]:                     covered_vertices: ()
[INFO] [1787289820.107296, 149.600000]: Handle local replanning...
[INFO] [1787289820.107748, 149.600000]: curr path length: 45, is_loop length: 45
[INFO] [1787289820.108397, 149.600000]: Send new plan: 8 7 6 5 4 3 9  ---> 15 16 10 11 35 37 20 19 15(L) 19 23 29 30 24 25 31 32 26 27 33 34 28 22 21 38 26(L) 38 36 35(L) 36 12 13 17 18 22(L) 18 14 8(L) 
[INFO] [1787289825.319699, 154.800000]: Really visited vertices: 8 7 6 5 4 3 
[INFO] [1787289826.133326, 155.600000]: Replanning request. curr_vertex_idx: 6
[INFO] [1787289826.134475, 155.600000]:                     covered_vertices: ()
[INFO] [1787289826.135198, 155.600000]: Handle local replanning...
[INFO] [1787289826.135841, 155.600000]: curr path length: 45, is_loop length: 45
[INFO] [1787289826.136563, 155.600000]: Send new plan: 8 7 6 5 4 3 9  ---> 15 16 10 11 35 37 20 19 15(L) 19 23 29 30 24 25 31 32 26 27 33 34 28 22 21 38 26(L) 38 36 35(L) 36 12 13 17 18 22(L) 18 14 8(L) 
[INFO] [1787289832.154053, 161.700000]: Replanning request. curr_vertex_idx: 6
[INFO] [1787289832.154819, 161.700000]:                     covered_vertices: ()
[INFO] [1787289832.155350, 161.700000]: Handle local replanning...
[INFO] [1787289832.155852, 161.700000]: curr path length: 45, is_loop length: 45
[INFO] [1787289832.156358, 161.700000]: Send new plan: 8 7 6 5 4 3 9  ---> 15 16 10 11 35 37 20 19 15(L) 19 23 29 30 24 25 31 32 26 27 33 34 28 22 21 38 26(L) 38 36 35(L) 36 12 13 17 18 22(L) 18 14 8(L) 
[INFO] [1787289835.232687, 164.700000]: Replanning request. curr_vertex_idx: 6
[INFO] [1787289835.233642, 164.700000]:                     covered_vertices: ()
[INFO] [1787289835.234198, 164.700000]: Handle local replanning...
[INFO] [1787289835.234717, 164.700000]: curr path length: 45, is_loop length: 45
[INFO] [1787289835.235234, 164.700000]: Send new plan: 8 7 6 5 4 3 9  ---> 15 16 10 11 35 37 20 19 15(L) 19 23 29 30 24 25 31 32 26 27 33 34 28 22 21 38 26(L) 38 36 35(L) 36 12 13 17 18 22(L) 18 14 8(L) 
[INFO] [1787289840.194061, 169.700000]: Really visited vertices: 8 7 6 5 4 3 9 
[INFO] [1787289841.221170, 170.700000]: Replanning request. curr_vertex_idx: 7
[INFO] [1787289841.222091, 170.700000]:                     covered_vertices: ()
[INFO] [1787289841.222738, 170.700000]: Handle local replanning...
[INFO] [1787289841.223427, 170.700000]: curr path length: 45, is_loop length: 45
[INFO] [1787289841.223961, 170.700000]: Send new plan: 8 7 6 5 4 3 9 15  ---> 16 10 11 35 37 20 19 15(L) 19 23 29 30 24 25 31 32 26 27 33 34 28 22 21 38 26(L) 38 36 35(L) 36 12 13 17 18 22(L) 18 14 8(L) 
[INFO] [1787289847.247178, 176.800000]: Replanning request. curr_vertex_idx: 7
[INFO] [1787289847.247982, 176.800000]:                     covered_vertices: ()
[INFO] [1787289847.248544, 176.800000]: Handle local replanning...
[INFO] [1787289847.249038, 176.800000]: curr path length: 45, is_loop length: 45
[INFO] [1787289847.249442, 176.800000]: Send new plan: 8 7 6 5 4 3 9 15  ---> 16 10 11 35 37 20 19 15(L) 19 23 29 30 24 25 31 32 26 27 33 34 28 22 21 38 26(L) 38 36 35(L) 36 12 13 17 18 22(L) 18 14 8(L) 
[INFO] [1787289852.279239, 181.800000]: Really visited vertices: 8 7 6 5 4 3 9 
[INFO] [1787289853.217058, 182.700000]: Replanning request. curr_vertex_idx: 7
[INFO] [1787289853.218063, 182.700000]:                     covered_vertices: ()
[INFO] [1787289853.218818, 182.700000]: Handle local replanning...
[INFO] [1787289853.219273, 182.700000]: curr path length: 45, is_loop length: 45
[INFO] [1787289853.219664, 182.700000]: Send new plan: 8 7 6 5 4 3 9 15  ---> 16 10 11 35 37 20 19 15(L) 19 23 29 30 24 25 31 32 26 27 33 34 28 22 21 38 26(L) 38 36 35(L) 36 12 13 17 18 22(L) 18 14 8(L) 
[INFO] [1787289859.170234, 188.700000]: Replanning request. curr_vertex_idx: 7
[INFO] [1787289859.171066, 188.700000]:                     covered_vertices: ()
[INFO] [1787289859.171717, 188.700000]: Handle local replanning...
[INFO] [1787289859.172169, 188.700000]: curr path length: 45, is_loop length: 45
[INFO] [1787289859.172538, 188.700000]: Send new plan: 8 7 6 5 4 3 9 15  ---> 16 10 11 35 37 20 19 15(L) 19 23 29 30 24 25 31 32 26 27 33 34 28 22 21 38 26(L) 38 36 35(L) 36 12 13 17 18 22(L) 18 14 8(L) 
[INFO] [1787289865.273962, 194.800000]: Replanning request. curr_vertex_idx: 7
[INFO] [1787289865.274959, 194.800000]:                     covered_vertices: ()
[INFO] [1787289865.275561, 194.800000]: Handle local replanning...
[INFO] [1787289865.276206, 194.800000]: curr path length: 45, is_loop length: 45
[INFO] [1787289865.276904, 194.800000]: Send new plan: 8 7 6 5 4 3 9 15  ---> 16 10 11 35 37 20 19 15(L) 19 23 29 30 24 25 31 32 26 27 33 34 28 22 21 38 26(L) 38 36 35(L) 36 12 13 17 18 22(L) 18 14 8(L) 
[INFO] [1787289871.221779, 200.700000]: Replanning request. curr_vertex_idx: 7
[INFO] [1787289871.222591, 200.700000]:                     covered_vertices: ()
[INFO] [1787289871.223094, 200.700000]: Handle local replanning...
[INFO] [1787289871.223502, 200.700000]: curr path length: 45, is_loop length: 45
[INFO] [1787289871.223885, 200.700000]: Send new plan: 8 7 6 5 4 3 9 15  ---> 16 10 11 35 37 20 19 15(L) 19 23 29 30 24 25 31 32 26 27 33 34 28 22 21 38 26(L) 38 36 35(L) 36 12 13 17 18 22(L) 18 14 8(L) 
[INFO] [1787289876.923418, 206.400000]: Really visited vertices: 8 7 6 5 4 3 9 
[INFO] [1787289877.144358, 206.700000]: Replanning request. curr_vertex_idx: 7
[INFO] [1787289877.145213, 206.700000]:                     covered_vertices: ()
[INFO] [1787289877.145914, 206.700000]: Handle local replanning...
[INFO] [1787289877.146575, 206.700000]: curr path length: 45, is_loop length: 45
[INFO] [1787289877.147169, 206.700000]: Send new plan: 8 7 6 5 4 3 9 15  ---> 16 10 11 35 37 20 19 15(L) 19 23 29 30 24 25 31 32 26 27 33 34 28 22 21 38 26(L) 38 36 35(L) 36 12 13 17 18 22(L) 18 14 8(L) 
[INFO] [1787289880.184270, 209.700000]: Replanning request. curr_vertex_idx: 7
[INFO] [1787289880.185090, 209.700000]:                     covered_vertices: ()
[INFO] [1787289880.185835, 209.700000]: Handle local replanning...
[INFO] [1787289880.186516, 209.700000]: curr path length: 45, is_loop length: 45
[INFO] [1787289880.187016, 209.700000]: Send new plan: 8 7 6 5 4 3 9 15  ---> 16 10 11 35 37 20 19 15(L) 19 23 29 30 24 25 31 32 26 27 33 34 28 22 21 38 26(L) 38 36 35(L) 36 12 13 17 18 22(L) 18 14 8(L) 
[INFO] [1787289885.693932, 215.200000]: Really visited vertices: 8 7 6 5 4 3 9 15 
[INFO] [1787289886.266000, 215.800000]: Replanning request. curr_vertex_idx: 8
[INFO] [1787289886.266979, 215.800000]:                     covered_vertices: ()
[INFO] [1787289886.267462, 215.800000]: Handle local replanning...
[INFO] [1787289886.267925, 215.800000]: Local path to replan: [16, 10, 11, 35, 37, 20, 19, 15]
Reverse tsp path is better!
[INFO] [1787289886.279058, 215.800000]: curr path length: 45, is_loop length: 45
[INFO] [1787289886.280481, 215.800000]: Send new plan: 8 7 6 5 4 3 9 15 16  ---> 10 11 35 37 20 19 15(L) 19 23 29 30 24 25 31 32 26 27 33 34 28 22 21 38 26(L) 38 36 35(L) 36 12 13 17 18 22(L) 18 14 8(L) 
[INFO] [1787289891.803724, 221.300000]: Really visited vertices: 8 7 6 5 4 3 9 15 
[INFO] [1787289892.169193, 221.700000]: Replanning request. curr_vertex_idx: 8
concorde /tmp/tmp7_c8f832/problem.tsp
Host: msxg  Current process id: 61956
Using random seed 1787289892
Number of Nodes: 16
Explicit Lengths (CC_MATRIXNORM)
Set initial upperbound to 482 (from tour)
ERROR: No dual change in basis finding code
Did not find a basic optimal solution
Fractional matching routine failed
Warning: restarting running timer Miscellaneous
No warmstart, stumbling on anyway
Basic dual change required, but no candidate edges
recomputing rownorms ...
  LP Value  1: 482.000000  (0.00 seconds)
New lower bound: 482.000000
Final lower bound 482.000000, upper bound 482.000000
Exact lower bound: 482.000000
DIFF: 0.000000
Final LP has 16 rows, 23 columns, 46 nonzeros
Optimal Solution: 482.00
Number of bbnodes: 1
Total Running Time: 0.00 (seconds)
concorde /tmp/tmpneehq4nt/problem.tsp
Host: msxg  Current process id: 61970
Using random seed 1787289898
Number of Nodes: 16
Explicit Lengths (CC_MATRIXNORM)
Set initial upperbound to 482 (from tour)
ERROR: No dual change in basis finding code
Did not find a basic optimal solution
Fractional matching routine failed
Warning: restarting running timer Miscellaneous
No warmstart, stumbling on anyway
Basic dual change required, but no candidate edges
recomputing rownorms ...
  LP Value  1: 482.000000  (0.00 seconds)
New lower bound: 482.000000
Final lower bound 482.000000, upper bound 482.000000
Exact lower bound: 482.000000
DIFF: 0.000000
Final LP has 16 rows, 23 columns, 46 nonzeros
Optimal Solution: 482.00
Number of bbnodes: 1
Total Running Time: 0.00 (seconds)
concorde /tmp/tmp9r7bu7tf/problem.tsp
Host: msxg  Current process id: 62005
Using random seed 1787289904
Number of Nodes: 16
Explicit Lengths (CC_MATRIXNORM)
Set initial upperbound to 482 (from tour)
ERROR: No dual change in basis finding code
Did not find a basic optimal solution
Fractional matching routine failed
Warning: restarting running timer Miscellaneous
No warmstart, stumbling on anyway
Basic dual change required, but no candidate edges
recomputing rownorms ...
  LP Value  1: 482.000000  (0.00 seconds)
New lower bound: 482.000000
Final lower bound 482.000000, upper bound 482.000000
Exact lower bound: 482.000000
DIFF: 0.000000
Final LP has 16 rows, 23 columns, 46 nonzeros
Optimal Solution: 482.00
Number of bbnodes: 1
Total Running Time: 0.00 (seconds)
concorde /tmp/tmp79r8nyja/problem.tsp
Host: msxg  Current process id: 62008
Using random seed 1787289910
Number of Nodes: 16
Explicit Lengths (CC_MATRIXNORM)
Set initial upperbound to 482 (from tour)
ERROR: No dual change in basis finding code
Did not find a basic optimal solution
Fractional matching routine failed
Warning: restarting running timer Miscellaneous
No warmstart, stumbling on anyway
Basic dual change required, but no candidate edges
  LP Value  1: 482.000000  (0.00 seconds)
New lower bound: 482.000000
Final lower bound 482.000000, upper bound 482.000000
Exact lower bound: 482.000000
DIFF: 0.000000
Final LP has 16 rows, 19 columns, 38 nonzeros
Optimal Solution: 482.00
Number of bbnodes: 1
Total Running Time: 0.00 (seconds)
concorde /tmp/tmp3fxzqkqr/problem.tsp
Host: msxg  Current process id: 62011
Using random seed 1787289916
Number of Nodes: 16
Explicit Lengths (CC_MATRIXNORM)
Set initial upperbound to 482 (from tour)
ERROR: No dual change in basis finding code
Did not find a basic optimal solution
Fractional matching routine failed
Warning: restarting running timer Miscellaneous
No warmstart, stumbling on anyway
Basic dual change required, but no candidate edges
  LP Value  1: 482.000000  (0.00 seconds)
New lower bound: 482.000000
Final lower bound 482.000000, upper bound 482.000000
Exact lower bound: 482.000000
DIFF: 0.000000
Final LP has 16 rows, 19 columns, 38 nonzeros
Optimal Solution: 482.00
Number of bbnodes: 1
Total Running Time: 0.00 (seconds)
[WARN] [1787289916.315347852, 245.800000000]: No frontier at vertex 16. #Frontier: 0
concorde /tmp/tmp5ht_3dvy/problem.tsp
Host: msxg  Current process id: 62015
Using random seed 1787289922
Number of Nodes: 12
Explicit Lengths (CC_MATRIXNORM)
Set initial upperbound to 456 (from tour)
ERROR: No dual change in basis finding code
Did not find a basic optimal solution
Fractional matching routine failed
Warning: restarting running timer Miscellaneous
No warmstart, stumbling on anyway
Basic dual change required, but no candidate edges
  LP Value  1: 456.000000  (0.00 seconds)
New lower bound: 456.000000
Final lower bound 456.000000, upper bound 456.000000
Exact lower bound: 456.000000
DIFF: 0.000000
Final LP has 12 rows, 15 columns, 30 nonzeros
Optimal Solution: 456.00
Number of bbnodes: 1
Total Running Time: 0.00 (seconds)
concorde /tmp/tmprjnx3x9i/problem.tsp
Host: msxg  Current process id: 62018
Using random seed 1787289928
Number of Nodes: 12
Explicit Lengths (CC_MATRIXNORM)
Set initial upperbound to 456 (from tour)
ERROR: No dual change in basis finding code
Did not find a basic optimal solution
Fractional matching routine failed
Warning: restarting running timer Miscellaneous
No warmstart, stumbling on anyway
Basic dual change required, but no candidate edges
  LP Value  1: 456.000000  (0.00 seconds)
New lower bound: 456.000000
Final lower bound 456.000000, upper bound 456.000000
Exact lower bound: 456.000000
DIFF: 0.000000
Final LP has 12 rows, 14 columns, 28 nonzeros
Optimal Solution: 456.00
Number of bbnodes: 1
Total Running Time: 0.00 (seconds)
concorde /tmp/tmpr7g1jcnw/problem.tsp
Host: msxg  Current process id: 62051
Using random seed 1787289934
Number of Nodes: 12
Explicit Lengths (CC_MATRIXNORM)
Set initial upperbound to 456 (from tour)
ERROR: No dual change in basis finding code
Did not find a basic optimal solution
Fractional matching routine failed
Warning: restarting running timer Miscellaneous
No warmstart, stumbling on anyway
Basic dual change required, but no candidate edges
  LP Value  1: 456.000000  (0.00 seconds)
New lower bound: 456.000000
Final lower bound 456.000000, upper bound 456.000000
Exact lower bound: 456.000000
DIFF: 0.000000
Final LP has 12 rows, 15 columns, 30 nonzeros
Optimal Solution: 456.00
Number of bbnodes: 1
Total Running Time: 0.00 (seconds)
concorde /tmp/tmpy4hppmu5/problem.tsp
Host: msxg  Current process id: 62054
Using random seed 1787289940
Number of Nodes: 12
Explicit Lengths (CC_MATRIXNORM)
Set initial upperbound to 456 (from tour)
ERROR: No dual change in basis finding code
Did not find a basic optimal solution
Fractional matching routine failed
Warning: restarting running timer Miscellaneous
No warmstart, stumbling on anyway
Basic dual change required, but no candidate edges
  LP Value  1: 456.000000  (0.00 seconds)
New lower bound: 456.000000
Final lower bound 456.000000, upper bound 456.000000
Exact lower bound: 456.000000
DIFF: 0.000000
Final LP has 12 rows, 15 columns, 30 nonzeros
Optimal Solution: 456.00
Number of bbnodes: 1
Total Running Time: 0.00 (seconds)
concorde /tmp/tmpk9gqo8gy/problem.tsp
Host: msxg  Current process id: 62058
Using random seed 1787289946
Number of Nodes: 12
Explicit Lengths (CC_MATRIXNORM)
Set initial upperbound to 456 (from tour)
ERROR: No dual change in basis finding code
Did not find a basic optimal solution
Fractional matching routine failed
Warning: restarting running timer Miscellaneous
No warmstart, stumbling on anyway
Basic dual change required, but no candidate edges
  LP Value  1: 456.000000  (-0.00 seconds)
New lower bound: 456.000000
Final lower bound 456.000000, upper bound 456.000000
Exact lower bound: 456.000000
DIFF: 0.000000
Final LP has 12 rows, 14 columns, 28 nonzeros
Optimal Solution: 456.00
Number of bbnodes: 1
Total Running Time: 0.00 (seconds)
concorde /tmp/tmp2f_e8mzx/problem.tsp
Host: msxg  Current process id: 62061
Using random seed 1787289952
Number of Nodes: 12
Explicit Lengths (CC_MATRIXNORM)
Set initial upperbound to 456 (from tour)
ERROR: No dual change in basis finding code
Did not find a basic optimal solution
Fractional matching routine failed
Warning: restarting running timer Miscellaneous
No warmstart, stumbling on anyway
Basic dual change required, but no candidate edges
  LP Value  1: 456.000000  (0.00 seconds)
New lower bound: 456.000000
Final lower bound 456.000000, upper bound 456.000000
Exact lower bound: 456.000000
DIFF: 0.000000
Final LP has 12 rows, 14 columns, 28 nonzeros
Optimal Solution: 456.00
Number of bbnodes: 1
Total Running Time: 0.00 (seconds)
[WARN] [1787289952.339246953, 281.900000000]: No frontier at vertex 11. #Frontier: 0
concorde /tmp/tmpy9x3y08g/problem.tsp
Host: msxg  Current process id: 62064
Using random seed 1787289958
Number of Nodes: 10
Explicit Lengths (CC_MATRIXNORM)
Set initial upperbound to 368 (from tour)
ERROR: No dual change in basis finding code
Did not find a basic optimal solution
Fractional matching routine failed
Warning: restarting running timer Miscellaneous
No warmstart, stumbling on anyway
Basic dual change required, but no candidate edges
recomputing rownorms ...
  LP Value  1: 368.000000  (0.00 seconds)
New lower bound: 368.000000
Final lower bound 368.000000, upper bound 368.000000
Exact lower bound: 368.000000
DIFF: 0.000000
Final LP has 10 rows, 10 columns, 20 nonzeros
Optimal Solution: 368.00
Number of bbnodes: 1
Total Running Time: 0.00 (seconds)
[INFO] [1787289892.170053, 221.700000]:                     covered_vertices: ()
[INFO] [1787289892.170908, 221.700000]: Handle local replanning...
[INFO] [1787289892.171475, 221.700000]: Local path to replan: [16, 10, 11, 35, 37, 20, 19, 15]
Reverse tsp path is better!
[INFO] [1787289892.182073, 221.700000]: curr path length: 45, is_loop length: 45
[INFO] [1787289892.183282, 221.700000]: Send new plan: 8 7 6 5 4 3 9 15 16  ---> 10 11 35 37 20 19 15(L) 19 23 29 30 24 25 31 32 26 27 33 34 28 22 21 38 26(L) 38 36 35(L) 36 12 13 17 18 22(L) 18 14 8(L) 
[INFO] [1787289898.219863, 227.700000]: Replanning request. curr_vertex_idx: 8
[INFO] [1787289898.220623, 227.700000]:                     covered_vertices: ()
[INFO] [1787289898.221201, 227.700000]: Handle local replanning...
[INFO] [1787289898.221710, 227.700000]: Local path to replan: [16, 10, 11, 35, 37, 20, 19, 15]
Reverse tsp path is better!
[INFO] [1787289898.232032, 227.700000]: curr path length: 45, is_loop length: 45
[INFO] [1787289898.233314, 227.700000]: Send new plan: 8 7 6 5 4 3 9 15 16  ---> 10 11 35 37 20 19 15(L) 19 23 29 30 24 25 31 32 26 27 33 34 28 22 21 38 26(L) 38 36 35(L) 36 12 13 17 18 22(L) 18 14 8(L) 
[INFO] [1787289904.215700, 233.700000]: Replanning request. curr_vertex_idx: 8
[INFO] [1787289904.216730, 233.700000]:                     covered_vertices: ()
[INFO] [1787289904.217279, 233.700000]: Handle local replanning...
[INFO] [1787289904.217803, 233.700000]: Local path to replan: [16, 10, 11, 35, 37, 20, 19, 15]
Reverse tsp path is better!
[INFO] [1787289904.227460, 233.700000]: curr path length: 45, is_loop length: 45
[INFO] [1787289904.228669, 233.700000]: Send new plan: 8 7 6 5 4 3 9 15 16  ---> 10 11 35 37 20 19 15(L) 19 23 29 30 24 25 31 32 26 27 33 34 28 22 21 38 26(L) 38 36 35(L) 36 12 13 17 18 22(L) 18 14 8(L) 
[INFO] [1787289910.317739, 239.800000]: Replanning request. curr_vertex_idx: 8
[INFO] [1787289910.318600, 239.800000]:                     covered_vertices: ()
[INFO] [1787289910.319272, 239.800000]: Handle local replanning...
[INFO] [1787289910.319761, 239.800000]: Local path to replan: [16, 10, 11, 35, 37, 20, 19, 15]
Reverse tsp path is better!
[INFO] [1787289910.330498, 239.800000]: curr path length: 45, is_loop length: 45
[INFO] [1787289910.331596, 239.800000]: Send new plan: 8 7 6 5 4 3 9 15 16  ---> 10 11 35 37 20 19 15(L) 19 23 29 30 24 25 31 32 26 27 33 34 28 22 21 38 26(L) 38 36 35(L) 36 12 13 17 18 22(L) 18 14 8(L) 
[INFO] [1787289915.587931, 245.100000]: Really visited vertices: 8 7 6 5 4 3 9 15 16 
[INFO] [1787289916.300176, 245.800000]: Replanning request. curr_vertex_idx: 8
[INFO] [1787289916.301008, 245.800000]:                     covered_vertices: ()
[INFO] [1787289916.301683, 245.800000]: Handle local replanning...
[INFO] [1787289916.302156, 245.800000]: Local path to replan: [16, 10, 11, 35, 37, 20, 19, 15]
Reverse tsp path is better!
[INFO] [1787289916.313150, 245.800000]: curr path length: 45, is_loop length: 45
[INFO] [1787289916.314413, 245.800000]: Send new plan: 8 7 6 5 4 3 9 15 16  ---> 10 11 35 37 20 19 15(L) 19 23 29 30 24 25 31 32 26 27 33 34 28 22 21 38 26(L) 38 36 35(L) 36 12 13 17 18 22(L) 18 14 8(L) 
[INFO] [1787289921.001834, 250.500000]: Really visited vertices: 8 7 6 5 4 3 9 15 16 
[INFO] [1787289922.302670, 251.800000]: Replanning request. curr_vertex_idx: 10
[INFO] [1787289922.303782, 251.800000]:                     covered_vertices: ()
[INFO] [1787289922.304362, 251.800000]: Handle local replanning...
[INFO] [1787289922.305001, 251.800000]: Local path to replan: [11, 35, 37, 20, 19, 15]
Original tsp path is better!
[INFO] [1787289922.314355, 251.800000]: curr path length: 45, is_loop length: 45
[INFO] [1787289922.315258, 251.800000]: Send new plan: 8 7 6 5 4 3 9 15 16 10 11  ---> 35 37 20 19 15(L) 19 23 29 30 24 25 31 32 26 27 33 34 28 22 21 38 26(L) 38 36 35(L) 36 12 13 17 18 22(L) 18 14 8(L) 
[INFO] [1787289927.496031, 257.000000]: Really visited vertices: 8 7 6 5 4 3 9 15 16 
[INFO] [1787289928.309169, 257.800000]: Replanning request. curr_vertex_idx: 10
[INFO] [1787289928.310153, 257.800000]:                     covered_vertices: ()
[INFO] [1787289928.310781, 257.800000]: Handle local replanning...
[INFO] [1787289928.311476, 257.800000]: Local path to replan: [11, 35, 37, 20, 19, 15]
Reverse tsp path is better!
[INFO] [1787289928.321245, 257.800000]: curr path length: 45, is_loop length: 45
[INFO] [1787289928.322279, 257.800000]: Send new plan: 8 7 6 5 4 3 9 15 16 10 11  ---> 35 37 20 19 15(L) 19 23 29 30 24 25 31 32 26 27 33 34 28 22 21 38 26(L) 38 36 35(L) 36 12 13 17 18 22(L) 18 14 8(L) 
[INFO] [1787289933.197819, 262.700000]: Really visited vertices: 8 7 6 5 4 3 9 15 16 
[INFO] [1787289934.191861, 263.700000]: Replanning request. curr_vertex_idx: 10
[INFO] [1787289934.192767, 263.700000]:                     covered_vertices: ()
[INFO] [1787289934.193543, 263.700000]: Handle local replanning...
[INFO] [1787289934.194131, 263.700000]: Local path to replan: [11, 35, 37, 20, 19, 15]
Original tsp path is better!
[INFO] [1787289934.204940, 263.700000]: curr path length: 45, is_loop length: 45
[INFO] [1787289934.206339, 263.700000]: Send new plan: 8 7 6 5 4 3 9 15 16 10 11  ---> 35 37 20 19 15(L) 19 23 29 30 24 25 31 32 26 27 33 34 28 22 21 38 26(L) 38 36 35(L) 36 12 13 17 18 22(L) 18 14 8(L) 
[INFO] [1787289939.693516, 269.200000]: Really visited vertices: 8 7 6 5 4 3 9 15 16 10 
[INFO] [1787289940.208142, 269.700000]: Replanning request. curr_vertex_idx: 10
[INFO] [1787289940.209117, 269.700000]:                     covered_vertices: ()
[INFO] [1787289940.209763, 269.700000]: Handle local replanning...
[INFO] [1787289940.210495, 269.700000]: Local path to replan: [11, 35, 37, 20, 19, 15]
Original tsp path is better!
[INFO] [1787289940.221058, 269.700000]: curr path length: 45, is_loop length: 45
[INFO] [1787289940.222230, 269.700000]: Send new plan: 8 7 6 5 4 3 9 15 16 10 11  ---> 35 37 20 19 15(L) 19 23 29 30 24 25 31 32 26 27 33 34 28 22 21 38 26(L) 38 36 35(L) 36 12 13 17 18 22(L) 18 14 8(L) 
[INFO] [1787289945.811913, 275.300000]: Really visited vertices: 8 7 6 5 4 3 9 15 16 10 
[INFO] [1787289946.197665, 275.700000]: Replanning request. curr_vertex_idx: 10
[INFO] [1787289946.198426, 275.700000]:                     covered_vertices: ()
[INFO] [1787289946.198946, 275.700000]: Handle local replanning...
[INFO] [1787289946.199358, 275.700000]: Local path to replan: [11, 35, 37, 20, 19, 15]
Reverse tsp path is better!
[INFO] [1787289946.208745, 275.700000]: curr path length: 45, is_loop length: 45
[INFO] [1787289946.209562, 275.700000]: Send new plan: 8 7 6 5 4 3 9 15 16 10 11  ---> 35 37 20 19 15(L) 19 23 29 30 24 25 31 32 26 27 33 34 28 22 21 38 26(L) 38 36 35(L) 36 12 13 17 18 22(L) 18 14 8(L) 
[INFO] [1787289951.342026, 280.900000]: Really visited vertices: 8 7 6 5 4 3 9 15 16 10 11 
[INFO] [1787289952.323573, 281.800000]: Replanning request. curr_vertex_idx: 10
[INFO] [1787289952.324581, 281.800000]:                     covered_vertices: ()
[INFO] [1787289952.325183, 281.800000]: Handle local replanning...
[INFO] [1787289952.325949, 281.800000]: Local path to replan: [11, 35, 37, 20, 19, 15]
Reverse tsp path is better!
[INFO] [1787289952.337015, 281.900000]: curr path length: 45, is_loop length: 45
[INFO] [1787289952.338146, 281.900000]: Send new plan: 8 7 6 5 4 3 9 15 16 10 11  ---> 35 37 20 19 15(L) 19 23 29 30 24 25 31 32 26 27 33 34 28 22 21 38 26(L) 38 36 35(L) 36 12 13 17 18 22(L) 18 14 8(L) 
[INFO] [1787289958.247355, 287.800000]: Replanning request. curr_vertex_idx: 11
[INFO] [1787289958.248099, 287.800000]:                     covered_vertices: ()
[INFO] [1787289958.248625, 287.800000]: Handle local replanning...
[INFO] [1787289958.249049, 287.800000]: Local path to replan: [35, 37, 20, 19, 15]
Original tsp path is better!
[INFO] [1787289958.259464, 287.800000]: curr path length: 45, is_loop length: 45
[INFO] [1787289958.260804, 287.800000]: Send new plan: 8 7 6 5 4 3 9 15 16 10 11 35  ---> 37 20 19 15(L) 19 23 29 30 24 25 31 32 26 27 33 34 28 22 21 38 26(L) 38 36 35(L) 36 12 13 17 18 22(L) 18 14 8(L) 
[INFO] [1787289964.248480, 293.800000]: Replanning request. curr_vertex_idx: 11
concorde /tmp/tmp9fmga94v/problem.tsp
Host: msxg  Current process id: 62099
Using random seed 1787289964
Number of Nodes: 10
Explicit Lengths (CC_MATRIXNORM)
Set initial upperbound to 368 (from tour)
ERROR: No dual change in basis finding code
Did not find a basic optimal solution
Fractional matching routine failed
Warning: restarting running timer Miscellaneous
No warmstart, stumbling on anyway
Basic dual change required, but no candidate edges
recomputing rownorms ...
  LP Value  1: 368.000000  (0.00 seconds)
New lower bound: 368.000000
Final lower bound 368.000000, upper bound 368.000000
Exact lower bound: 368.000000
DIFF: 0.000000
Final LP has 10 rows, 10 columns, 20 nonzeros
Optimal Solution: 368.00
Number of bbnodes: 1
Total Running Time: 0.00 (seconds)
concorde /tmp/tmp8z18iibw/problem.tsp
Host: msxg  Current process id: 62106
Using random seed 1787289970
Number of Nodes: 10
Explicit Lengths (CC_MATRIXNORM)
Set initial upperbound to 368 (from tour)
ERROR: No dual change in basis finding code
Did not find a basic optimal solution
Fractional matching routine failed
Warning: restarting running timer Miscellaneous
No warmstart, stumbling on anyway
Basic dual change required, but no candidate edges
recomputing rownorms ...
  LP Value  1: 368.000000  (0.00 seconds)
New lower bound: 368.000000
Final lower bound 368.000000, upper bound 368.000000
Exact lower bound: 368.000000
DIFF: 0.000000
Final LP has 10 rows, 10 columns, 20 nonzeros
Optimal Solution: 368.00
Number of bbnodes: 1
Total Running Time: 0.00 (seconds)
concorde /tmp/tmp2nm4w4xy/problem.tsp
Host: msxg  Current process id: 62109
Using random seed 1787289976
Number of Nodes: 10
Explicit Lengths (CC_MATRIXNORM)
Set initial upperbound to 368 (from tour)
ERROR: No dual change in basis finding code
Did not find a basic optimal solution
Fractional matching routine failed
Warning: restarting running timer Miscellaneous
No warmstart, stumbling on anyway
Basic dual change required, but no candidate edges
recomputing rownorms ...
  LP Value  1: 368.000000  (-0.00 seconds)
New lower bound: 368.000000
Final lower bound 368.000000, upper bound 368.000000
Exact lower bound: 368.000000
DIFF: 0.000000
Final LP has 10 rows, 10 columns, 20 nonzeros
Optimal Solution: 368.00
Number of bbnodes: 1
Total Running Time: 0.00 (seconds)
concorde /tmp/tmpfwapav_6/problem.tsp
Host: msxg  Current process id: 62112
Using random seed 1787289982
Number of Nodes: 10
Explicit Lengths (CC_MATRIXNORM)
Set initial upperbound to 368 (from tour)
ERROR: No dual change in basis finding code
Did not find a basic optimal solution
Fractional matching routine failed
Warning: restarting running timer Miscellaneous
No warmstart, stumbling on anyway
Basic dual change required, but no candidate edges
recomputing rownorms ...
  LP Value  1: 368.000000  (0.00 seconds)
New lower bound: 368.000000
Final lower bound 368.000000, upper bound 368.000000
Exact lower bound: 368.000000
DIFF: 0.000000
Final LP has 10 rows, 10 columns, 20 nonzeros
Optimal Solution: 368.00
Number of bbnodes: 1
Total Running Time: 0.00 (seconds)
concorde /tmp/tmpnu_9m228/problem.tsp
Host: msxg  Current process id: 62115
Using random seed 1787289988
Number of Nodes: 10
Explicit Lengths (CC_MATRIXNORM)
Set initial upperbound to 368 (from tour)
ERROR: No dual change in basis finding code
Did not find a basic optimal solution
Fractional matching routine failed
Warning: restarting running timer Miscellaneous
No warmstart, stumbling on anyway
Basic dual change required, but no candidate edges
  LP Value  1: 368.000000  (0.00 seconds)
New lower bound: 368.000000
Final lower bound 368.000000, upper bound 368.000000
Exact lower bound: 368.000000
DIFF: 0.000000
Final LP has 10 rows, 11 columns, 22 nonzeros
Optimal Solution: 368.00
Number of bbnodes: 1
Total Running Time: 0.00 (seconds)
[WARN] [1787289988.233170603, 317.700000000]: No frontier at vertex 35. #Frontier: 0
concorde /tmp/tmp7hluys37/problem.tsp
Host: msxg  Current process id: 62145
Using random seed 1787289994
Number of Nodes: 8
Explicit Lengths (CC_MATRIXNORM)
Optimal Solution: 331.00
Total Running Time: 0.00 (seconds)
concorde /tmp/tmpjxv70jir/problem.tsp
Host: msxg  Current process id: 62151
Using random seed 1787290000
Number of Nodes: 8
Explicit Lengths (CC_MATRIXNORM)
Optimal Solution: 331.00
Total Running Time: 0.00 (seconds)
concorde /tmp/tmpfbatiw_e/problem.tsp
Host: msxg  Current process id: 62155
Using random seed 1787290006
Number of Nodes: 8
Explicit Lengths (CC_MATRIXNORM)
Optimal Solution: 331.00
Total Running Time: 0.00 (seconds)
concorde /tmp/tmpd1j1t7v4/problem.tsp
Host: msxg  Current process id: 62158
Using random seed 1787290012
Number of Nodes: 8
Explicit Lengths (CC_MATRIXNORM)
Optimal Solution: 331.00
Total Running Time: 0.00 (seconds)
concorde /tmp/tmphhy3rs00/problem.tsp
Host: msxg  Current process id: 62161
Using random seed 1787290018
Number of Nodes: 8
Explicit Lengths (CC_MATRIXNORM)
Optimal Solution: 331.00
Total Running Time: 0.00 (seconds)
concorde /tmp/tmpwcw1zdij/problem.tsp
Host: msxg  Current process id: 62195
Using random seed 1787290024
Number of Nodes: 8
Explicit Lengths (CC_MATRIXNORM)
Optimal Solution: 331.00
Total Running Time: 0.00 (seconds)
concorde /tmp/tmpcq2zx28q/problem.tsp
Host: msxg  Current process id: 62201
Using random seed 1787290030
Number of Nodes: 8
Explicit Lengths (CC_MATRIXNORM)
Optimal Solution: 331.00
Total Running Time: 0.00 (seconds)
concorde /tmp/tmp_xzynxg_/problem.tsp
Host: msxg  Current process id: 62206
Using random seed 1787290036
Number of Nodes: 6
Explicit Lengths (CC_MATRIXNORM)
Optimal Solution: 216.00
Total Running Time: 0.00 (seconds)
[INFO] [1787289964.249463, 293.800000]:                     covered_vertices: ()
[INFO] [1787289964.250227, 293.800000]: Handle local replanning...
[INFO] [1787289964.250882, 293.800000]: Local path to replan: [35, 37, 20, 19, 15]
Original tsp path is better!
[INFO] [1787289964.260991, 293.800000]: curr path length: 45, is_loop length: 45
[INFO] [1787289964.262108, 293.800000]: Send new plan: 8 7 6 5 4 3 9 15 16 10 11 35  ---> 37 20 19 15(L) 19 23 29 30 24 25 31 32 26 27 33 34 28 22 21 38 26(L) 38 36 35(L) 36 12 13 17 18 22(L) 18 14 8(L) 
[INFO] [1787289970.255100, 299.800000]: Replanning request. curr_vertex_idx: 11
[INFO] [1787289970.256069, 299.800000]:                     covered_vertices: ()
[INFO] [1787289970.256930, 299.800000]: Handle local replanning...
[INFO] [1787289970.257626, 299.800000]: Local path to replan: [35, 37, 20, 19, 15]
Original tsp path is better!
[INFO] [1787289970.268002, 299.800000]: curr path length: 45, is_loop length: 45
[INFO] [1787289970.269276, 299.800000]: Send new plan: 8 7 6 5 4 3 9 15 16 10 11 35  ---> 37 20 19 15(L) 19 23 29 30 24 25 31 32 26 27 33 34 28 22 21 38 26(L) 38 36 35(L) 36 12 13 17 18 22(L) 18 14 8(L) 
[INFO] [1787289975.148334, 304.700000]: Really visited vertices: 8 7 6 5 4 3 9 15 16 10 11 
[INFO] [1787289976.221791, 305.700000]: Replanning request. curr_vertex_idx: 11
[INFO] [1787289976.222669, 305.700000]:                     covered_vertices: ()
[INFO] [1787289976.223286, 305.700000]: Handle local replanning...
[INFO] [1787289976.223809, 305.700000]: Local path to replan: [35, 37, 20, 19, 15]
Original tsp path is better!
[INFO] [1787289976.233354, 305.700000]: curr path length: 45, is_loop length: 45
[INFO] [1787289976.234699, 305.700000]: Send new plan: 8 7 6 5 4 3 9 15 16 10 11 35  ---> 37 20 19 15(L) 19 23 29 30 24 25 31 32 26 27 33 34 28 22 21 38 26(L) 38 36 35(L) 36 12 13 17 18 22(L) 18 14 8(L) 
[INFO] [1787289981.638338, 311.200000]: Really visited vertices: 8 7 6 5 4 3 9 15 16 10 11 
[INFO] [1787289982.362974, 311.900000]: Replanning request. curr_vertex_idx: 11
[INFO] [1787289982.363782, 311.900000]:                     covered_vertices: ()
[INFO] [1787289982.364265, 311.900000]: Handle local replanning...
[INFO] [1787289982.364673, 311.900000]: Local path to replan: [35, 37, 20, 19, 15]
Original tsp path is better!
[INFO] [1787289982.374714, 311.900000]: curr path length: 45, is_loop length: 45
[INFO] [1787289982.375724, 311.900000]: Send new plan: 8 7 6 5 4 3 9 15 16 10 11 35  ---> 37 20 19 15(L) 19 23 29 30 24 25 31 32 26 27 33 34 28 22 21 38 26(L) 38 36 35(L) 36 12 13 17 18 22(L) 18 14 8(L) 
[INFO] [1787289987.117330, 316.600000]: Really visited vertices: 8 7 6 5 4 3 9 15 16 10 11 35 
[INFO] [1787289988.218423, 317.700000]: Replanning request. curr_vertex_idx: 11
[INFO] [1787289988.219478, 317.700000]:                     covered_vertices: ()
[INFO] [1787289988.220181, 317.700000]: Handle local replanning...
[INFO] [1787289988.220868, 317.700000]: Local path to replan: [35, 37, 20, 19, 15]
Reverse tsp path is better!
[INFO] [1787289988.230503, 317.700000]: curr path length: 45, is_loop length: 45
[INFO] [1787289988.232002, 317.700000]: Send new plan: 8 7 6 5 4 3 9 15 16 10 11 35  ---> 37 20 19 15(L) 19 23 29 30 24 25 31 32 26 27 33 34 28 22 21 38 26(L) 38 36 35(L) 36 12 13 17 18 22(L) 18 14 8(L) 
[INFO] [1787289994.307114, 323.800000]: Replanning request. curr_vertex_idx: 12
[INFO] [1787289994.308026, 323.800000]:                     covered_vertices: ()
[INFO] [1787289994.308766, 323.800000]: Handle local replanning...
[INFO] [1787289994.309576, 323.800000]: Local path to replan: [37, 20, 19, 15]
Reverse tsp path is better!
[INFO] [1787289994.321223, 323.800000]: curr path length: 45, is_loop length: 45
[INFO] [1787289994.322955, 323.800000]: Send new plan: 8 7 6 5 4 3 9 15 16 10 11 35 37  ---> 20 19 15(L) 19 23 29 30 24 25 31 32 26 27 33 34 28 22 21 38 26(L) 38 36 35(L) 36 12 13 17 18 22(L) 18 14 8(L) 
[INFO] [1787290000.446807, 330.000000]: Replanning request. curr_vertex_idx: 12
[INFO] [1787290000.447812, 330.000000]:                     covered_vertices: ()
[INFO] [1787290000.448538, 330.000000]: Handle local replanning...
[INFO] [1787290000.449168, 330.000000]: Local path to replan: [37, 20, 19, 15]
Reverse tsp path is better!
[INFO] [1787290000.457153, 330.000000]: curr path length: 45, is_loop length: 45
[INFO] [1787290000.458247, 330.000000]: Send new plan: 8 7 6 5 4 3 9 15 16 10 11 35 37  ---> 20 19 15(L) 19 23 29 30 24 25 31 32 26 27 33 34 28 22 21 38 26(L) 38 36 35(L) 36 12 13 17 18 22(L) 18 14 8(L) 
[INFO] [1787290006.460885, 336.000000]: Replanning request. curr_vertex_idx: 12
[INFO] [1787290006.461784, 336.000000]:                     covered_vertices: ()
[INFO] [1787290006.462512, 336.000000]: Handle local replanning...
[INFO] [1787290006.463089, 336.000000]: Local path to replan: [37, 20, 19, 15]
Reverse tsp path is better!
[INFO] [1787290006.471088, 336.000000]: curr path length: 45, is_loop length: 45
[INFO] [1787290006.471838, 336.000000]: Send new plan: 8 7 6 5 4 3 9 15 16 10 11 35 37  ---> 20 19 15(L) 19 23 29 30 24 25 31 32 26 27 33 34 28 22 21 38 26(L) 38 36 35(L) 36 12 13 17 18 22(L) 18 14 8(L) 
[INFO] [1787290011.220077, 340.700000]: Really visited vertices: 8 7 6 5 4 3 9 15 16 10 11 35 
[INFO] [1787290012.248871, 341.800000]: Replanning request. curr_vertex_idx: 12
[INFO] [1787290012.249675, 341.800000]:                     covered_vertices: ()
[INFO] [1787290012.250219, 341.800000]: Handle local replanning...
[INFO] [1787290012.250729, 341.800000]: Local path to replan: [37, 20, 19, 15]
Reverse tsp path is better!
[INFO] [1787290012.259766, 341.800000]: curr path length: 45, is_loop length: 45
[INFO] [1787290012.260825, 341.800000]: Send new plan: 8 7 6 5 4 3 9 15 16 10 11 35 37  ---> 20 19 15(L) 19 23 29 30 24 25 31 32 26 27 33 34 28 22 21 38 26(L) 38 36 35(L) 36 12 13 17 18 22(L) 18 14 8(L) 
[INFO] [1787290018.285839, 347.800000]: Replanning request. curr_vertex_idx: 12
[INFO] [1787290018.286824, 347.800000]:                     covered_vertices: ()
[INFO] [1787290018.287575, 347.800000]: Handle local replanning...
[INFO] [1787290018.288266, 347.800000]: Local path to replan: [37, 20, 19, 15]
Reverse tsp path is better!
[INFO] [1787290018.296810, 347.800000]: curr path length: 45, is_loop length: 45
[INFO] [1787290018.298021, 347.800000]: Send new plan: 8 7 6 5 4 3 9 15 16 10 11 35 37  ---> 20 19 15(L) 19 23 29 30 24 25 31 32 26 27 33 34 28 22 21 38 26(L) 38 36 35(L) 36 12 13 17 18 22(L) 18 14 8(L) 
[INFO] [1787290024.296022, 353.800000]: Replanning request. curr_vertex_idx: 12
[INFO] [1787290024.296865, 353.800000]:                     covered_vertices: ()
[INFO] [1787290024.297341, 353.800000]: Handle local replanning...
[INFO] [1787290024.297838, 353.800000]: Local path to replan: [37, 20, 19, 15]
Reverse tsp path is better!
[INFO] [1787290024.307008, 353.800000]: curr path length: 45, is_loop length: 45
[INFO] [1787290024.308079, 353.800000]: Send new plan: 8 7 6 5 4 3 9 15 16 10 11 35 37  ---> 20 19 15(L) 19 23 29 30 24 25 31 32 26 27 33 34 28 22 21 38 26(L) 38 36 35(L) 36 12 13 17 18 22(L) 18 14 8(L) 
[INFO] [1787290030.294024, 359.800000]: Replanning request. curr_vertex_idx: 12
[INFO] [1787290030.295139, 359.800000]:                     covered_vertices: ()
[INFO] [1787290030.295779, 359.800000]: Handle local replanning...
[INFO] [1787290030.296230, 359.800000]: Local path to replan: [37, 20, 19, 15]
Original tsp path is better!
[INFO] [1787290030.304489, 359.800000]: curr path length: 45, is_loop length: 45
[INFO] [1787290030.305529, 359.800000]: Send new plan: 8 7 6 5 4 3 9 15 16 10 11 35 37  ---> 20 19 15(L) 19 23 29 30 24 25 31 32 26 27 33 34 28 22 21 38 26(L) 38 36 35(L) 36 12 13 17 18 22(L) 18 14 8(L) 
[INFO] [1787290036.311224, 365.800000]: Replanning request. curr_vertex_idx: 13
[INFO] [1787290036.312124, 365.800000]:                     covered_vertices: ()
[INFO] [1787290036.312614, 365.800000]: Handle local replanning...
[INFO] [1787290036.313245, 365.800000]: Local path to replan: [20, 19, 15]
Reverse tsp path is better!
[INFO] [1787290036.320986, 365.800000]: curr path length: 45, is_loop length: 45
3.600000000]: Set newGoal 9
[INFO] [1787289820.104510246, 149.600000000]: Call local replanning...
[INFO] [1787289826.132252404, 155.600000000]: Call local replanning...
[INFO] [1787289832.152862030, 161.700000000]: Call local replanning...
[INFO] [1787289832.157145832, 161.700000000]: Reach vertex 9
[INFO] [1787289832.159052280, 161.700000000]: Explore Goal 9 's frontiers...
[INFO] [1787289835.231428394, 164.700000000]: Call local replanning...
[INFO] [1787289835.236152087, 164.700000000]: Set newGoal 15
[INFO] [1787289841.219758420, 170.700000000]: Call local replanning...
[INFO] [1787289847.245880093, 176.800000000]: Call local replanning...
[INFO] [1787289853.215807451, 182.700000000]: Call local replanning...
[INFO] [1787289859.169223626, 188.700000000]: Call local replanning...
[INFO] [1787289865.272542660, 194.800000000]: Call local replanning...
[INFO] [1787289871.220816737, 200.700000000]: Call local replanning...
[INFO] [1787289877.143292356, 206.700000000]: Call local replanning...
[INFO] [1787289877.148070924, 206.700000000]: Reach vertex 15
[INFO] [1787289877.150690856, 206.700000000]: Explore Goal 15 's frontiers...
[INFO] [1787289880.183256246, 209.700000000]: Call local replanning...
[INFO] [1787289880.187698143, 209.700000000]: Set newGoal 16
[INFO] [1787289880.187711618, 209.700000000]: Find middle goal point.
[INFO] [1787289886.264800237, 215.800000000]: Call local replanning...
[INFO] [1787289892.167869148, 221.700000000]: Call local replanning...
[INFO] [1787289898.218855484, 227.700000000]: Call local replanning...
[INFO] [1787289904.214432443, 233.700000000]: Call local replanning...
[INFO] [1787289910.316603983, 239.800000000]: Call local replanning...
[INFO] [1787289910.332566999, 239.800000000]: Reach vertex 16
[INFO] [1787289910.366330926, 239.900000000]: Explore Goal 16 's frontiers...
[INFO] [1787289916.298898393, 245.800000000]: Call local replanning...
[INFO] [1787289916.315382555, 245.800000000]: Skip repeated visit to vertex 10
[INFO] [1787289916.315389227, 245.800000000]: Set newGoal 11
[INFO] [1787289922.301240700, 251.800000000]: Call local replanning...
[INFO] [1787289928.307867328, 257.800000000]: Call local replanning...
[INFO] [1787289934.190819606, 263.700000000]: Call local replanning...
[INFO] [1787289940.206849263, 269.700000000]: Call local replanning...
[INFO] [1787289946.196589391, 275.700000000]: Call local replanning...
[INFO] [1787289946.210512837, 275.700000000]: Reach vertex 11
[INFO] [1787289946.214965363, 275.700000000]: Explore Goal 11 's frontiers...
[INFO] [1787289952.322353135, 281.800000000]: Call local replanning...
[INFO] [1787289952.339295730, 281.900000000]: Set newGoal 35
[INFO] [1787289958.246297380, 287.800000000]: Call local replanning...
[INFO] [1787289964.247092239, 293.800000000]: Call local replanning...
[INFO] [1787289970.253959714, 299.800000000]: Call local replanning...
[INFO] [1787289976.220456761, 305.700000000]: Call local replanning...
[INFO] [1787289982.361820135, 311.900000000]: Call local replanning...
[INFO] [1787289982.376743213, 311.900000000]: Reach vertex 35
[INFO] [1787289982.383530380, 311.900000000]: Explore Goal 35 's frontiers...
[INFO] [1787289988.216987672, 317.700000000]: Call local replanning...
[INFO] [1787289988.233197366, 317.700000000]: Set newGoal 37
[INFO] [1787289994.306099975, 323.800000000]: Call local replanning...
[INFO] [1787290000.445536451, 330.000000000]: Call local replanning...
[INFO] [1787290006.459652936, 336.000000000]: Call local replanning...
[INFO] [1787290012.247886697, 341.800000000]: Call local replanning...
[INFO] [1787290018.284598538, 347.800000000]: Call local replanning...
[INFO] [1787290024.294943806, 353.800000000]: Call local replanning...
[INFO] [1787290030.292939630, 359.800000000]: Call local replanning...
[INFO] [1787290030.306541292, 359.800000000]: Skip currGoal 37 that has no frontier and seen by robot
[INFO] [1787290030.306563258, 359.800000000]: Set newGoal 20
[INFO] [1787290036.309939881, 365.800000000]: Call local replanning...
[INFO] [1787290042.305292998, 371.800000000]: Call locaconcorde /tmp/tmptuz73gbw/problem.tsp
Host: msxg  Current process id: 62220
Using random seed 1787290042
Number of Nodes: 6
Explicit Lengths (CC_MATRIXNORM)
Optimal Solution: 216.00
Total Running Time: 0.00 (seconds)
concorde /tmp/tmp6q1a3zmd/problem.tsp
Host: msxg  Current process id: 62223
Using random seed 1787290048
Number of Nodes: 6
Explicit Lengths (CC_MATRIXNORM)
Optimal Solution: 216.00
Total Running Time: 0.00 (seconds)
concorde /tmp/tmpn2fmwyhh/problem.tsp
Host: msxg  Current process id: 62253
Using random seed 1787290054
Number of Nodes: 6
Explicit Lengths (CC_MATRIXNORM)
Optimal Solution: 216.00
Total Running Time: 0.00 (seconds)
concorde /tmp/tmp7bh_8cgi/problem.tsp
Host: msxg  Current process id: 62257
Using random seed 1787290060
Number of Nodes: 6
Explicit Lengths (CC_MATRIXNORM)
Optimal Solution: 216.00
Total Running Time: 0.00 (seconds)
concorde /tmp/tmp9ffg_ak2/problem.tsp
Host: msxg  Current process id: 62269
Using random seed 1787290066
Number of Nodes: 6
Explicit Lengths (CC_MATRIXNORM)
Optimal Solution: 216.00
Total Running Time: 0.00 (seconds)
concorde /tmp/tmp6smuhz6_/problem.tsp
Host: msxg  Current process id: 62278
Using random seed 1787290072
Number of Nodes: 6
Explicit Lengths (CC_MATRIXNORM)
Optimal Solution: 216.00
Total Running Time: 0.00 (seconds)
concorde /tmp/tmpyjsnu5m8/problem.tsp
Host: msxg  Current process id: 62283
Using random seed 1787290078
Number of Nodes: 6
Explicit Lengths (CC_MATRIXNORM)
Optimal Solution: 216.00
Total Running Time: 0.00 (seconds)
concorde /tmp/tmp8tezsgks/problem.tsp
Host: msxg  Current process id: 62316
Using random seed 1787290084
Number of Nodes: 6
Explicit Lengths (CC_MATRIXNORM)
Optimal Solution: 216.00
Total Running Time: 0.00 (seconds)
[WARN] [1787290084.295906069, 413.800000000]: No frontier at vertex 20. #Frontier: 0
[WARN] [1787290096.306024328, 425.800000000]: No frontier at vertex 19. #Frontier: 0
[INFO] [1787290036.321711, 365.800000]: Send new plan: 8 7 6 5 4 3 9 15 16 10 11 35 37 20  ---> 19 15(L) 19 23 29 30 24 25 31 32 26 27 33 34 28 22 21 38 26(L) 38 36 35(L) 36 12 13 17 18 22(L) 18 14 8(L) 
[INFO] [1787290042.306287, 371.800000]: Replanning request. curr_vertex_idx: 13
[INFO] [1787290042.307157, 371.800000]:                     covered_vertices: ()
[INFO] [1787290042.307844, 371.800000]: Handle local replanning...
[INFO] [1787290042.308419, 371.800000]: Local path to replan: [20, 19, 15]
Reverse tsp path is better!
[INFO] [1787290042.316236, 371.800000]: curr path length: 45, is_loop length: 45
[INFO] [1787290042.317204, 371.800000]: Send new plan: 8 7 6 5 4 3 9 15 16 10 11 35 37 20  ---> 19 15(L) 19 23 29 30 24 25 31 32 26 27 33 34 28 22 21 38 26(L) 38 36 35(L) 36 12 13 17 18 22(L) 18 14 8(L) 
[INFO] [1787290048.468586, 378.000000]: Replanning request. curr_vertex_idx: 13
[INFO] [1787290048.469539, 378.000000]:                     covered_vertices: ()
[INFO] [1787290048.470221, 378.000000]: Handle local replanning...
[INFO] [1787290048.470904, 378.000000]: Local path to replan: [20, 19, 15]
Reverse tsp path is better!
[INFO] [1787290048.479532, 378.000000]: curr path length: 45, is_loop length: 45
[INFO] [1787290048.480522, 378.000000]: Send new plan: 8 7 6 5 4 3 9 15 16 10 11 35 37 20  ---> 19 15(L) 19 23 29 30 24 25 31 32 26 27 33 34 28 22 21 38 26(L) 38 36 35(L) 36 12 13 17 18 22(L) 18 14 8(L) 
[INFO] [1787290054.504912, 384.000000]: Replanning request. curr_vertex_idx: 13
[INFO] [1787290054.505804, 384.000000]:                     covered_vertices: ()
[INFO] [1787290054.506357, 384.000000]: Handle local replanning...
[INFO] [1787290054.506847, 384.000000]: Local path to replan: [20, 19, 15]
Reverse tsp path is better!
[INFO] [1787290054.515436, 384.000000]: curr path length: 45, is_loop length: 45
[INFO] [1787290054.516759, 384.000000]: Send new plan: 8 7 6 5 4 3 9 15 16 10 11 35 37 20  ---> 19 15(L) 19 23 29 30 24 25 31 32 26 27 33 34 28 22 21 38 26(L) 38 36 35(L) 36 12 13 17 18 22(L) 18 14 8(L) 
[INFO] [1787290060.363467, 389.900000]: Replanning request. curr_vertex_idx: 13
[INFO] [1787290060.364381, 389.900000]:                     covered_vertices: ()
[INFO] [1787290060.365209, 389.900000]: Handle local replanning...
[INFO] [1787290060.365924, 389.900000]: Local path to replan: [20, 19, 15]
Reverse tsp path is better!
[INFO] [1787290060.374706, 389.900000]: curr path length: 45, is_loop length: 45
[INFO] [1787290060.376034, 389.900000]: Send new plan: 8 7 6 5 4 3 9 15 16 10 11 35 37 20  ---> 19 15(L) 19 23 29 30 24 25 31 32 26 27 33 34 28 22 21 38 26(L) 38 36 35(L) 36 12 13 17 18 22(L) 18 14 8(L) 
[INFO] [1787290066.321268, 395.800000]: Replanning request. curr_vertex_idx: 13
[INFO] [1787290066.322309, 395.800000]:                     covered_vertices: ()
[INFO] [1787290066.322920, 395.800000]: Handle local replanning...
[INFO] [1787290066.323359, 395.800000]: Local path to replan: [20, 19, 15]
Reverse tsp path is better!
[INFO] [1787290066.331734, 395.800000]: curr path length: 45, is_loop length: 45
[INFO] [1787290066.332971, 395.800000]: Send new plan: 8 7 6 5 4 3 9 15 16 10 11 35 37 20  ---> 19 15(L) 19 23 29 30 24 25 31 32 26 27 33 34 28 22 21 38 26(L) 38 36 35(L) 36 12 13 17 18 22(L) 18 14 8(L) 
[INFO] [1787290071.787678, 401.300000]: Really visited vertices: 8 7 6 5 4 3 9 15 16 10 11 35 37 20 
[INFO] [1787290072.273941, 401.800000]: Replanning request. curr_vertex_idx: 13
[INFO] [1787290072.275051, 401.800000]:                     covered_vertices: ()
[INFO] [1787290072.275779, 401.800000]: Handle local replanning...
[INFO] [1787290072.276427, 401.800000]: Local path to replan: [20, 19, 15]
Reverse tsp path is better!
[INFO] [1787290072.284856, 401.800000]: curr path length: 45, is_loop length: 45
[INFO] [1787290072.285778, 401.800000]: Send new plan: 8 7 6 5 4 3 9 15 16 10 11 35 37 20  ---> 19 15(L) 19 23 29 30 24 25 31 32 26 27 33 34 28 22 21 38 26(L) 38 36 35(L) 36 12 13 17 18 22(L) 18 14 8(L) 
[INFO] [1787290078.473744, 408.000000]: Replanning request. curr_vertex_idx: 13
[INFO] [1787290078.474384, 408.000000]:                     covered_vertices: ()
[INFO] [1787290078.474861, 408.000000]: Handle local replanning...
[INFO] [1787290078.475227, 408.000000]: Local path to replan: [20, 19, 15]
Reverse tsp path is better!
[INFO] [1787290078.484212, 408.000000]: curr path length: 45, is_loop length: 45
[INFO] [1787290078.485313, 408.000000]: Send new plan: 8 7 6 5 4 3 9 15 16 10 11 35 37 20  ---> 19 15(L) 19 23 29 30 24 25 31 32 26 27 33 34 28 22 21 38 26(L) 38 36 35(L) 36 12 13 17 18 22(L) 18 14 8(L) 
[INFO] [1787290083.324731, 412.800000]: Really visited vertices: 8 7 6 5 4 3 9 15 16 10 11 35 37 20 
[INFO] [1787290084.282431, 413.800000]: Replanning request. curr_vertex_idx: 13
[INFO] [1787290084.283423, 413.800000]:                     covered_vertices: ()
[INFO] [1787290084.284117, 413.800000]: Handle local replanning...
[INFO] [1787290084.284832, 413.800000]: Local path to replan: [20, 19, 15]
Reverse tsp path is better!
[INFO] [1787290084.293500, 413.800000]: curr path length: 45, is_loop length: 45
[INFO] [1787290084.294753, 413.800000]: Send new plan: 8 7 6 5 4 3 9 15 16 10 11 35 37 20  ---> 19 15(L) 19 23 29 30 24 25 31 32 26 27 33 34 28 22 21 38 26(L) 38 36 35(L) 36 12 13 17 18 22(L) 18 14 8(L) 
[INFO] [1787290090.542915, 420.100000]: Replanning request. curr_vertex_idx: 14
[INFO] [1787290090.543955, 420.100000]:                     covered_vertices: ()
[INFO] [1787290090.544891, 420.100000]: Handle local replanning...
[INFO] [1787290090.545478, 420.100000]: Local path to replan: [19, 15]
[INFO] [1787290090.545972, 420.100000]: curr path length: 45, is_loop length: 45
[INFO] [1787290090.546428, 420.100000]: Send new plan: 8 7 6 5 4 3 9 15 16 10 11 35 37 20 19  ---> 15(L) 19 23 29 30 24 25 31 32 26 27 33 34 28 22 21 38 26(L) 38 36 35(L) 36 12 13 17 18 22(L) 18 14 8(L) 
[INFO] [1787290095.683241, 425.200000]: Really visited vertices: 8 7 6 5 4 3 9 15 16 10 11 35 37 20 
[INFO] [1787290096.300911, 425.800000]: Replanning request. curr_vertex_idx: 14
[INFO] [1787290096.301950, 425.800000]:                     covered_vertices: ()
[INFO] [1787290096.302815, 425.800000]: Handle local replanning...
[INFO] [1787290096.303576, 425.800000]: Local path to replan: [19, 15]
[INFO] [1787290096.304471, 425.800000]: curr path length: 45, is_loop length: 45
[INFO] [1787290096.305151, 425.800000]: Send new plan: 8 7 6 5 4 3 9 15 16 10 11 35 37 20 19  ---> 15(L) 19 23 29 30 24 25 31 32 26 27 33 34 28 22 21 38 26(L) 38 36 35(L) 36 12 13 17 18 22(L) 18 14 8(L) 
[INFO] [1787290101.326156, 430.800000]: Really visited vertices: 8 7 6 5 4 3 9 15 16 10 11 35 37 20 19 
[INFO] [1787290113.315211, 442.800000]: Really visited vertices: 8 7 6 5 4 3 9 15 16 10 11 35 37 20 19 
[INFO] [1787290131.619211, 461.100000]: Really visited vertices: 8 7 6 5 4 3 9 15 16 10 11 35 37 20 19 15 
[INFO] [1787290160.397381, 489.900000]: Replanning request. curr_vertex_idx: 15
[INFO] [1787290160.398397, 489.900000]:                     covered_vertices: ()
[INFO] [1787290160.399189, 489.900000]: curr path length: 45, is_loop length: 45
[INFO] [1787290160.400037, 489.900000]: Send new plan: 8 7 6 5 4 3 9 15 16 10 11 35 37 20 19 15(L)  ---> 19 23 29 30 24 25 31 32 26 27 33 34 28 22 21 38 26(L) 38 36 35(L) 36 12 13 17 18 22(L) 18 14 8(L) 
[INFO] [1787290166.407135, 495.900000]: Replanning request. curr_vertex_idx: 17
[INFO] [1787290166.407919, 495.900000]:                     covered_vertices: ()
[INFO] [1787290166.408357, 495.900000]: Handle local replanning...
[INFO] [1787290166.408837, 495.900000]: curr path length: 45, is_loop length: 45
[INFO] [1787290166.409370, 495.900000]: Send new plan: 8 7 6 5 4 3 9 15 16 10 11 35 37 20 19 15(L) 19 23  ---> 29 30 24 25 31 32 26 27 33 34 28 22 21 38 26(L) 38 36 35(L) 36 12 13 17 18 22(L) 18 14 8(L) 
[INFO] [1787290171.408708, 500.900000]: Really visited vertices: 8 7 6 5 4 3 9 15 16 10 11 35 37 20 19 15 
[INFO] [1787290172.291808, 501.800000]: Replanning request. curr_vertex_idx: 17
[INFO] [1787290172.292782, 501.800000]:                     covered_vertices: ()
[WARN] [1787290225.314908859, 554.800000000]: No frontier at vertex 23. #Frontier: 0
[WARN] [1787290243.462173335, 573.000000000]: No frontier at vertex 29. #Frontier: 0
[INFO] [1787290172.293352, 501.800000]: Handle local replanning...
[INFO] [1787290172.294214, 501.800000]: curr path length: 45, is_loop length: 45
[INFO] [1787290172.294956, 501.800000]: Send new plan: 8 7 6 5 4 3 9 15 16 10 11 35 37 20 19 15(L) 19 23  ---> 29 30 24 25 31 32 26 27 33 34 28 22 21 38 26(L) 38 36 35(L) 36 12 13 17 18 22(L) 18 14 8(L) 
[INFO] [1787290178.350265, 507.900000]: Replanning request. curr_vertex_idx: 17
[INFO] [1787290178.351405, 507.900000]:                     covered_vertices: ()
[INFO] [1787290178.352013, 507.900000]: Handle local replanning...
[INFO] [1787290178.352587, 507.900000]: curr path length: 45, is_loop length: 45
[INFO] [1787290178.353215, 507.900000]: Send new plan: 8 7 6 5 4 3 9 15 16 10 11 35 37 20 19 15(L) 19 23  ---> 29 30 24 25 31 32 26 27 33 34 28 22 21 38 26(L) 38 36 35(L) 36 12 13 17 18 22(L) 18 14 8(L) 
[INFO] [1787290183.423853, 512.900000]: Really visited vertices: 8 7 6 5 4 3 9 15 16 10 11 35 37 20 19 15 19 
[INFO] [1787290184.291390, 513.800000]: Replanning request. curr_vertex_idx: 17
[INFO] [1787290184.292271, 513.800000]:                     covered_vertices: ()
[INFO] [1787290184.293003, 513.800000]: Handle local replanning...
[INFO] [1787290184.293443, 513.800000]: curr path length: 45, is_loop length: 45
[INFO] [1787290184.293822, 513.800000]: Send new plan: 8 7 6 5 4 3 9 15 16 10 11 35 37 20 19 15(L) 19 23  ---> 29 30 24 25 31 32 26 27 33 34 28 22 21 38 26(L) 38 36 35(L) 36 12 13 17 18 22(L) 18 14 8(L) 
[INFO] [1787290190.360671, 519.900000]: Replanning request. curr_vertex_idx: 17
[INFO] [1787290190.361806, 519.900000]:                     covered_vertices: ()
[INFO] [1787290190.362311, 519.900000]: Handle local replanning...
[INFO] [1787290190.362849, 519.900000]: curr path length: 45, is_loop length: 45
[INFO] [1787290190.363369, 519.900000]: Send new plan: 8 7 6 5 4 3 9 15 16 10 11 35 37 20 19 15(L) 19 23  ---> 29 30 24 25 31 32 26 27 33 34 28 22 21 38 26(L) 38 36 35(L) 36 12 13 17 18 22(L) 18 14 8(L) 
[INFO] [1787290196.524974, 526.000000]: Replanning request. curr_vertex_idx: 17
[INFO] [1787290196.525910, 526.000000]:                     covered_vertices: ()
[INFO] [1787290196.526689, 526.000000]: Handle local replanning...
[INFO] [1787290196.527346, 526.000000]: curr path length: 45, is_loop length: 45
[INFO] [1787290196.527987, 526.000000]: Send new plan: 8 7 6 5 4 3 9 15 16 10 11 35 37 20 19 15(L) 19 23  ---> 29 30 24 25 31 32 26 27 33 34 28 22 21 38 26(L) 38 36 35(L) 36 12 13 17 18 22(L) 18 14 8(L) 
[INFO] [1787290201.547531, 531.100000]: Really visited vertices: 8 7 6 5 4 3 9 15 16 10 11 35 37 20 19 15 19 
[INFO] [1787290202.460321, 532.000000]: Replanning request. curr_vertex_idx: 17
[INFO] [1787290202.461322, 532.000000]:                     covered_vertices: ()
[INFO] [1787290202.462063, 532.000000]: Handle local replanning...
[INFO] [1787290202.462643, 532.000000]: curr path length: 45, is_loop length: 45
[INFO] [1787290202.463192, 532.000000]: Send new plan: 8 7 6 5 4 3 9 15 16 10 11 35 37 20 19 15(L) 19 23  ---> 29 30 24 25 31 32 26 27 33 34 28 22 21 38 26(L) 38 36 35(L) 36 12 13 17 18 22(L) 18 14 8(L) 
[INFO] [1787290208.363635, 537.900000]: Replanning request. curr_vertex_idx: 17
[INFO] [1787290208.364697, 537.900000]:                     covered_vertices: ()
[INFO] [1787290208.365402, 537.900000]: Handle local replanning...
[INFO] [1787290208.365827, 537.900000]: curr path length: 45, is_loop length: 45
[INFO] [1787290208.366207, 537.900000]: Send new plan: 8 7 6 5 4 3 9 15 16 10 11 35 37 20 19 15(L) 19 23  ---> 29 30 24 25 31 32 26 27 33 34 28 22 21 38 26(L) 38 36 35(L) 36 12 13 17 18 22(L) 18 14 8(L) 
[INFO] [1787290213.704963, 543.200000]: Really visited vertices: 8 7 6 5 4 3 9 15 16 10 11 35 37 20 19 15 19 
[INFO] [1787290214.295074, 543.800000]: Replanning request. curr_vertex_idx: 17
[INFO] [1787290214.296126, 543.800000]:                     covered_vertices: ()
[INFO] [1787290214.296760, 543.800000]: Handle local replanning...
[INFO] [1787290214.297302, 543.800000]: curr path length: 45, is_loop length: 45
[INFO] [1787290214.297750, 543.800000]: Send new plan: 8 7 6 5 4 3 9 15 16 10 11 35 37 20 19 15(L) 19 23  ---> 29 30 24 25 31 32 26 27 33 34 28 22 21 38 26(L) 38 36 35(L) 36 12 13 17 18 22(L) 18 14 8(L) 
[INFO] [1787290219.440688, 549.000000]: Replanning request. curr_vertex_idx: 17
[INFO] [1787290219.441602, 549.000000]:                     covered_vertices: ()
[INFO] [1787290219.442490, 549.000000]: Handle local replanning...
[INFO] [1787290219.443205, 549.000000]: curr path length: 45, is_loop length: 45
[INFO] [1787290219.443684, 549.000000]: Send new plan: 8 7 6 5 4 3 9 15 16 10 11 35 37 20 19 15(L) 19 23  ---> 29 30 24 25 31 32 26 27 33 34 28 22 21 38 26(L) 38 36 35(L) 36 12 13 17 18 22(L) 18 14 8(L) 
[INFO] [1787290224.562775, 554.100000]: Really visited vertices: 8 7 6 5 4 3 9 15 16 10 11 35 37 20 19 15 19 23 
[INFO] [1787290225.311018, 554.800000]: Replanning request. curr_vertex_idx: 17
[INFO] [1787290225.311871, 554.800000]:                     covered_vertices: ()
[INFO] [1787290225.312721, 554.800000]: Handle local replanning...
[INFO] [1787290225.313364, 554.800000]: curr path length: 45, is_loop length: 45
[INFO] [1787290225.314014, 554.800000]: Send new plan: 8 7 6 5 4 3 9 15 16 10 11 35 37 20 19 15(L) 19 23  ---> 29 30 24 25 31 32 26 27 33 34 28 22 21 38 26(L) 38 36 35(L) 36 12 13 17 18 22(L) 18 14 8(L) 
[INFO] [1787290231.539675, 561.100000]: Replanning request. curr_vertex_idx: 18
[INFO] [1787290231.540658, 561.100000]:                     covered_vertices: ()
[INFO] [1787290231.541358, 561.100000]: Handle local replanning...
[INFO] [1787290231.542079, 561.100000]: curr path length: 45, is_loop length: 45
[INFO] [1787290231.542789, 561.100000]: Send new plan: 8 7 6 5 4 3 9 15 16 10 11 35 37 20 19 15(L) 19 23 29  ---> 30 24 25 31 32 26 27 33 34 28 22 21 38 26(L) 38 36 35(L) 36 12 13 17 18 22(L) 18 14 8(L) 
[INFO] [1787290236.817218, 566.300000]: Really visited vertices: 8 7 6 5 4 3 9 15 16 10 11 35 37 20 19 15 19 23 
[INFO] [1787290237.310269, 566.800000]: Replanning request. curr_vertex_idx: 18
[INFO] [1787290237.311260, 566.800000]:                     covered_vertices: ()
[INFO] [1787290237.311940, 566.800000]: Handle local replanning...
[INFO] [1787290237.312566, 566.800000]: curr path length: 45, is_loop length: 45
[INFO] [1787290237.313135, 566.800000]: Send new plan: 8 7 6 5 4 3 9 15 16 10 11 35 37 20 19 15(L) 19 23 29  ---> 30 24 25 31 32 26 27 33 34 28 22 21 38 26(L) 38 36 35(L) 36 12 13 17 18 22(L) 18 14 8(L) 
[INFO] [1787290243.458536, 573.000000]: Replanning request. curr_vertex_idx: 18
[INFO] [1787290243.459439, 573.000000]:                     covered_vertices: ()
[INFO] [1787290243.460292, 573.000000]: Handle local replanning...
[INFO] [1787290243.460883, 573.000000]: curr path length: 45, is_loop length: 45
[INFO] [1787290243.461439, 573.000000]: Send new plan: 8 7 6 5 4 3 9 15 16 10 11 35 37 20 19 15(L) 19 23 29  ---> 30 24 25 31 32 26 27 33 34 28 22 21 38 26(L) 38 36 35(L) 36 12 13 17 18 22(L) 18 14 8(L) 
[INFO] [1787290248.946741, 578.500000]: Really visited vertices: 8 7 6 5 4 3 9 15 16 10 11 35 37 20 19 15 19 23 29 
[INFO] [1787290249.487972, 579.000000]: Replanning request. curr_vertex_idx: 19
[INFO] [1787290249.489133, 579.000000]:                     covered_vertices: ()
[INFO] [1787290249.489943, 579.000000]: Handle local replanning...
[INFO] [1787290249.490504, 579.000000]: curr path length: 45, is_loop length: 45
[INFO] [1787290249.491033, 579.000000]: Send new plan: 8 7 6 5 4 3 9 15 16 10 11 35 37 20 19 15(L) 19 23 29 30  ---> 24 25 31 32 26 27 33 34 28 22 21 38 26(L) 38 36 35(L) 36 12 13 17 18 22(L) 18 14 8(L) 
[INFO] [1787290254.816454, 584.300000]: Really visited vertices: 8 7 6 5 4 3 9 15 16 10 11 35 37 20 19 15 19 23 29 
[INFO] [1787290255.481236, 585.000000]: Replanning request. curr_vertex_idx: 19
[INFO] [1787290255.482041, 585.000000]:                     covered_vertices: ()
[INFO] [1787290255.482610, 585.000000]: Handle local replanning...
[INFO] [1787290255.483085, 585.000000]: curr path length: 45, is_loop length: 45
l replanning...
[INFO] [1787290048.467286229, 378.000000000]: Call local replanning...
[INFO] [1787290054.503429811, 384.000000000]: Call local replanning...
[INFO] [1787290060.362162484, 389.900000000]: Call local replanning...
[INFO] [1787290066.319911228, 395.800000000]: Call local replanning...
[INFO] [1787290066.334043065, 395.800000000]: Reach vertex 20
[INFO] [1787290066.339656032, 395.900000000]: Explore Goal 20 's frontiers...
[INFO] [1787290072.272640832, 401.800000000]: Call local replanning...
[INFO] [1787290072.304809327, 401.800000000]: Explore Goal 20 's frontiers...
[INFO] [1787290078.472823075, 408.000000000]: Call local replanning...
[INFO] [1787290078.515072927, 408.000000000]: Explore Goal 20 's frontiers...
[INFO] [1787290084.281115021, 413.800000000]: Call local replanning...
[INFO] [1787290084.295937176, 413.800000000]: Set newGoal 19
[INFO] [1787290090.541596087, 420.100000000]: Call local replanning...
[INFO] [1787290096.299758840, 425.800000000]: Call local replanning...
[INFO] [1787290096.306004557, 425.800000000]: Reach vertex 19
[INFO] [1787290096.306048251, 425.800000000]: Set newGoal 15
[INFO] [1787290102.444416026, 432.000000000]: Next target is loop vertex 15(L)
[INFO] [1787290102.445705986, 432.000000000]: Set reliable loop closing path from reliable_loop_service.
[INFO] [1787290102.445746020, 432.000000000]: PHASE2_LOOP_PLANNED vertex=15 source=reliable_loop_service waypoints=5 path=20.407135,56.3034554;21.0731506,55.6168633;21.6816101,54.7136421;21.9823685,53.7738724;22.0542583,52.7869644
[INFO] [1787290102.445773797, 432.000000000]: Exploration is waiting.
[INFO] [1787290108.524346807, 438.000000000]: PHASE2_LOOP_EXECUTION_STARTED vertex=15 waypoints=5
[INFO] [1787290150.285049412, 479.800000000]: PHASE2_LOOP_WAYPOINT_REACHED vertex=15 waypoint=0
[INFO] [1787290154.507783361, 484.000000000]: PHASE2_LOOP_WAYPOINT_REACHED vertex=15 waypoint=1
[INFO] [1787290156.348735066, 485.900000000]: PHASE2_LOOP_WAYPOINT_REACHED vertex=15 waypoint=2
[INFO] [1787290158.413434064, 487.900000000]: PHASE2_LOOP_WAYPOINT_REACHED vertex=15 waypoint=3
[INFO] [1787290160.396037257, 489.900000000]: PHASE2_LOOP_WAYPOINT_REACHED vertex=15 waypoint=4
[INFO] [1787290160.396059352, 489.900000000]: PHASE2_LOOP_EXECUTION_FINISHED vertex=15 waypoints=5
[INFO] [1787290160.400876046, 489.900000000]: Skip repeated visit to vertex 19
[INFO] [1787290160.400892992, 489.900000000]: Set newGoal 23
[INFO] [1787290166.405757020, 495.900000000]: Call local replanning...
[INFO] [1787290172.290626911, 501.800000000]: Call local replanning...
[INFO] [1787290178.348827622, 507.900000000]: Call local replanning...
[INFO] [1787290184.290004069, 513.800000000]: Call local replanning...
[INFO] [1787290190.359335303, 519.900000000]: Call local replanning...
[INFO] [1787290196.523694749, 526.000000000]: Call local replanning...
[INFO] [1787290202.459006333, 532.000000000]: Call local replanning...
[INFO] [1787290208.362525605, 537.900000000]: Call local replanning...
[INFO] [1787290214.293887048, 543.800000000]: Call local replanning...
[INFO] [1787290219.439606106, 549.000000000]: Call local replanning...
[INFO] [1787290219.444490531, 549.000000000]: Reach vertex 23
[INFO] [1787290219.448928354, 549.000000000]: Explore Goal 23 's frontiers...
[INFO] [1787290225.310001188, 554.800000000]: Call local replanning...
[INFO] [1787290225.314937653, 554.800000000]: Set newGoal 29
[INFO] [1787290231.538575925, 561.100000000]: Call local replanning...
[INFO] [1787290237.308971004, 566.800000000]: Call local replanning...
[INFO] [1787290243.457229740, 573.000000000]: Call local replanning...
[INFO] [1787290243.462159428, 573.000000000]: Reach vertex 29
[INFO] [1787290243.462194120, 573.000000000]: Set newGoal 30
[INFO] [1787290249.486484794, 579.000000000]: Call local replanning...
[INFO] [1787290255.480230372, 585.000000000]: Call local replanning...
[INFO] [1787290261.392191934, 590.900000000]: Call local replanning...
[INFO] [1787290261.397045176, 590.900000000]: Reach vertex 30
[INFO] [1787290261.400040375, 590.900000000]: Explore Goal 30 's f[WARN] [1787290265.573188598, 595.100000000]: No frontier at vertex 30. #Frontier: 0
[WARN] [1787290319.532474121, 649.000000000]: No frontier at vertex 25. #Frontier: 0
[WARN] [1787290331.534348360, 661.000000000]: No frontier at vertex 31. #Frontier: 0
Warning: TF_REPEATED_DATA ignoring data with redundant timestamp for frame odom (parent offset) at time 665.700000 according to authority unknown_publisher
         at line 277 in /tmp/binarydeb/ros-noetic-tf2-0.7.10/src/buffer_core.cpp
Warning: TF_REPEATED_DATA ignoring data with redundant timestamp for frame offset (parent map) at time 665.700000 according to authority unknown_publisher
         at line 277 in /tmp/binarydeb/ros-noetic-tf2-0.7.10/src/buffer_core.cpp
[WARN] [1787290336.149169623, 665.700000000]: TF_REPEATED_DATA ignoring data with redundant timestamp for frame odom (parent offset) at time 665.700000 according to authority unknown_publisher
[WARN] [1787290336.149196163, 665.700000000]: TF_REPEATED_DATA ignoring data with redundant timestamp for frame offset (parent map) at time 665.700000 according to authority unknown_publisher
rontiers...
[INFO] [1787290265.567521070, 595.100000000]: Call local replanning...
[INFO] [1787290265.573228667, 595.100000000]: Set newGoal 24
[INFO] [1787290271.511265771, 601.000000000]: Call local replanning...
[INFO] [1787290277.408482265, 606.900000000]: Call local replanning...
[INFO] [1787290277.412629599, 606.900000000]: Skip currGoal 24 that has no frontier and seen by robot
[INFO] [1787290277.412649495, 606.900000000]: Set newGoal 25
[INFO] [1787290283.328424392, 612.800000000]: Call local replanning...
[INFO] [1787290289.641390041, 619.200000000]: Call local replanning...
[INFO] [1787290295.664172350, 625.200000000]: Call local replanning...
[INFO] [1787290301.484462681, 631.000000000]: Call local replanning...
[INFO] [1787290307.399638735, 636.900000000]: Call local replanning...
[INFO] [1787290313.673159573, 643.200000000]: Call local replanning...
[INFO] [1787290313.678003089, 643.200000000]: Reach vertex 25
[INFO] [1787290313.685319250, 643.200000000]: Explore Goal 25 's frontiers...
[INFO] [1787290319.527415793, 649.000000000]: Call local replanning...
[INFO] [1787290319.532525034, 649.000000000]: Set newGoal 31
[INFO] [1787290325.427435267, 654.900000000]: Call local replanning...
[INFO] [1787290325.432154865, 654.900000000]: Reach vertex 31
[INFO] [1787290325.434698364, 654.900000000]: Explore Goal 31 's frontiers...
[INFO] [1787290331.529452769, 661.000000000]: Call local replanning...
[INFO] [1787290331.534403760, 661.000000000]: Set newGoal 32
Warning: Warning: TF_REPEATED_DATA ignoring data with redundant timestamp for frame odom (parent offset) at time 665.700000 according to authority unknown_publisherTF_REPEATED_DATA ignoring data with redundant timestamp for frame odom (parent offset) at time 665.700000 according to authority unknown_publisher

         at line          at line 277 in 277/tmp/binarydeb/ros-noetic-tf2-0.7.10/src/buffer_core.cpp in 
/tmp/binarydeb/ros-noetic-tf2-0.7.10/src/buffer_core.cpp
Warning: TF_REPEATED_DATA ignoring data with redundant timestamp for frame offset (parent map) at time 665.700000 according to authority unknown_publisher
         at line 277 in /tmp/binarydeb/ros-noetic-tf2-0.7.10/src/buffer_core.cpp
Warning: TF_REPEATED_DATA ignoring data with redundant timestamp for frame offset (parent map) at time 665.700000 according to authority unknown_publisher
         at line 277 in /tmp/binarydeb/ros-noetic-tf2-0.7.10/src/buffer_core.cpp
Warning: TF_REPEATED_DATA ignoring data with redundant timestamp for frame odom (parent offset) at time 665.700000 according to authority unknown_publisher
         at line 277 in /tmp/binarydeb/ros-noetic-tf2-0.7.10/src/buffer_core.cpp
Warning: TF_REPEATED_DATA ignoring data with redundant timestamp for frame offset (parent map) at time 665.700000 according to authority unknown_publisher
         at line 277 in /tmp/binarydeb/ros-noetic-tf2-0.7.10/src/buffer_core.cpp
[INFO] [1787290255.483509, 585.000000]: Send new plan: 8 7 6 5 4 3 9 15 16 10 11 35 37 20 19 15(L) 19 23 29 30  ---> 24 25 31 32 26 27 33 34 28 22 21 38 26(L) 38 36 35(L) 36 12 13 17 18 22(L) 18 14 8(L) 
[INFO] [1787290261.393324, 590.900000]: Replanning request. curr_vertex_idx: 19
[INFO] [1787290261.394451, 590.900000]:                     covered_vertices: ()
[INFO] [1787290261.395109, 590.900000]: Handle local replanning...
[INFO] [1787290261.395558, 590.900000]: curr path length: 45, is_loop length: 45
[INFO] [1787290261.396192, 590.900000]: Send new plan: 8 7 6 5 4 3 9 15 16 10 11 35 37 20 19 15(L) 19 23 29 30  ---> 24 25 31 32 26 27 33 34 28 22 21 38 26(L) 38 36 35(L) 36 12 13 17 18 22(L) 18 14 8(L) 
[INFO] [1787290265.568838, 595.100000]: Replanning request. curr_vertex_idx: 19
[INFO] [1787290265.569862, 595.100000]:                     covered_vertices: ()
[INFO] [1787290265.570691, 595.100000]: Handle local replanning...
[INFO] [1787290265.571422, 595.100000]: curr path length: 45, is_loop length: 45
[INFO] [1787290265.572168, 595.100000]: Send new plan: 8 7 6 5 4 3 9 15 16 10 11 35 37 20 19 15(L) 19 23 29 30  ---> 24 25 31 32 26 27 33 34 28 22 21 38 26(L) 38 36 35(L) 36 12 13 17 18 22(L) 18 14 8(L) 
[INFO] [1787290270.322890, 599.800000]: Really visited vertices: 8 7 6 5 4 3 9 15 16 10 11 35 37 20 19 15 19 23 29 30 
[INFO] [1787290271.512493, 601.000000]: Replanning request. curr_vertex_idx: 20
[INFO] [1787290271.513443, 601.000000]:                     covered_vertices: ()
[INFO] [1787290271.514068, 601.000000]: Handle local replanning...
[INFO] [1787290271.514649, 601.000000]: curr path length: 45, is_loop length: 45
[INFO] [1787290271.515173, 601.000000]: Send new plan: 8 7 6 5 4 3 9 15 16 10 11 35 37 20 19 15(L) 19 23 29 30 24  ---> 25 31 32 26 27 33 34 28 22 21 38 26(L) 38 36 35(L) 36 12 13 17 18 22(L) 18 14 8(L) 
[INFO] [1787290277.409513, 606.900000]: Replanning request. curr_vertex_idx: 20
[INFO] [1787290277.410398, 606.900000]:                     covered_vertices: ()
[INFO] [1787290277.410970, 606.900000]: Handle local replanning...
[INFO] [1787290277.411401, 606.900000]: curr path length: 45, is_loop length: 45
[INFO] [1787290277.411978, 606.900000]: Send new plan: 8 7 6 5 4 3 9 15 16 10 11 35 37 20 19 15(L) 19 23 29 30 24  ---> 25 31 32 26 27 33 34 28 22 21 38 26(L) 38 36 35(L) 36 12 13 17 18 22(L) 18 14 8(L) 
[INFO] [1787290282.148228, 611.700000]: Really visited vertices: 8 7 6 5 4 3 9 15 16 10 11 35 37 20 19 15 19 23 29 30 
[INFO] [1787290283.329471, 612.800000]: Replanning request. curr_vertex_idx: 21
[INFO] [1787290283.330242, 612.800000]:                     covered_vertices: ()
[INFO] [1787290283.330931, 612.800000]: Handle local replanning...
[INFO] [1787290283.331500, 612.800000]: curr path length: 45, is_loop length: 45
[INFO] [1787290283.332162, 612.800000]: Send new plan: 8 7 6 5 4 3 9 15 16 10 11 35 37 20 19 15(L) 19 23 29 30 24 25  ---> 31 32 26 27 33 34 28 22 21 38 26(L) 38 36 35(L) 36 12 13 17 18 22(L) 18 14 8(L) 
[INFO] [1787290289.642317, 619.200000]: Replanning request. curr_vertex_idx: 21
[INFO] [1787290289.643102, 619.200000]:                     covered_vertices: ()
[INFO] [1787290289.643618, 619.200000]: Handle local replanning...
[INFO] [1787290289.644160, 619.200000]: curr path length: 45, is_loop length: 45
[INFO] [1787290289.644676, 619.200000]: Send new plan: 8 7 6 5 4 3 9 15 16 10 11 35 37 20 19 15(L) 19 23 29 30 24 25  ---> 31 32 26 27 33 34 28 22 21 38 26(L) 38 36 35(L) 36 12 13 17 18 22(L) 18 14 8(L) 
[INFO] [1787290295.665391, 625.200000]: Replanning request. curr_vertex_idx: 21
[INFO] [1787290295.666148, 625.200000]:                     covered_vertices: ()
[INFO] [1787290295.666839, 625.200000]: Handle local replanning...
[INFO] [1787290295.667459, 625.200000]: curr path length: 45, is_loop length: 45
[INFO] [1787290295.667956, 625.200000]: Send new plan: 8 7 6 5 4 3 9 15 16 10 11 35 37 20 19 15(L) 19 23 29 30 24 25  ---> 31 32 26 27 33 34 28 22 21 38 26(L) 38 36 35(L) 36 12 13 17 18 22(L) 18 14 8(L) 
[INFO] [1787290301.485566, 631.000000]: Replanning request. curr_vertex_idx: 21
[INFO] [1787290301.486369, 631.000000]:                     covered_vertices: ()
[INFO] [1787290301.486984, 631.000000]: Handle local replanning...
[INFO] [1787290301.487610, 631.000000]: curr path length: 45, is_loop length: 45
[INFO] [1787290301.488175, 631.000000]: Send new plan: 8 7 6 5 4 3 9 15 16 10 11 35 37 20 19 15(L) 19 23 29 30 24 25  ---> 31 32 26 27 33 34 28 22 21 38 26(L) 38 36 35(L) 36 12 13 17 18 22(L) 18 14 8(L) 
[INFO] [1787290307.400603, 636.900000]: Replanning request. curr_vertex_idx: 21
[INFO] [1787290307.401369, 636.900000]:                     covered_vertices: ()
[INFO] [1787290307.401981, 636.900000]: Handle local replanning...
[INFO] [1787290307.402623, 636.900000]: curr path length: 45, is_loop length: 45
[INFO] [1787290307.403282, 636.900000]: Send new plan: 8 7 6 5 4 3 9 15 16 10 11 35 37 20 19 15(L) 19 23 29 30 24 25  ---> 31 32 26 27 33 34 28 22 21 38 26(L) 38 36 35(L) 36 12 13 17 18 22(L) 18 14 8(L) 
[INFO] [1787290313.674409, 643.200000]: Replanning request. curr_vertex_idx: 21
[INFO] [1787290313.675366, 643.200000]:                     covered_vertices: ()
[INFO] [1787290313.676083, 643.200000]: Handle local replanning...
[INFO] [1787290313.676608, 643.200000]: curr path length: 45, is_loop length: 45
[INFO] [1787290313.677077, 643.200000]: Send new plan: 8 7 6 5 4 3 9 15 16 10 11 35 37 20 19 15(L) 19 23 29 30 24 25  ---> 31 32 26 27 33 34 28 22 21 38 26(L) 38 36 35(L) 36 12 13 17 18 22(L) 18 14 8(L) 
[INFO] [1787290318.548846, 648.100000]: Really visited vertices: 8 7 6 5 4 3 9 15 16 10 11 35 37 20 19 15 19 23 29 30 24 25 
[INFO] [1787290319.528642, 649.000000]: Replanning request. curr_vertex_idx: 21
[INFO] [1787290319.529696, 649.000000]:                     covered_vertices: ()
[INFO] [1787290319.530367, 649.000000]: Handle local replanning...
[INFO] [1787290319.531042, 649.000000]: curr path length: 45, is_loop length: 45
[INFO] [1787290319.531624, 649.000000]: Send new plan: 8 7 6 5 4 3 9 15 16 10 11 35 37 20 19 15(L) 19 23 29 30 24 25  ---> 31 32 26 27 33 34 28 22 21 38 26(L) 38 36 35(L) 36 12 13 17 18 22(L) 18 14 8(L) 
[INFO] [1787290325.428433, 654.900000]: Replanning request. curr_vertex_idx: 22
[INFO] [1787290325.429352, 654.900000]:                     covered_vertices: ()
[INFO] [1787290325.430030, 654.900000]: Handle local replanning...
[INFO] [1787290325.430720, 654.900000]: curr path length: 45, is_loop length: 45
[INFO] [1787290325.431254, 654.900000]: Send new plan: 8 7 6 5 4 3 9 15 16 10 11 35 37 20 19 15(L) 19 23 29 30 24 25 31  ---> 32 26 27 33 34 28 22 21 38 26(L) 38 36 35(L) 36 12 13 17 18 22(L) 18 14 8(L) 
[INFO] [1787290330.255299, 659.800000]: Really visited vertices: 8 7 6 5 4 3 9 15 16 10 11 35 37 20 19 15 19 23 29 30 24 25 31 
[INFO] [1787290331.530544, 661.000000]: Replanning request. curr_vertex_idx: 22
[INFO] [1787290331.531474, 661.000000]:                     covered_vertices: ()
[INFO] [1787290331.532083, 661.000000]: Handle local replanning...
[INFO] [1787290331.532731, 661.000000]: curr path length: 45, is_loop length: 45
[INFO] [1787290331.533374, 661.000000]: Send new plan: 8 7 6 5 4 3 9 15 16 10 11 35 37 20 19 15(L) 19 23 29 30 24 25 31  ---> 32 26 27 33 34 28 22 21 38 26(L) 38 36 35(L) 36 12 13 17 18 22(L) 18 14 8(L) 
[INFO] [1787290336.149691, 665.700000]: Really visited vertices: 8 7 6 5 4 3 9 15 16 10 11 35 37 20 19 15 19 23 29 30 24 25 31 
[INFO] [1787290337.353142, 666.900000]: Replanning request. curr_vertex_idx: 23
[INFO] [1787290337.353994, 666.900000]:                     covered_vertices: ()
[INFO] [1787290337.354656, 666.900000]: Handle local replanning...
[INFO] [1787290337.355194, 666.900000]: curr path length: 45, is_loop length: 45
[INFO] [1787290337.355724, 666.900000]: Send new plan: 8 7 6 5 4 3 9 15 16 10 11 35 37 20 19 15(L) 19 23 29 30 24 25 31 32  ---> 26 27 33 34 28 22 21 38 26(L) 38 36 35(L) 36 12 13 17 18 22(L) 18 14 8(L) 
[INFO] [1787290342.668061, 672.200000]: Really visited vertices: 8 7 6 5 4 3 9 15 16 10 11 35 37 20 19 15 19 23 29 30 24 25 31 
[WARN] [1787290371.456105788, 701.000000000]: No frontier at vertex 32. #Frontier: 0
[WARN] [1787290389.653383675, 719.200000000]: No frontier at vertex 26. #Frontier: 0
concorde /tmp/tmpm7o_hsps/problem.tsp
Host: msxg  Current process id: 62755
Using random seed 1787290395
Number of Nodes: 16
Explicit Lengths (CC_MATRIXNORM)
Set initial upperbound to 476 (from tour)
ERROR: No dual change in basis finding code
Did not find a basic optimal solution
Fractional matching routine failed
Warning: restarting running timer Miscellaneous
No warmstart, stumbling on anyway
Basic dual change required, but no candidate edges
recomputing rownorms ...
  LP Value  1: 476.000000  (0.00 seconds)
New lower bound: 476.000000
Final lower bound 476.000000, upper bound 476.000000
Exact lower bound: 476.000000
DIFF: 0.000000
Final LP has 16 rows, 25 columns, 50 nonzeros
Optimal Solution: 476.00
Number of bbnodes: 1
Total Running Time: 0.00 (seconds)
concorde /tmp/tmpuwdmczja/problem.tsp
Host: msxg  Current process id: 62760
Using random seed 1787290401
Number of Nodes: 16
Explicit Lengths (CC_MATRIXNORM)
Set initial upperbound to 476 (from tour)
ERROR: No dual change in basis finding code
Did not find a basic optimal solution
Fractional matching routine failed
Warning: restarting running timer Miscellaneous
No warmstart, stumbling on anyway
Basic dual change required, but no candidate edges
  LP Value  1: 476.000000  (0.00 seconds)
New lower bound: 476.000000
Final lower bound 476.000000, upper bound 476.000000
Exact lower bound: 476.000000
DIFF: 0.000000
Final LP has 16 rows, 23 columns, 46 nonzeros
Optimal Solution: 476.00
Number of bbnodes: 1
Total Running Time: 0.00 (seconds)
concorde /tmp/tmpso54_0vn/problem.tsp
Host: msxg  Current process id: 62764
Using random seed 1787290407
Number of Nodes: 16
Explicit Lengths (CC_MATRIXNORM)
Set initial upperbound to 476 (from tour)
ERROR: No dual change in basis finding code
Did not find a basic optimal solution
Fractional matching routine failed
Warning: restarting running timer Miscellaneous
No warmstart, stumbling on anyway
Basic dual change required, but no candidate edges
  LP Value  1: 476.000000  (0.00 seconds)
New lower bound: 476.000000
Final lower bound 476.000000, upper bound 476.000000
Exact lower bound: 476.000000
DIFF: 0.000000
Final LP has 16 rows, 23 columns, 46 nonzeros
Optimal Solution: 476.00
Number of bbnodes: 1
Total Running Time: 0.00 (seconds)
concorde /tmp/tmpupusepmp/problem.tsp
Host: msxg  Current process id: 62794
Using random seed 1787290413
Number of Nodes: 16
Explicit Lengths (CC_MATRIXNORM)
Set initial upperbound to 476 (from tour)
ERROR: No dual change in basis finding code
Did not find a basic optimal solution
Fractional matching routine failed
Warning: restarting running timer Miscellaneous
No warmstart, stumbling on anyway
Basic dual change required, but no candidate edges
  LP Value  1: 476.000000  (0.00 seconds)
New lower bound: 476.000000
Final lower bound 476.000000, upper bound 476.000000
Exact lower bound: 476.000000
DIFF: 0.000000
Final LP has 16 rows, 24 columns, 48 nonzeros
Optimal Solution: 476.00
Number of bbnodes: 1
Total Running Time: 0.00 (seconds)
concorde /tmp/tmpcrxnf5tl/problem.tsp
Host: msxg  Current process id: 62797
Using random seed 1787290415
Number of Nodes: 16
Explicit Lengths (CC_MATRIXNORM)
Set initial upperbound to 476 (from tour)
ERROR: No dual change in basis finding code
Did not find a basic optimal solution
Fractional matching routine failed
Warning: restarting running timer Miscellaneous
No warmstart, stumbling on anyway
Basic dual change required, but no candidate edges
recomputing rownorms ...
  LP Value  1: 476.000000  (0.00 seconds)
New lower bound: 476.000000
Final lower bound 476.000000, upper bound 476.000000
Exact lower bound: 476.000000
DIFF: 0.000000
Final LP has 16 rows, 23 columns, 46 nonzeros
Optimal Solution: 476.00
Number of bbnodes: 1
Total Running Time: 0.00 (seconds)
[INFO] [1787290343.345914, 672.900000]: Replanning request. curr_vertex_idx: 23
[INFO] [1787290343.346791, 672.900000]:                     covered_vertices: ()
[INFO] [1787290343.347453, 672.900000]: Handle local replanning...
[INFO] [1787290343.348057, 672.900000]: curr path length: 45, is_loop length: 45
[INFO] [1787290343.348475, 672.900000]: Send new plan: 8 7 6 5 4 3 9 15 16 10 11 35 37 20 19 15(L) 19 23 29 30 24 25 31 32  ---> 26 27 33 34 28 22 21 38 26(L) 38 36 35(L) 36 12 13 17 18 22(L) 18 14 8(L) 
[INFO] [1787290349.734335, 679.200000]: Replanning request. curr_vertex_idx: 23
[INFO] [1787290349.735264, 679.200000]:                     covered_vertices: ()
[INFO] [1787290349.735972, 679.200000]: Handle local replanning...
[INFO] [1787290349.736609, 679.200000]: curr path length: 45, is_loop length: 45
[INFO] [1787290349.737158, 679.300000]: Send new plan: 8 7 6 5 4 3 9 15 16 10 11 35 37 20 19 15(L) 19 23 29 30 24 25 31 32  ---> 26 27 33 34 28 22 21 38 26(L) 38 36 35(L) 36 12 13 17 18 22(L) 18 14 8(L) 
[INFO] [1787290355.637291, 685.200000]: Replanning request. curr_vertex_idx: 23
[INFO] [1787290355.638310, 685.200000]:                     covered_vertices: ()
[INFO] [1787290355.639609, 685.200000]: Handle local replanning...
[INFO] [1787290355.640292, 685.200000]: curr path length: 45, is_loop length: 45
[INFO] [1787290355.640929, 685.200000]: Send new plan: 8 7 6 5 4 3 9 15 16 10 11 35 37 20 19 15(L) 19 23 29 30 24 25 31 32  ---> 26 27 33 34 28 22 21 38 26(L) 38 36 35(L) 36 12 13 17 18 22(L) 18 14 8(L) 
[INFO] [1787290361.551594, 691.100000]: Replanning request. curr_vertex_idx: 23
[INFO] [1787290361.552567, 691.100000]:                     covered_vertices: ()
[INFO] [1787290361.553167, 691.100000]: Handle local replanning...
[INFO] [1787290361.553704, 691.100000]: curr path length: 45, is_loop length: 45
[INFO] [1787290361.554370, 691.100000]: Send new plan: 8 7 6 5 4 3 9 15 16 10 11 35 37 20 19 15(L) 19 23 29 30 24 25 31 32  ---> 26 27 33 34 28 22 21 38 26(L) 38 36 35(L) 36 12 13 17 18 22(L) 18 14 8(L) 
[INFO] [1787290365.455930, 695.000000]: Replanning request. curr_vertex_idx: 23
[INFO] [1787290365.456887, 695.000000]:                     covered_vertices: ()
[INFO] [1787290365.457717, 695.000000]: Handle local replanning...
[INFO] [1787290365.458310, 695.000000]: curr path length: 45, is_loop length: 45
[INFO] [1787290365.458975, 695.000000]: Send new plan: 8 7 6 5 4 3 9 15 16 10 11 35 37 20 19 15(L) 19 23 29 30 24 25 31 32  ---> 26 27 33 34 28 22 21 38 26(L) 38 36 35(L) 36 12 13 17 18 22(L) 18 14 8(L) 
[INFO] [1787290371.452075, 701.000000]: Replanning request. curr_vertex_idx: 23
[INFO] [1787290371.453015, 701.000000]:                     covered_vertices: ()
[INFO] [1787290371.453691, 701.000000]: Handle local replanning...
[INFO] [1787290371.454352, 701.000000]: curr path length: 45, is_loop length: 45
[INFO] [1787290371.455099, 701.000000]: Send new plan: 8 7 6 5 4 3 9 15 16 10 11 35 37 20 19 15(L) 19 23 29 30 24 25 31 32  ---> 26 27 33 34 28 22 21 38 26(L) 38 36 35(L) 36 12 13 17 18 22(L) 18 14 8(L) 
[INFO] [1787290376.357626, 705.900000]: Really visited vertices: 8 7 6 5 4 3 9 15 16 10 11 35 37 20 19 15 19 23 29 30 24 25 31 32 
[INFO] [1787290377.572451, 707.100000]: Replanning request. curr_vertex_idx: 24
[INFO] [1787290377.573448, 707.100000]:                     covered_vertices: ()
[INFO] [1787290377.574174, 707.100000]: Handle local replanning...
[INFO] [1787290377.574876, 707.100000]: curr path length: 45, is_loop length: 45
[INFO] [1787290377.575484, 707.100000]: Send new plan: 8 7 6 5 4 3 9 15 16 10 11 35 37 20 19 15(L) 19 23 29 30 24 25 31 32 26  ---> 27 33 34 28 22 21 38 26(L) 38 36 35(L) 36 12 13 17 18 22(L) 18 14 8(L) 
[INFO] [1787290382.569836, 712.100000]: Really visited vertices: 8 7 6 5 4 3 9 15 16 10 11 35 37 20 19 15 19 23 29 30 24 25 31 32 
[INFO] [1787290383.375005, 712.900000]: Replanning request. curr_vertex_idx: 24
[INFO] [1787290383.375944, 712.900000]:                     covered_vertices: ()
[INFO] [1787290383.376594, 712.900000]: Handle local replanning...
[INFO] [1787290383.377140, 712.900000]: curr path length: 45, is_loop length: 45
[INFO] [1787290383.377644, 712.900000]: Send new plan: 8 7 6 5 4 3 9 15 16 10 11 35 37 20 19 15(L) 19 23 29 30 24 25 31 32 26  ---> 27 33 34 28 22 21 38 26(L) 38 36 35(L) 36 12 13 17 18 22(L) 18 14 8(L) 
[INFO] [1787290389.650306, 719.200000]: Replanning request. curr_vertex_idx: 24
[INFO] [1787290389.651124, 719.200000]:                     covered_vertices: ()
[INFO] [1787290389.651749, 719.200000]: Handle local replanning...
[INFO] [1787290389.652225, 719.200000]: curr path length: 45, is_loop length: 45
[INFO] [1787290389.652582, 719.200000]: Send new plan: 8 7 6 5 4 3 9 15 16 10 11 35 37 20 19 15(L) 19 23 29 30 24 25 31 32 26  ---> 27 33 34 28 22 21 38 26(L) 38 36 35(L) 36 12 13 17 18 22(L) 18 14 8(L) 
[INFO] [1787290394.566743, 724.100000]: Really visited vertices: 8 7 6 5 4 3 9 15 16 10 11 35 37 20 19 15 19 23 29 30 24 25 31 32 26 
[INFO] [1787290395.376849, 724.900000]: Replanning request. curr_vertex_idx: 25
[INFO] [1787290395.377844, 724.900000]:                     covered_vertices: ()
[INFO] [1787290395.378435, 724.900000]: Handle local replanning...
[INFO] [1787290395.378995, 724.900000]: Local path to replan: [27, 33, 34, 28, 22, 21, 38, 26]
Original tsp path is better!
[INFO] [1787290395.391201, 724.900000]: curr path length: 45, is_loop length: 45
[INFO] [1787290395.392235, 724.900000]: Send new plan: 8 7 6 5 4 3 9 15 16 10 11 35 37 20 19 15(L) 19 23 29 30 24 25 31 32 26 27  ---> 33 34 28 22 21 38 26(L) 38 36 35(L) 36 12 13 17 18 22(L) 18 14 8(L) 
[INFO] [1787290401.480742, 731.000000]: Replanning request. curr_vertex_idx: 25
[INFO] [1787290401.481467, 731.000000]:                     covered_vertices: ()
[INFO] [1787290401.481926, 731.000000]: Handle local replanning...
[INFO] [1787290401.482312, 731.000000]: Local path to replan: [27, 33, 34, 28, 22, 21, 38, 26]
Original tsp path is better!
[INFO] [1787290401.495281, 731.000000]: curr path length: 45, is_loop length: 45
[INFO] [1787290401.496354, 731.000000]: Send new plan: 8 7 6 5 4 3 9 15 16 10 11 35 37 20 19 15(L) 19 23 29 30 24 25 31 32 26 27  ---> 33 34 28 22 21 38 26(L) 38 36 35(L) 36 12 13 17 18 22(L) 18 14 8(L) 
[INFO] [1787290407.668947, 737.200000]: Replanning request. curr_vertex_idx: 25
[INFO] [1787290407.670115, 737.200000]:                     covered_vertices: ()
[INFO] [1787290407.670749, 737.200000]: Handle local replanning...
[INFO] [1787290407.671263, 737.200000]: Local path to replan: [27, 33, 34, 28, 22, 21, 38, 26]
Original tsp path is better!
[INFO] [1787290407.683313, 737.200000]: curr path length: 45, is_loop length: 45
[INFO] [1787290407.684513, 737.200000]: Send new plan: 8 7 6 5 4 3 9 15 16 10 11 35 37 20 19 15(L) 19 23 29 30 24 25 31 32 26 27  ---> 33 34 28 22 21 38 26(L) 38 36 35(L) 36 12 13 17 18 22(L) 18 14 8(L) 
[INFO] [1787290412.752956, 742.300000]: Really visited vertices: 8 7 6 5 4 3 9 15 16 10 11 35 37 20 19 15 19 23 29 30 24 25 31 32 26 32 26 
[INFO] [1787290413.388884, 742.900000]: Replanning request. curr_vertex_idx: 25
[INFO] [1787290413.389702, 742.900000]:                     covered_vertices: ()
[INFO] [1787290413.390338, 742.900000]: Handle local replanning...
[INFO] [1787290413.390723, 742.900000]: Local path to replan: [27, 33, 34, 28, 22, 21, 38, 26]
Reverse tsp path is better!
[INFO] [1787290413.403733, 742.900000]: curr path length: 45, is_loop length: 45
[INFO] [1787290413.405005, 742.900000]: Send new plan: 8 7 6 5 4 3 9 15 16 10 11 35 37 20 19 15(L) 19 23 29 30 24 25 31 32 26 27  ---> 33 34 28 22 21 38 26(L) 38 36 35(L) 36 12 13 17 18 22(L) 18 14 8(L) 
[INFO] [1787290415.593823, 745.100000]: Replanning request. curr_vertex_idx: 25
[INFO] [1787290415.594618, 745.100000]:                     covered_vertices: ()
[INFO] [1787290415.595176, 745.100000]: Handle local replanning...
[INFO] [1787290415.595769, 745.100000]: Local path to replan: [27, 33, 34, 28, 22, 21, 38, 26]
Original tsp path is better!
[INFO] [1787290415.609635, 745.100000]: curr path length: 45, is_loop length: 45
[WARN] [1787290415.611898095, 745.100000000]: No frontier at vertex 27. #Frontier: 0
concorde /tmp/tmpo590h7oj/problem.tsp
Host: msxg  Current process id: 62800
Using random seed 1787290421
Number of Nodes: 14
Explicit Lengths (CC_MATRIXNORM)
Set initial upperbound to 449 (from tour)
ERROR: No dual change in basis finding code
Did not find a basic optimal solution
Fractional matching routine failed
Warning: restarting running timer Miscellaneous
No warmstart, stumbling on anyway
Basic dual change required, but no candidate edges
  LP Value  1: 449.000000  (0.00 seconds)
New lower bound: 449.000000
Final lower bound 449.000000, upper bound 449.000000
Exact lower bound: 449.000000
DIFF: 0.000000
Final LP has 14 rows, 16 columns, 32 nonzeros
Optimal Solution: 449.00
Number of bbnodes: 1
Total Running Time: 0.00 (seconds)
concorde /tmp/tmp7stfnlgc/problem.tsp
Host: msxg  Current process id: 62803
Using random seed 1787290427
Number of Nodes: 14
Explicit Lengths (CC_MATRIXNORM)
Set initial upperbound to 449 (from tour)
ERROR: No dual change in basis finding code
Did not find a basic optimal solution
Fractional matching routine failed
Warning: restarting running timer Miscellaneous
No warmstart, stumbling on anyway
Basic dual change required, but no candidate edges
  LP Value  1: 449.000000  (0.00 seconds)
New lower bound: 449.000000
Final lower bound 449.000000, upper bound 449.000000
Exact lower bound: 449.000000
DIFF: 0.000000
Final LP has 14 rows, 16 columns, 32 nonzeros
Optimal Solution: 449.00
Number of bbnodes: 1
Total Running Time: 0.00 (seconds)
[WARN] [1787290427.430581093, 756.900000000]: No frontier at vertex 33. #Frontier: 0
concorde /tmp/tmpkafzjlqz/problem.tsp
Host: msxg  Current process id: 62812
Using random seed 1787290433
Number of Nodes: 12
Explicit Lengths (CC_MATRIXNORM)
Set initial upperbound to 441 (from tour)
ERROR: No dual change in basis finding code
Did not find a basic optimal solution
Fractional matching routine failed
Warning: restarting running timer Miscellaneous
No warmstart, stumbling on anyway
Basic dual change required, but no candidate edges
  LP Value  1: 441.000000  (0.00 seconds)
New lower bound: 441.000000
Final lower bound 441.000000, upper bound 441.000000
Exact lower bound: 441.000000
DIFF: 0.000000
Final LP has 12 rows, 14 columns, 28 nonzeros
Optimal Solution: 441.00
Number of bbnodes: 1
Total Running Time: 0.00 (seconds)
Warning: TF_REPEATED_DATA ignoring data with redundant timestamp for frame odom (parent offset) at time 768.400000 according to authority unknown_publisher
         at line 277 in /tmp/binarydeb/ros-noetic-tf2-0.7.10/src/buffer_core.cpp
Warning: TF_REPEATED_DATA ignoring data with redundant timestamp for frame offset (parent map) at time 768.400000 according to authority unknown_publisher
         at line 277 in /tmp/binarydeb/ros-noetic-tf2-0.7.10/src/buffer_core.cpp
[INFO] [1787290337.352153786, 666.900000000]: Call local replanning...
[INFO] [1787290343.344777330, 672.900000000]: Call local replanning...
[INFO] [1787290349.733173983, 679.200000000]: Call local replanning...
[INFO] [1787290355.636313528, 685.100000000]: Call local replanning...
[INFO] [1787290361.550540088, 691.100000000]: Call local replanning...
[INFO] [1787290361.555266370, 691.100000000]: Reach vertex 32
[INFO] [1787290361.557398762, 691.100000000]: Explore Goal 32 's frontiers...
[INFO] [1787290365.454805686, 695.000000000]: Call local replanning...
[INFO] [1787290365.469569109, 695.000000000]: Explore Goal 32 's frontiers...
[INFO] [1787290371.451041019, 701.000000000]: Call local replanning...
[INFO] [1787290371.456134176, 701.000000000]: Set newGoal 26
[INFO] [1787290377.571364516, 707.100000000]: Call local replanning...
[INFO] [1787290383.373829692, 712.900000000]: Call local replanning...
[INFO] [1787290389.649099002, 719.200000000]: Call local replanning...
[INFO] [1787290389.653355419, 719.200000000]: Reach vertex 26
[INFO] [1787290389.653424742, 719.200000000]: Set newGoal 27
[INFO] [1787290389.653444971, 719.200000000]: Find middle goal point.
[INFO] [1787290395.375630379, 724.900000000]: Call local replanning...
[INFO] [1787290395.393262674, 724.900000000]: Find middle goal point.
[INFO] [1787290401.479710766, 731.000000000]: Call local replanning...
[INFO] [1787290401.497165660, 731.000000000]: Find middle goal point.
[INFO] [1787290407.667579570, 737.200000000]: Call local replanning...
[INFO] [1787290407.685518160, 737.200000000]: Find middle goal point.
[INFO] [1787290413.387863026, 742.900000000]: Call local replanning...
[INFO] [1787290413.406105439, 742.900000000]: Reach vertex 27
[INFO] [1787290413.408193418, 742.900000000]: Explore Goal 27 's frontiers...
[INFO] [1787290415.592702334, 745.100000000]: Call local replanning...
[INFO] [1787290415.611930530, 745.100000000]: Set newGoal 33
[INFO] [1787290421.526010705, 751.000000000]: Call local replanning...
[INFO] [1787290421.544610406, 751.100000000]: Reach vertex 33
[INFO] [1787290421.549770642, 751.100000000]: Explore Goal 33 's frontiers...
[INFO] [1787290427.408246447, 756.900000000]: Call local replanning...
[INFO] [1787290427.430629773, 756.900000000]: Set newGoal 34
[INFO] [1787290433.620186307, 763.100000000]: Call local replanning...
Warning: TF_REPEATED_DATA ignoring data with redundant timestamp for frame odom (parent offset) at time 768.400000 according to authority unknown_publisher
         at line 277 in /tmp/binarydeb/ros-noetic-tf2-0.7.10/src/buffer_core.cpp
Warning: TF_REPEATED_DATA ignoring data with redundant timestamp for frame offset (parent map) at time 768.400000 according to authority unknown_publisher
         at line 277 in /tmp/binarydeb/ros-noetic-tf2-0.7.10/src/buffer_core.cpp
Warning: TF_REPEATED_DATA ignoring data with redundant timestamp for frame odom (parent offset) at time 768.400000 according to authority unknown_publisher[WARN] [1787290438.908395932, 768.400000000]: TF_REPEATED_DATA ignoring data with redundant timestamp for frame odom (parent offset) at time 768.400000 according to authority unknown_publisher

         at line 277 in /tmp/binarydeb/ros-noetic-tf2-0.7.10/src/buffer_core.cpp
Warning: TF_REPEATED_DATA ignoring data with redundant timestamp for frame offset (parent map) at time 768.400000 according to authority unknown_publisher
         at line 277 in /tmp/binarydeb/ros-noetic-tf2-0.7.10/src/buffer_core.cpp
[WARN] [1787290438.908456250, 768.400000000]: TF_REPEATED_DATA ignoring data with redundant timestamp for frame offset (parent map) at time 768.400000 according to authority unknown_publisher
Warning: TF_REPEATED_DATA ignoring data with redundant timestamp for frame odom (parent offset) at time 768.400000 according to authority unknown_publisher
         at line 277 in /tmp/binarydeb/ros-noetic-tf2-0.7.10/src/buffer_core.cpp
Warning: TF_REPEATED_DATA ignoring data with redundant timestamp for frame offset (parent map) at time 768.400000 according to authority unknown_publisher
         at line 277 in /tmp/binarydeb/ros-noetic-tf2-0.7.10/src/buffer_core.cpp
concorde /tmp/tmpuc1ppuan/problem.tsp
Host: msxg  Current process id: 62821
Using random seed 1787290439
Number of Nodes: 12
Explicit Lengths (CC_MATRIXNORM)
Set initial upperbound to 441 (from tour)
ERROR: No dual change in basis finding code
Did not find a basic optimal solution
Fractional matching routine failed
Warning: restarting running timer Miscellaneous
No warmstart, stumbling on anyway
Basic dual change required, but no candidate edges
  LP Value  1: 441.000000  (0.00 seconds)
New lower bound: 441.000000
Final lower bound 441.000000, upper bound 441.000000
Exact lower bound: 441.000000
DIFF: 0.000000
Final LP has 12 rows, 13 columns, 26 nonzeros
Optimal Solution: 441.00
Number of bbnodes: 1
Total Running Time: 0.00 (seconds)
concorde /tmp/tmpuapmgf_m/problem.tsp
Host: msxg  Current process id: 62854
Using random seed 1787290445
Number of Nodes: 12
Explicit Lengths (CC_MATRIXNORM)
Set initial upperbound to 441 (from tour)
ERROR: No dual change in basis finding code
Did not find a basic optimal solution
Fractional matching routine failed
Warning: restarting running timer Miscellaneous
No warmstart, stumbling on anyway
Basic dual change required, but no candidate edges
  LP Value  1: 441.000000  (0.00 seconds)
New lower bound: 441.000000
Final lower bound 441.000000, upper bound 441.000000
Exact lower bound: 441.000000
DIFF: 0.000000
Final LP has 12 rows, 14 columns, 28 nonzeros
Optimal Solution: 441.00
Number of bbnodes: 1
Total Running Time: 0.00 (seconds)
concorde /tmp/tmp2ym2y658/problem.tsp
Host: msxg  Current process id: 62857
Using random seed 1787290450
Number of Nodes: 12
Explicit Lengths (CC_MATRIXNORM)
Set initial upperbound to 441 (from tour)
ERROR: No dual change in basis finding code
Did not find a basic optimal solution
Fractional matching routine failed
Warning: restarting running timer Miscellaneous
No warmstart, stumbling on anyway
Basic dual change required, but no candidate edges
  LP Value  1: 441.000000  (0.00 seconds)
New lower bound: 441.000000
Final lower bound 441.000000, upper bound 441.000000
Exact lower bound: 441.000000
DIFF: 0.000000
Final LP has 12 rows, 13 columns, 26 nonzeros
Optimal Solution: 441.00
Number of bbnodes: 1
Total Running Time: 0.00 (seconds)
concorde /tmp/tmpn3ejh2bu/problem.tsp
Host: msxg  Current process id: 62861
Using random seed 1787290456
Number of Nodes: 12
Explicit Lengths (CC_MATRIXNORM)
Set initial upperbound to 441 (from tour)
ERROR: No dual change in basis finding code
Did not find a basic optimal solution
Fractional matching routine failed
Warning: restarting running timer Miscellaneous
No warmstart, stumbling on anyway
Basic dual change required, but no candidate edges
  LP Value  1: 441.000000  (0.00 seconds)
New lower bound: 441.000000
Final lower bound 441.000000, upper bound 441.000000
Exact lower bound: 441.000000
DIFF: 0.000000
Final LP has 12 rows, 14 columns, 28 nonzeros
Optimal Solution: 441.00
Number of bbnodes: 1
Total Running Time: 0.00 (seconds)
[WARN] [1787290456.421260999, 785.900000000]: No frontier at vertex 34. #Frontier: 0
concorde /tmp/tmpsbq5rnty/problem.tsp
Host: msxg  Current process id: 62867
Using random seed 1787290462
Number of Nodes: 10
Explicit Lengths (CC_MATRIXNORM)
Set initial upperbound to 361 (from tour)
ERROR: No dual change in basis finding code
Did not find a basic optimal solution
Fractional matching routine failed
Warning: restarting running timer Miscellaneous
No warmstart, stumbling on anyway
Basic dual change required, but no candidate edges
  LP Value  1: 361.000000  (0.00 seconds)
New lower bound: 361.000000
Final lower bound 361.000000, upper bound 361.000000
Exact lower bound: 361.000000
DIFF: 0.000000
Final LP has 10 rows, 12 columns, 24 nonzeros
Optimal Solution: 361.00
Number of bbnodes: 1
Total Running Time: 0.00 (seconds)
Warning: TF_REPEATED_DATA ignoring data with redundant timestamp for frame odom (parent offset) at time 797.700000 according to authority unknown_publisher
         at line 277 in /tmp/binarydeb/ros-noetic-tf2-0.7.10/src/buffer_core.cpp
Warning: TF_REPEATED_DATA ignoring data with redundant timestamp for frame offset (parent map) at time 797.700000 according to authority unknown_publisher
         at line 277 in /tmp/binarydeb/ros-noetic-tf2-0.7.10/src/buffer_core.cpp
[INFO] [1787290439.382685369, 768.900000000]: Call local replanning...
[INFO] [1787290445.617451975, 775.100000000]: Call local replanning...
[INFO] [1787290450.503893627, 780.000000000]: Call local replanning...
[INFO] [1787290450.522786192, 780.000000000]: Reach vertex 34
[INFO] [1787290450.526119192, 780.000000000]: Explore Goal 34 's frontiers...
[INFO] [1787290456.402688232, 785.900000000]: Call local replanning...
[INFO] [1787290456.421303668, 785.900000000]: Set newGoal 28
[INFO] [1787290462.406801110, 791.900000000]: Call local replanning...
Warning: TF_REPEATED_DATA ignoring data with redundant timestamp for frame odom (parent offset) at time 797.700000 according to authority unknown_publisher
         at line 277 in /tmp/binarydeb/ros-noetic-tf2-0.7.10/src/buffer_core.cpp
Warning: TF_REPEATED_DATA ignoring data with redundant timestamp for frame offset (parent map) at time 797.700000 according to authority unknown_publisher
         at line 277Warning:  in /tmp/binarydeb/ros-noetic-tf2-0.7.10/src/buffer_core.cppTF_REPEATED_DATA ignoring data with redundant timestamp for frame odom (parent offset) at time 797.700000 according to authority unknown_publisher

         at line 277 in /tmp/binarydeb/ros-noetic-tf2-0.7.10/src/buffer_core.cpp
Warning: TF_REPEATED_DATA ignoring data with redundant timestamp for frame offset (parent map) at time 797.700000 according to authority unknown_publisher
         at line 277 in /tmp/binarydeb/ros-noetic-tf2-0.7.10/src/buffer_core.cpp
Warning: TF_REPEATED_DATA ignoring data with redundant timestamp for frame odom (parent offset) at time 797.700000 according to authority unknown_publisher
         at line 277 in /tmp/binarydeb/ros-noetic-tf2-0.7.10/src/buffer_core.cpp
Warning: TF_REPEATED_DATA ignoring data with redundant timestamp for frame offset (parent map) at time 797.700000 according to authority unknown_publisher
         at line 277 in /tmp/binarydeb/ros-noetic-tf2-0.7.10/src/buffer_core.cpp
[WARN] [1787290468.169626665, 797.700000000]: TF_REPEATED_DATA ignoring data with redundant timestamp for frame odom (parent offset) at time 797.700000 according to authority unknown_publisher
[WARN] [1787290468.169660090, 797.700000000]: TF_REPEATED_DATA ignoring data with redundant timestamp for frame offset (parent map) at time 797.700000 according to authority unknown_publisher
concorde /tmp/tmpk3i7skpw/problem.tsp
Host: msxg  Current process id: 62881
Using random seed 1787290468
Number of Nodes: 10
Explicit Lengths (CC_MATRIXNORM)
Set initial upperbound to 361 (from tour)
ERROR: No dual change in basis finding code
Did not find a basic optimal solution
Fractional matching routine failed
Warning: restarting running timer Miscellaneous
No warmstart, stumbling on anyway
Basic dual change required, but no candidate edges
  LP Value  1: 361.000000  (0.00 seconds)
New lower bound: 361.000000
Final lower bound 361.000000, upper bound 361.000000
Exact lower bound: 361.000000
DIFF: 0.000000
Final LP has 10 rows, 11 columns, 22 nonzeros
Optimal Solution: 361.00
Number of bbnodes: 1
Total Running Time: 0.00 (seconds)
[WARN] [1787290468.971234692, 798.500000000]: Missed desired rate of 1.00Hz! Loop actually took 1.1000 seconds!
Warning: TF_REPEATED_DATA ignoring data with redundant timestamp for frame odom (parent offset) at time 803.700000 according to authority unknown_publisher
         at line 277 in /tmp/binarydeb/ros-noetic-tf2-0.7.10/src/buffer_core.cpp
Warning: TF_REPEATED_DATA ignoring data with redundant timestamp for frame offset (parent map) at time 803.700000 according to authority unknown_publisher
         at line 277 in /tmp/binarydeb/ros-noetic-tf2-0.7.10/src/buffer_core.cpp
Warning: TF_REPEATED_DATA ignoring data with redundant timestamp for frame odom (parent offset) at time 803.700000 according to authority unknown_publisher
         at line 277 in /tmp/binarydeb/ros-noetic-tf2-0.7.10/src/buffer_core.cpp
Warning: TF_REPEATED_DATA ignoring data with redundant timestamp for frame offset (parent map) at time 803.700000 according to authority unknown_publisher
         at line 277 in /tmp/binarydeb/ros-noetic-tf2-0.7.10/src/buffer_core.cpp
[INFO] [1787290468.845173381, 798.400000000]: Call local replanning...
Warning: TF_REPEATED_DATA ignoring data with redundant timestamp for frame odom (parent offset) at time 803.700000 according to authority unknown_publisher
         at line Warning: 277TF_REPEATED_DATA ignoring data with redundant timestamp for frame odom (parent offset) at time 803.700000 according to authority unknown_publisher in 
/tmp/binarydeb/ros-noetic-tf2-0.7.10/src/buffer_core.cpp         at line 
277 in /tmp/binarydeb/ros-noetic-tf2-0.7.10/src/buffer_core.cpp
Warning: Warning: TF_REPEATED_DATA ignoring data with redundant timestamp for frame offset (parent map) at time 803.700000 according to authority unknown_publisherTF_REPEATED_DATA ignoring data with redundant timestamp for frame offset (parent map) at time 803.700000 according to authority unknown_publisher

         at line          at line 277277 in  in /tmp/binarydeb/ros-noetic-tf2-0.7.10/src/buffer_core.cpp/tmp/binarydeb/ros-noetic-tf2-0.7.10/src/buffer_core.cpp

[WARN] [1787290474.148206023, 803.700000000]: TF_REPEATED_DATA ignoring data with redundant timestamp for frame odom (parent offset) at time 803.700000 according to authority unknown_publisher
[WARN] [1787290474.148240911, 803.700000000]: TF_REPEATED_DATA ignoring data with redundant timestamp for frame offset (parent map) at time 803.700000 according to authority unknown_publisher
concorde /tmp/tmphmxf4dkx/problem.tsp
Host: msxg  Current process id: 62913
Using random seed 1787290474
Number of Nodes: 10
Explicit Lengths (CC_MATRIXNORM)
Set initial upperbound to 361 (from tour)
ERROR: No dual change in basis finding code
Did not find a basic optimal solution
Fractional matching routine failed
Warning: restarting running timer Miscellaneous
No warmstart, stumbling on anyway
Basic dual change required, but no candidate edges
  LP Value  1: 361.000000  (0.00 seconds)
New lower bound: 361.000000
Final lower bound 361.000000, upper bound 361.000000
Exact lower bound: 361.000000
DIFF: 0.000000
Final LP has 10 rows, 11 columns, 22 nonzeros
Optimal Solution: 361.00
Number of bbnodes: 1
Total Running Time: 0.00 (seconds)
Warning: TF_REPEATED_DATA ignoring data with redundant timestamp for frame odom (parent offset) at time 809.700000 according to authority unknown_publisher[INFO] [1787290474.657976181, 804.200000000]: Call local replanning...

Warning:          at line TF_REPEATED_DATA ignoring data with redundant timestamp for frame odom (parent offset) at time 809.700000 according to authority unknown_publisher277
 in          at line /tmp/binarydeb/ros-noetic-tf2-0.7.10/src/buffer_core.cpp277
 in /tmp/binarydeb/ros-noetic-tf2-0.7.10/src/buffer_core.cpp
Warning: TF_REPEATED_DATA ignoring data with redundant timestamp for frame offset (parent map) at time 809.700000 according to authority unknown_publisher
Warning:          at line Warning: TF_REPEATED_DATA ignoring data with redundant timestamp for frame odom (parent offset) at time 809.700000 according to authority unknown_publisher277TF_REPEATED_DATA ignoring data with redundant timestamp for frame offset (parent map) at time 809.700000 according to authority unknown_publisher
 in 
         at line /tmp/binarydeb/ros-noetic-tf2-0.7.10/src/buffer_core.cpp         at line 277
277 in  in /tmp/binarydeb/ros-noetic-tf2-0.7.10/src/buffer_core.cpp/tmp/binarydeb/ros-noetic-tf2-0.7.10/src/buffer_core.cpp

Warning: TF_REPEATED_DATA ignoring data with redundant timestamp for frame offset (parent map) at time 809.700000 according to authority unknown_publisher
         at line 277 in /tmp/binarydeb/ros-noetic-tf2-0.7.10/src/buffer_core.cpp
Warning: TF_REPEATED_DATA ignoring data with redundant timestamp for frame odom (parent offset) at time 809.700000 according to authority unknown_publisher
         at line 277 in /tmp/binarydeb/ros-noetic-tf2-0.7.10/src/buffer_core.cpp
Warning: TF_REPEATED_DATA ignoring data with redundant timestamp for frame offset (parent map) at time 809.700000 according to authority unknown_publisher
         at line 277 in /tmp/binarydeb/ros-noetic-tf2-0.7.10/src/buffer_core.cpp
[WARN] [1787290480.165303308, 809.700000000]: TF_REPEATED_DATA ignoring data with redundant timestamp for frame odom (parent offset) at time 809.700000 according to authority unknown_publisher
[WARN] [1787290480.165326354, 809.700000000]: TF_REPEATED_DATA ignoring data with redundant timestamp for frame offset (parent map) at time 809.700000 according to authority unknown_publisher
concorde /tmp/tmp35byclyq/problem.tsp
Host: msxg  Current process id: 62917
Using random seed 1787290480
Number of Nodes: 10
Explicit Lengths (CC_MATRIXNORM)
Set initial upperbound to 361 (from tour)
ERROR: No dual change in basis finding code
Did not find a basic optimal solution
Fractional matching routine failed
Warning: restarting running timer Miscellaneous
No warmstart, stumbling on anyway
Basic dual change required, but no candidate edges
  LP Value  1: 361.000000  (0.00 seconds)
New lower bound: 361.000000
Final lower bound 361.000000, upper bound 361.000000
Exact lower bound: 361.000000
DIFF: 0.000000
Final LP has 10 rows, 12 columns, 24 nonzeros
Optimal Solution: 361.00
Number of bbnodes: 1
Total Running Time: 0.00 (seconds)
Warning: TF_REPEATED_DATA ignoring data with redundant timestamp for frame odom (parent offset) at time 814.700000 according to authority unknown_publisher
         at line 277 in /tmp/binarydeb/ros-noetic-tf2-0.7.10/src/buffer_core.cpp
Warning: TF_REPEATED_DATA ignoring data with redundant timestamp for frame offset (parent map) at time 814.700000 according to authority unknown_publisher
         at line 277 in /tmp/binarydeb/ros-noetic-tf2-0.7.10/src/buffer_core.cpp
[INFO] [1787290480.625901150, 810.100000000]: Call local replanning...
[INFO] [1787290480.645540421, 810.200000000]: Reach vertex 28
[INFO] [1787290480.648615143, 810.200000000]: Explore Goal 28 's frontiers...
Warning: Warning: TF_REPEATED_DATA ignoring data with redundant timestamp for frame odom (parent offset) at time 814.700000 according to authority unknown_publisherTF_REPEATED_DATA ignoring data with redundant timestamp for frame odom (parent offset) at time 814.700000 according to authority unknown_publisher

         at line          at line 277277 in  in /tmp/binarydeb/ros-noetic-tf2-0.7.10/src/buffer_core.cpp/tmp/binarydeb/ros-noetic-tf2-0.7.10/src/buffer_core.cpp

Warning: Warning: TF_REPEATED_DATA ignoring data with redundant timestamp for frame offset (parent map) at time 814.700000 according to authority unknown_publisherTF_REPEATED_DATA ignoring data with redundant timestamp for frame offset (parent map) at time 814.700000 according to authority unknown_publisher

         at line          at line 277277 in  in /tmp/binarydeb/ros-noetic-tf2-0.7.10/src/buffer_core.cpp/tmp/binarydeb/ros-noetic-tf2-0.7.10/src/buffer_core.cpp

Warning: TF_REPEATED_DATA ignoring data with redundant timestamp for frame odom (parent offset) at time 814.700000 according to authority unknown_publisher
         at line 277 in /tmp/binarydeb/ros-noetic-tf2-0.7.10/src/buffer_core.cpp
Warning: TF_REPEATED_DATA ignoring data with redundant timestamp for frame offset (parent map) at time 814.700000 according to authority unknown_publisher
         at line 277 in /tmp/binarydeb/ros-noetic-tf2-0.7.10/src/buffer_core.cpp
[WARN] [1787290485.159937779, 814.700000000]: TF_REPEATED_DATA ignoring data with redundant timestamp for frame odom (parent offset) at time 814.700000 according to authority unknown_publisher
[WARN] [1787290485.159973807, 814.700000000]: TF_REPEATED_DATA ignoring data with redundant timestamp for frame offset (parent map) at time 814.700000 according to authority unknown_publisher
[INFO] [1787290415.610799, 745.100000]: Send new plan: 8 7 6 5 4 3 9 15 16 10 11 35 37 20 19 15(L) 19 23 29 30 24 25 31 32 26 27  ---> 33 34 28 22 21 38 26(L) 38 36 35(L) 36 12 13 17 18 22(L) 18 14 8(L) 
[INFO] [1787290420.857441, 750.400000]: Really visited vertices: 8 7 6 5 4 3 9 15 16 10 11 35 37 20 19 15 19 23 29 30 24 25 31 32 26 32 26 27 
[INFO] [1787290421.527240, 751.000000]: Replanning request. curr_vertex_idx: 26
[INFO] [1787290421.528105, 751.000000]:                     covered_vertices: ()
[INFO] [1787290421.528806, 751.000000]: Handle local replanning...
[INFO] [1787290421.529683, 751.000000]: Local path to replan: [33, 34, 28, 22, 21, 38, 26]
Reverse tsp path is better!
[INFO] [1787290421.542197, 751.100000]: curr path length: 45, is_loop length: 45
[INFO] [1787290421.543343, 751.100000]: Send new plan: 8 7 6 5 4 3 9 15 16 10 11 35 37 20 19 15(L) 19 23 29 30 24 25 31 32 26 27 33  ---> 34 28 22 21 38 26(L) 38 36 35(L) 36 12 13 17 18 22(L) 18 14 8(L) 
[INFO] [1787290426.582443, 756.100000]: Really visited vertices: 8 7 6 5 4 3 9 15 16 10 11 35 37 20 19 15 19 23 29 30 24 25 31 32 26 32 26 27 33 
[INFO] [1787290427.409297, 756.900000]: Replanning request. curr_vertex_idx: 26
[INFO] [1787290427.410067, 756.900000]:                     covered_vertices: ()
[INFO] [1787290427.410726, 756.900000]: Handle local replanning...
[INFO] [1787290427.411299, 756.900000]: Local path to replan: [33, 34, 28, 22, 21, 38, 26]
Reverse tsp path is better!
[INFO] [1787290427.427255, 756.900000]: curr path length: 45, is_loop length: 45
[INFO] [1787290427.429059, 756.900000]: Send new plan: 8 7 6 5 4 3 9 15 16 10 11 35 37 20 19 15(L) 19 23 29 30 24 25 31 32 26 27 33  ---> 34 28 22 21 38 26(L) 38 36 35(L) 36 12 13 17 18 22(L) 18 14 8(L) 
[INFO] [1787290432.065589, 761.600000]: Really visited vertices: 8 7 6 5 4 3 9 15 16 10 11 35 37 20 19 15 19 23 29 30 24 25 31 32 26 32 26 27 33 
[INFO] [1787290433.621505, 763.100000]: Replanning request. curr_vertex_idx: 27
[INFO] [1787290433.622603, 763.100000]:                     covered_vertices: ()
[INFO] [1787290433.623245, 763.100000]: Handle local replanning...
[INFO] [1787290433.623805, 763.100000]: Local path to replan: [34, 28, 22, 21, 38, 26]
Original tsp path is better!
[INFO] [1787290433.635856, 763.100000]: curr path length: 45, is_loop length: 45
[INFO] [1787290433.637054, 763.200000]: Send new plan: 8 7 6 5 4 3 9 15 16 10 11 35 37 20 19 15(L) 19 23 29 30 24 25 31 32 26 27 33 34  ---> 28 22 21 38 26(L) 38 36 35(L) 36 12 13 17 18 22(L) 18 14 8(L) 
[INFO] [1787290438.907589, 768.400000]: Really visited vertices: 8 7 6 5 4 3 9 15 16 10 11 35 37 20 19 15 19 23 29 30 24 25 31 32 26 32 26 27 33 
[INFO] [1787290439.383922, 768.900000]: Replanning request. curr_vertex_idx: 27
[INFO] [1787290439.385049, 768.900000]:                     covered_vertices: ()
[INFO] [1787290439.385757, 768.900000]: Handle local replanning...
[INFO] [1787290439.386477, 768.900000]: Local path to replan: [34, 28, 22, 21, 38, 26]
Reverse tsp path is better!
[INFO] [1787290439.399160, 768.900000]: curr path length: 45, is_loop length: 45
[INFO] [1787290439.400400, 768.900000]: Send new plan: 8 7 6 5 4 3 9 15 16 10 11 35 37 20 19 15(L) 19 23 29 30 24 25 31 32 26 27 33 34  ---> 28 22 21 38 26(L) 38 36 35(L) 36 12 13 17 18 22(L) 18 14 8(L) 
[INFO] [1787290444.276484, 773.800000]: Really visited vertices: 8 7 6 5 4 3 9 15 16 10 11 35 37 20 19 15 19 23 29 30 24 25 31 32 26 32 26 27 33 
[INFO] [1787290445.618665, 775.100000]: Replanning request. curr_vertex_idx: 27
[INFO] [1787290445.619669, 775.100000]:                     covered_vertices: ()
[INFO] [1787290445.620272, 775.100000]: Handle local replanning...
[INFO] [1787290445.620890, 775.100000]: Local path to replan: [34, 28, 22, 21, 38, 26]
Original tsp path is better!
[INFO] [1787290445.633188, 775.100000]: curr path length: 45, is_loop length: 45
[INFO] [1787290445.634300, 775.100000]: Send new plan: 8 7 6 5 4 3 9 15 16 10 11 35 37 20 19 15(L) 19 23 29 30 24 25 31 32 26 27 33 34  ---> 28 22 21 38 26(L) 38 36 35(L) 36 12 13 17 18 22(L) 18 14 8(L) 
[INFO] [1787290450.505042, 780.000000]: Replanning request. curr_vertex_idx: 27
[INFO] [1787290450.506221, 780.000000]:                     covered_vertices: ()
[INFO] [1787290450.506938, 780.000000]: Handle local replanning...
[INFO] [1787290450.507524, 780.000000]: Local path to replan: [34, 28, 22, 21, 38, 26]
Reverse tsp path is better!
[INFO] [1787290450.520343, 780.000000]: curr path length: 45, is_loop length: 45
[INFO] [1787290450.521609, 780.000000]: Send new plan: 8 7 6 5 4 3 9 15 16 10 11 35 37 20 19 15(L) 19 23 29 30 24 25 31 32 26 27 33 34  ---> 28 22 21 38 26(L) 38 36 35(L) 36 12 13 17 18 22(L) 18 14 8(L) 
[INFO] [1787290455.273506, 784.800000]: Really visited vertices: 8 7 6 5 4 3 9 15 16 10 11 35 37 20 19 15 19 23 29 30 24 25 31 32 26 32 26 27 33 34 
[INFO] [1787290456.403821, 785.900000]: Replanning request. curr_vertex_idx: 27
[INFO] [1787290456.404830, 785.900000]:                     covered_vertices: ()
[INFO] [1787290456.405366, 785.900000]: Handle local replanning...
[INFO] [1787290456.406203, 785.900000]: Local path to replan: [34, 28, 22, 21, 38, 26]
Original tsp path is better!
[INFO] [1787290456.418730, 785.900000]: curr path length: 45, is_loop length: 45
[INFO] [1787290456.420098, 785.900000]: Send new plan: 8 7 6 5 4 3 9 15 16 10 11 35 37 20 19 15(L) 19 23 29 30 24 25 31 32 26 27 33 34  ---> 28 22 21 38 26(L) 38 36 35(L) 36 12 13 17 18 22(L) 18 14 8(L) 
[INFO] [1787290461.719323, 791.200000]: Really visited vertices: 8 7 6 5 4 3 9 15 16 10 11 35 37 20 19 15 19 23 29 30 24 25 31 32 26 32 26 27 33 34 
[INFO] [1787290462.407759, 791.900000]: Replanning request. curr_vertex_idx: 28
[INFO] [1787290462.408421, 791.900000]:                     covered_vertices: ()
[INFO] [1787290462.409490, 791.900000]: Handle local replanning...
[INFO] [1787290462.410234, 791.900000]: Local path to replan: [28, 22, 21, 38, 26]
Original tsp path is better!
[INFO] [1787290462.423674, 791.900000]: curr path length: 45, is_loop length: 45
[INFO] [1787290462.425052, 791.900000]: Send new plan: 8 7 6 5 4 3 9 15 16 10 11 35 37 20 19 15(L) 19 23 29 30 24 25 31 32 26 27 33 34 28  ---> 22 21 38 26(L) 38 36 35(L) 36 12 13 17 18 22(L) 18 14 8(L) 
[INFO] [1787290468.846245, 798.400000]: Replanning request. curr_vertex_idx: 28
[INFO] [1787290468.847216, 798.400000]:                     covered_vertices: ()
[INFO] [1787290468.847903, 798.400000]: Handle local replanning...
[INFO] [1787290468.848578, 798.400000]: Local path to replan: [28, 22, 21, 38, 26]
Reverse tsp path is better!
[INFO] [1787290468.861967, 798.400000]: curr path length: 45, is_loop length: 45
[INFO] [1787290468.863405, 798.400000]: Send new plan: 8 7 6 5 4 3 9 15 16 10 11 35 37 20 19 15(L) 19 23 29 30 24 25 31 32 26 27 33 34 28  ---> 22 21 38 26(L) 38 36 35(L) 36 12 13 17 18 22(L) 18 14 8(L) 
[INFO] [1787290474.659333, 804.200000]: Replanning request. curr_vertex_idx: 28
[INFO] [1787290474.660545, 804.200000]:                     covered_vertices: ()
[INFO] [1787290474.661207, 804.200000]: Handle local replanning...
[INFO] [1787290474.661908, 804.200000]: Local path to replan: [28, 22, 21, 38, 26]
Reverse tsp path is better!
[INFO] [1787290474.673975, 804.200000]: curr path length: 45, is_loop length: 45
[INFO] [1787290474.675307, 804.200000]: Send new plan: 8 7 6 5 4 3 9 15 16 10 11 35 37 20 19 15(L) 19 23 29 30 24 25 31 32 26 27 33 34 28  ---> 22 21 38 26(L) 38 36 35(L) 36 12 13 17 18 22(L) 18 14 8(L) 
[INFO] [1787290480.626979, 810.100000]: Replanning request. curr_vertex_idx: 28
[INFO] [1787290480.627944, 810.100000]:                     covered_vertices: ()
[INFO] [1787290480.628691, 810.100000]: Handle local replanning...
[INFO] [1787290480.629410, 810.100000]: Local path to replan: [28, 22, 21, 38, 26]
Original tsp path is better!
[INFO] [1787290480.642949, 810.200000]: curr path length: 45, is_loop length: 45
[INFO] [1787290480.644369, 810.200000]: Send new plan: 8 7 6 5 4 3 9 15 16 10 11 35 37 20 19 15(L) 19 23 29 30 24 25 31 32 26 27 33 34 28  ---> 22 21 38 26(L) 38 36 35(L) 36 12 13 17 18 22(L) 18 14 8(L) 
concorde /tmp/tmp498wdox7/problem.tsp
Host: msxg  Current process id: 62920
Using random seed 1787290485
Number of Nodes: 10
Explicit Lengths (CC_MATRIXNORM)
Set initial upperbound to 361 (from tour)
ERROR: No dual change in basis finding code
Did not find a basic optimal solution
Fractional matching routine failed
Warning: restarting running timer Miscellaneous
No warmstart, stumbling on anyway
Basic dual change required, but no candidate edges
  LP Value  1: 361.000000  (0.00 seconds)
New lower bound: 361.000000
Final lower bound 361.000000, upper bound 361.000000
Exact lower bound: 361.000000
DIFF: 0.000000
Final LP has 10 rows, 12 columns, 24 nonzeros
Optimal Solution: 361.00
Number of bbnodes: 1
Total Running Time: 0.00 (seconds)
[WARN] [1787290485.636190171, 815.100000000]: No frontier at vertex 28. #Frontier: 0
concorde /tmp/tmpkbcj8ywr/problem.tsp
Host: msxg  Current process id: 62923
Using random seed 1787290491
Number of Nodes: 8
Explicit Lengths (CC_MATRIXNORM)
Optimal Solution: 325.00
Total Running Time: 0.00 (seconds)
concorde /tmp/tmp4noiyghg/problem.tsp
Host: msxg  Current process id: 62927
Using random seed 1787290497
Number of Nodes: 8
Explicit Lengths (CC_MATRIXNORM)
Optimal Solution: 325.00
Total Running Time: 0.00 (seconds)
concorde /tmp/tmprdyus96h/problem.tsp
Host: msxg  Current process id: 62963
Using random seed 1787290503
Number of Nodes: 8
Explicit Lengths (CC_MATRIXNORM)
Optimal Solution: 325.00
Total Running Time: 0.00 (seconds)
Warning: TF_REPEATED_DATA ignoring data with redundant timestamp for frame odom (parent offset) at time 838.700000 according to authority unknown_publisher
         at line 277 in /tmp/binarydeb/ros-noetic-tf2-0.7.10/src/buffer_core.cpp
Warning: TF_REPEATED_DATA ignoring data with redundant timestamp for frame offset (parent map) at time 838.700000 according to authority unknown_publisher
         at line 277 in /tmp/binarydeb/ros-noetic-tf2-0.7.10/src/buffer_core.cpp
[INFO] [1787290485.618022718, 815.100000000]: Call local replanning...
[INFO] [1787290485.636240935, 815.200000000]: Set newGoal 22
[INFO] [1787290491.534011576, 821.000000000]: Call local replanning...
[INFO] [1787290497.624188022, 827.100000000]: Call local replanning...
[INFO] [1787290503.542348880, 833.100000000]: Call local replanning...
Warning: TF_REPEATED_DATA ignoring data with redundant timestamp for frame odom (parent offset) at time 838.700000 according to authority unknown_publisher
         at line 277 in /tmp/binarydeb/ros-noetic-tf2-0.7.10/src/buffer_core.cpp
Warning: Warning: TF_REPEATED_DATA ignoring data with redundant timestamp for frame offset (parent map) at time 838.700000 according to authority unknown_publisherTF_REPEATED_DATA ignoring data with redundant timestamp for frame odom (parent offset) at time 838.700000 according to authority unknown_publisher

         at line          at line 277 in 277/tmp/binarydeb/ros-noetic-tf2-0.7.10/src/buffer_core.cpp in 
/tmp/binarydeb/ros-noetic-tf2-0.7.10/src/buffer_core.cpp
Warning: TF_REPEATED_DATA ignoring data with redundant timestamp for frame offset (parent map) at time 838.700000 according to authority unknown_publisher
         at line 277 in /tmp/binarydeb/ros-noetic-tf2-0.7.10/src/buffer_core.cpp
Warning: TF_REPEATED_DATA ignoring data with redundant timestamp for frame odom (parent offset) at time 838.700000 according to authority unknown_publisher
         at line 277 in /tmp/binarydeb/ros-noetic-tf2-0.7.10/src/buffer_core.cpp
Warning: TF_REPEATED_DATA ignoring data with redundant timestamp for frame offset (parent map) at time 838.700000 according to authority unknown_publisher
         at line 277 in /tmp/binarydeb/ros-noetic-tf2-0.7.10/src/buffer_core.cpp
[WARN] [1787290509.177362116, 838.700000000]: TF_REPEATED_DATA ignoring data with redundant timestamp for frame odom (parent offset) at time 838.700000 according to authority unknown_publisher
[WARN] [1787290509.177384534, 838.700000000]: TF_REPEATED_DATA ignoring data with redundant timestamp for frame offset (parent map) at time 838.700000 according to authority unknown_publisher
concorde /tmp/tmp20p5seoz/problem.tsp
Host: msxg  Current process id: 62967
Using random seed 1787290509
Number of Nodes: 8
Explicit Lengths (CC_MATRIXNORM)
Optimal Solution: 325.00
Total Running Time: 0.00 (seconds)
[WARN] [1787290509.995946740, 839.500000000]: Missed desired rate of 1.00Hz! Loop actually took 1.1000 seconds!
concorde /tmp/tmppgs9kxq3/problem.tsp
Host: msxg  Current process id: 62970
Using random seed 1787290515
Number of Nodes: 8
Explicit Lengths (CC_MATRIXNORM)
Optimal Solution: 325.00
Total Running Time: 0.00 (seconds)
concorde /tmp/tmpvvoodayk/problem.tsp
Host: msxg  Current process id: 62973
Using random seed 1787290518
Number of Nodes: 8
Explicit Lengths (CC_MATRIXNORM)
Optimal Solution: 325.00
Total Running Time: 0.00 (seconds)
[WARN] [1787290518.783482214, 848.300000000]: No frontier at vertex 22. #Frontier: 0
concorde /tmp/tmpvkcg72zt/problem.tsp
Host: msxg  Current process id: 62977
Using random seed 1787290524
Number of Nodes: 6
Explicit Lengths (CC_MATRIXNORM)
Optimal Solution: 215.00
Total Running Time: 0.00 (seconds)
concorde /tmp/tmp3odnx2pu/problem.tsp
Host: msxg  Current process id: 63010
Using random seed 1787290530
Number of Nodes: 6
Explicit Lengths (CC_MATRIXNORM)
Optimal Solution: 215.00
Total Running Time: 0.00 (seconds)
concorde /tmp/tmpy7qc1mfb/problem.tsp
Host: msxg  Current process id: 63014
Using random seed 1787290536
Number of Nodes: 6
Explicit Lengths (CC_MATRIXNORM)
Optimal Solution: 215.00
Total Running Time: 0.00 (seconds)
concorde /tmp/tmp1kbw568k/problem.tsp
Host: msxg  Current process id: 63018
Using random seed 1787290542
Number of Nodes: 6
Explicit Lengths (CC_MATRIXNORM)
Optimal Solution: 215.00
Total Running Time: 0.00 (seconds)
Warning: TF_REPEATED_DATA ignoring data with redundant timestamp for frame odom (parent offset) at time 889.700000 according to authority unknown_publisher
         at line 277 in /tmp/binarydeb/ros-noetic-tf2-0.7.10/src/buffer_core.cpp
Warning: TF_REPEATED_DATA ignoring data with redundant timestamp for frame offset (parent map) at time 889.700000 according to authority unknown_publisher
         at line 277 in /tmp/binarydeb/ros-noetic-tf2-0.7.10/src/buffer_core.cpp
Warning: TF_REPEATED_DATA ignoring data with redundant timestamp for frame odom (parent offset) at time 889.700000 according to authority unknown_publisher
         at line 277 in /tmp/binarydeb/ros-noetic-tf2-0.7.10/src/buffer_core.cpp
Warning: TF_REPEATED_DATA ignoring data with redundant timestamp for frame offset (parent map) at time 889.700000 according to authority unknown_publisher
         at line 277 in /tmp/binarydeb/ros-noetic-tf2-0.7.10/src/buffer_core.cpp
[WARN] [1787290560.178699980, 889.700000000]: TF_REPEATED_DATA ignoring data with redundant timestamp for frame odom (parent offset) at time 889.700000 according to authority unknown_publisher
Warning: TF_REPEATED_DATA ignoring data with redundant timestamp for frame odom (parent offset) at time 889.700000 according to authority unknown_publisher
         at line 277 in /tmp/binarydeb/ros-noetic-tf2-0.7.10/src/buffer_core.cpp
[WARN] [1787290560.178736184, 889.700000000]: TF_REPEATED_DATA ignoring data with redundant timestamp for frame offset (parent map) at time 889.700000 according to authority unknown_publisher
Warning: TF_REPEATED_DATA ignoring data with redundant timestamp for frame offset (parent map) at time 889.700000 according to authority unknown_publisher
         at line 277 in /tmp/binarydeb/ros-noetic-tf2-0.7.10/src/buffer_core.cpp
[INFO] [1787290509.874109703, 839.400000000]: Call local replanning...
[INFO] [1787290515.448002205, 845.000000000]: Call local replanning...
[INFO] [1787290515.463939037, 845.000000000]: Reach vertex 22
[INFO] [1787290515.465556867, 845.000000000]: Explore Goal 22 's frontiers...
[INFO] [1787290518.764791161, 848.300000000]: Call local replanning...
[INFO] [1787290518.783536251, 848.300000000]: Set newGoal 21
[INFO] [1787290524.436211583, 853.900000000]: Call local replanning...
[INFO] [1787290530.797567948, 860.300000000]: Call local replanning...
[INFO] [1787290536.775312369, 866.300000000]: Call local replanning...
[INFO] [1787290542.547623220, 872.100000000]: Call local replanning...
[INFO] [1787290542.564376555, 872.100000000]: Skip currGoal 21 that has no frontier and seen by robot
[INFO] [1787290542.564407320, 872.100000000]: Skip repeated visit to vertex 38
[INFO] [1787290542.564412767, 872.100000000]: Set newGoal 26
[INFO] [1787290548.572849449, 878.100000000]: Next target is loop vertex 26(L)
[INFO] [1787290548.574165336, 878.100000000]: Set reliable loop closing path from reliable_loop_service.
[INFO] [1787290548.574187281, 878.100000000]: PHASE2_LOOP_PLANNED vertex=26 source=reliable_loop_service waypoints=4 path=48.5340614,18.0080833;47.8049164,17.2465839;47.5705566,16.4654064;47.7609596,15.4609499
[INFO] [1787290548.574202018, 878.100000000]: Exploration is waiting.
[INFO] [1787290554.808496232, 884.300000000]: PHASE2_LOOP_EXECUTION_STARTED vertex=26 waypoints=4
Warning: TF_REPEATED_DATA ignoring data with redundant timestamp for frame odom (parent offset) at time 889.700000 according to authority unknown_publisher
         at line 277 in /tmp/binarydeb/ros-noetic-tf2-0.7.10/src/buffer_core.cpp
Warning: TF_REPEATED_DATA ignoring data with redundant timestamp for frame offset (parent map) at time 889.700000 according to authority unknown_publisher
         at line 277 in /tmp/binarydeb/ros-noetic-tf2-0.7.10/src/buffer_core.cpp
Warning: TF_REPEATED_DATA ignoring data with redundant timestamp for frame odom (parent offset) at time 895.700000 according to authority unknown_publisher
         at line 277 in /tmp/binarydeb/ros-noetic-tf2-0.7.10/src/buffer_core.cpp
Warning: TF_REPEATED_DATA ignoring data with redundant timestamp for frame offset (parent map) at time 895.700000 according to authority unknown_publisher
         at line 277 in /tmp/binarydeb/ros-noetic-tf2-0.7.10/src/buffer_core.cpp
Warning: TF_REPEATED_DATA ignoring data with redundant timestamp for frame odom (parent offset) at time 895.700000 according to authority unknown_publisher
         at line 277 in /tmp/binarydeb/ros-noetic-tf2-0.7.10/src/buffer_core.cpp
Warning: TF_REPEATED_DATA ignoring data with redundant timestamp for frame offset (parent map) at time 895.700000 according to authority unknown_publisher
         at line 277 in /tmp/binarydeb/ros-noetic-tf2-0.7.10/src/buffer_core.cpp
Warning: Warning: TF_REPEATED_DATA ignoring data with redundant timestamp for frame odom (parent offset) at time 895.700000 according to authority unknown_publisherTF_REPEATED_DATA ignoring data with redundant timestamp for frame odom (parent offset) at time 895.700000 according to authority unknown_publisher

         at line          at line 277277 in  in /tmp/binarydeb/ros-noetic-tf2-0.7.10/src/buffer_core.cpp/tmp/binarydeb/ros-noetic-tf2-0.7.10/src/buffer_core.cpp

Warning: TF_REPEATED_DATA ignoring data with redundant timestamp for frame offset (parent map) at time 895.700000 according to authority unknown_publisher
         at line Warning: 277TF_REPEATED_DATA ignoring data with redundant timestamp for frame offset (parent map) at time 895.700000 according to authority unknown_publisher in [WARN] [1787290566.164668987, 895.700000000]: TF_REPEATED_DATA ignoring data with redundant timestamp for frame odom (parent offset) at time 895.700000 according to authority unknown_publisher

/tmp/binarydeb/ros-noetic-tf2-0.7.10/src/buffer_core.cpp         at line 
277 in /tmp/binarydeb/ros-noetic-tf2-0.7.10/src/buffer_core.cpp
[WARN] [1787290566.164701385, 895.700000000]: TF_REPEATED_DATA ignoring data with redundant timestamp for frame offset (parent map) at time 895.700000 according to authority unknown_publisher
[WARN] [1787290567.017876694, 896.500000000]: Missed desired rate of 1.00Hz! Loop actually took 1.1000 seconds!
Warning: TF_REPEATED_DATA ignoring data with redundant timestamp for frame odom (parent offset) at time 907.700000 according to authority unknown_publisher
         at line 277 in /tmp/binarydeb/ros-noetic-tf2-0.7.10/src/buffer_core.cpp
Warning: TF_REPEATED_DATA ignoring data with redundant timestamp for frame offset (parent map) at time 907.700000 according to authority unknown_publisher
         at line 277 in /tmp/binarydeb/ros-noetic-tf2-0.7.10/src/buffer_core.cpp
Warning: TF_REPEATED_DATA ignoring data with redundant timestamp for frame odom (parent offset) at time 907.700000 according to authority unknown_publisher
         at line 277[WARN] [1787290578.172060437, 907.700000000]: TF_REPEATED_DATA ignoring data with redundant timestamp for frame odom (parent offset) at time 907.700000 according to authority unknown_publisher
 in /tmp/binarydeb/ros-noetic-tf2-0.7.10/src/buffer_core.cpp
Warning: [WARN] [1787290578.172083085, 907.700000000]: TF_REPEATED_DATA ignoring data with redundant timestamp for frame offset (parent map) at time 907.700000 according to authority unknown_publisher
TF_REPEATED_DATA ignoring data with redundant timestamp for frame odom (parent offset) at time 907.700000 according to authority unknown_publisher
         at line 277 in /tmp/binarydeb/ros-noetic-tf2-0.7.10/src/buffer_core.cpp
Warning: Warning: TF_REPEATED_DATA ignoring data with redundant timestamp for frame offset (parent map) at time 907.700000 according to authority unknown_publisher
         at line TF_REPEATED_DATA ignoring data with redundant timestamp for frame odom (parent offset) at time 907.700000 according to authority unknown_publisher277 in 
/tmp/binarydeb/ros-noetic-tf2-0.7.10/src/buffer_core.cpp
         at line 277 in /tmp/binarydeb/ros-noetic-tf2-0.7.10/src/buffer_core.cpp
Warning: TF_REPEATED_DATA ignoring data with redundant timestamp for frame offset (parent map) at time 907.700000 according to authority unknown_publisher
         at line 277 in /tmp/binarydeb/ros-noetic-tf2-0.7.10/src/buffer_core.cpp
Warning: TF_REPEATED_DATA ignoring data with redundant timestamp for frame offset (parent map) at time 907.700000 according to authority unknown_publisher
         at line 277 in /tmp/binarydeb/ros-noetic-tf2-0.7.10/src/buffer_core.cpp
Warning: TF_REPEATED_DATA ignoring data with redundant timestamp for frame odom (parent offset) at time 913.700000 according to authority unknown_publisher
         at line 277 in /tmp/binarydeb/ros-noetic-tf2-0.7.10/src/buffer_core.cpp
Warning: TF_REPEATED_DATA ignoring data with redundant timestamp for frame offset (parent map) at time 913.700000 according to authority unknown_publisher
         at line 277 in /tmp/binarydeb/ros-noetic-tf2-0.7.10/src/buffer_core.cpp
Warning: TF_REPEATED_DATA ignoring data with redundant timestamp for frame odom (parent offset) at time 913.700000 according to authority unknown_publisher
         at line 277 in /tmp/binarydeb/ros-noetic-tf2-0.7.10/src/buffer_core.cpp
Warning: TF_REPEATED_DATA ignoring data with redundant timestamp for frame offset (parent map) at time 913.700000 according to authority unknown_publisher
         at line 277 in /tmp/binarydeb/ros-noetic-tf2-0.7.10/src/buffer_core.cpp
Warning: TF_REPEATED_DATA ignoring data with redundant timestamp for frame odom (parent offset) at time 913.700000 according to authority unknown_publisher
         at line 277 in /tmp/binarydeb/ros-noetic-tf2-0.7.10/src/buffer_core.cpp
Warning: TF_REPEATED_DATA ignoring data with redundant timestamp for frame offset (parent map) at time 913.700000 according to authority unknown_publisher
         at line 277 in /tmp/binarydeb/ros-noetic-tf2-0.7.10/src/buffer_core.cpp
Warning: TF_REPEATED_DATA ignoring data with redundant timestamp for frame odom (parent offset) at time 913.700000 according to authority unknown_publisher
         at line 277 in /tmp/binarydeb/ros-noetic-tf2-0.7.10/src/buffer_core.cpp
Warning: TF_REPEATED_DATA ignoring data with redundant timestamp for frame offset (parent map) at time 913.700000 according to authority unknown_publisher
         at line 277 in /tmp/binarydeb/ros-noetic-tf2-0.7.10/src/buffer_core.cpp
[WARN] [1787290584.173381606, 913.700000000]: TF_REPEATED_DATA ignoring data with redundant timestamp for frame odom (parent offset) at time 913.700000 according to authority unknown_publisher
[WARN] [1787290584.173405121, 913.700000000]: TF_REPEATED_DATA ignoring data with redundant timestamp for frame offset (parent map) at time 913.700000 according to authority unknown_publisher
[WARN] [1787290585.004058408, 914.500000000]: Missed desired rate of 1.00Hz! Loop actually took 1.1000 seconds!
Warning: TF_REPEATED_DATA ignoring data with redundant timestamp for frame odom (parent offset) at time 919.500000 according to authority unknown_publisher
         at line 277 in /tmp/binarydeb/ros-noetic-tf2-0.7.10/src/buffer_core.cpp
Warning: Warning: TF_REPEATED_DATA ignoring data with redundant timestamp for frame offset (parent map) at time 919.500000 according to authority unknown_publisher
TF_REPEATED_DATA ignoring data with redundant timestamp for frame odom (parent offset) at time 919.500000 according to authority unknown_publisher         at line 
277         at line  in 277/tmp/binarydeb/ros-noetic-tf2-0.7.10/src/buffer_core.cpp in 
/tmp/binarydeb/ros-noetic-tf2-0.7.10/src/buffer_core.cpp
Warning: TF_REPEATED_DATA ignoring data with redundant timestamp for frame offset (parent map) at time 919.500000 according to authority unknown_publisher
         at line 277 in /tmp/binarydeb/ros-noetic-tf2-0.7.10/src/buffer_core.cpp
Warning: TF_REPEATED_DATA ignoring data with redundant timestamp for frame odom (parent offset) at time 919.500000 according to authority unknown_publisher
         at line 277 in /tmp/binarydeb/ros-noetic-tf2-0.7.10/src/buffer_core.cpp
Warning: TF_REPEATED_DATA ignoring data with redundant timestamp for frame offset (parent map) at time 919.500000 according to authority unknown_publisher
         at line 277 in /tmp/binarydeb/ros-noetic-tf2-0.7.10/src/buffer_core.cpp
Warning: TF_REPEATED_DATA ignoring data with redundant timestamp for frame odom (parent offset) at time 919.500000 according to authority unknown_publisher
         at line 277 in /tmp/binarydeb/ros-noetic-tf2-0.7.10/src/buffer_core.cpp
Warning: TF_REPEATED_DATA ignoring data with redundant timestamp for frame offset (parent map) at time 919.500000 according to authority unknown_publisher
         at line 277 in /tmp/binarydeb/ros-noetic-tf2-0.7.10/src/buffer_core.cpp
[WARN] [1787290590.029682424, 919.500000000]: TF_REPEATED_DATA ignoring data with redundant timestamp for frame odom (parent offset) at time 919.500000 according to authority unknown_publisher
[WARN] [1787290590.029707355, 919.500000000]: TF_REPEATED_DATA ignoring data with redundant timestamp for frame offset (parent map) at time 919.500000 according to authority unknown_publisher
Warning: TF_REPEATED_DATA ignoring data with redundant timestamp for frame odom (parent offset) at time 931.500000 according to authority unknown_publisher
         at line 277 in /tmp/binarydeb/ros-noetic-tf2-0.7.10/src/buffer_core.cpp
Warning: TF_REPEATED_DATA ignoring data with redundant timestamp for frame offset (parent map) at time 931.500000 according to authority unknown_publisher
         at line 277 in /tmp/binarydeb/ros-noetic-tf2-0.7.10/src/buffer_core.cpp
Warning: Warning: TF_REPEATED_DATA ignoring data with redundant timestamp for frame odom (parent offset) at time 931.500000 according to authority unknown_publisherTF_REPEATED_DATA ignoring data with redundant timestamp for frame odom (parent offset) at time 931.500000 according to authority unknown_publisher

         at line          at line 277 in 277/tmp/binarydeb/ros-noetic-tf2-0.7.10/src/buffer_core.cpp in 
/tmp/binarydeb/ros-noetic-tf2-0.7.10/src/buffer_core.cpp
Warning: TF_REPEATED_DATA ignoring data with redundant timestamp for frame offset (parent map) at time 931.500000 according to authority unknown_publisher
         at line 277 in /tmp/binarydeb/ros-noetic-tf2-0.7.10/src/buffer_core.cpp
Warning: TF_REPEATED_DATA ignoring data with redundant timestamp for frame odom (parent offset) at time 931.500000 according to authority unknown_publisher
         at line 277 in /tmp/binarydeb/ros-noetic-tf2-0.7.10/src/buffer_core.cpp
Warning: TF_REPEATED_DATA ignoring data with redundant timestamp for frame offset (parent map) at time 931.500000 according to authority unknown_publisher
         at line 277[WARN] [1787290602.015222204, 931.500000000]: TF_REPEATED_DATA ignoring data with redundant timestamp for frame odom (parent offset) at time 931.500000 according to authority unknown_publisher
 in /tmp/binarydeb/ros-noetic-tf2-0.7.10/src/buffer_core.cpp
Warning: TF_REPEATED_DATA ignoring data with redundant timestamp for frame offset (parent map) at time 931.500000 according to authority unknown_publisher
         at line 277 in /tmp/binarydeb/ros-noetic-tf2-0.7.10/src/buffer_core.cpp[WARN] [1787290602.015248506, 931.500000000]: TF_REPEATED_DATA ignoring data with redundant timestamp for frame offset (parent map) at time 931.500000 according to authority unknown_publisher

Warning: Warning: Warning: TF_REPEATED_DATA ignoring data with redundant timestamp for frame odom (parent offset) at time 935.700000 according to authority unknown_publisherTF_REPEATED_DATA ignoring data with redundant timestamp for frame odom (parent offset) at time 935.700000 according to authority unknown_publisherTF_REPEATED_DATA ignoring data with redundant timestamp for frame odom (parent offset) at time 935.700000 according to authority unknown_publisher


         at line          at line          at line 277277277 in  in  in /tmp/binarydeb/ros-noetic-tf2-0.7.10/src/buffer_core.cpp/tmp/binarydeb/ros-noetic-tf2-0.7.10/src/buffer_core.cpp/tmp/binarydeb/ros-noetic-tf2-0.7.10/src/buffer_core.cpp


Warning: TF_REPEATED_DATA ignoring data with redundant timestamp for frame offset (parent map) at time 935.700000 according to authority unknown_publisherWarning: 
TF_REPEATED_DATA ignoring data with redundant timestamp for frame offset (parent map) at time 935.700000 according to authority unknown_publisher         at line Warning: 
277TF_REPEATED_DATA ignoring data with redundant timestamp for frame offset (parent map) at time 935.700000 according to authority unknown_publisher         at line  in 
277/tmp/binarydeb/ros-noetic-tf2-0.7.10/src/buffer_core.cpp         at line  in 
277/tmp/binarydeb/ros-noetic-tf2-0.7.10/src/buffer_core.cpp in 
/tmp/binarydeb/ros-noetic-tf2-0.7.10/src/buffer_core.cpp
Warning: TF_REPEATED_DATA ignoring data with redundant timestamp for frame odom (parent offset) at time 935.700000 according to authority unknown_publisher
         at line 277 in /tmp/binarydeb/ros-noetic-tf2-0.7.10/src/buffer_core.cpp
Warning: TF_REPEATED_DATA ignoring data with redundant timestamp for frame offset (parent map) at time 935.700000 according to authority unknown_publisher
         at line 277 in /tmp/binarydeb/ros-noetic-tf2-0.7.10/src/buffer_core.cpp
[WARN] [1787290606.196122179, 935.700000000]: TF_REPEATED_DATA ignoring data with redundant timestamp for frame odom (parent offset) at time 935.700000 according to authority unknown_publisher
[WARN] [1787290606.196144863, 935.700000000]: TF_REPEATED_DATA ignoring data with redundant timestamp for frame offset (parent map) at time 935.700000 according to authority unknown_publisher
[WARN] [1787290607.047836131, 936.600000000]: Missed desired rate of 1.00Hz! Loop actually took 1.2000 seconds!
Warning: TF_REPEATED_DATA ignoring data with redundant timestamp for frame odom (parent offset) at time 939.700000 according to authority unknown_publisher
         at line 277 in /tmp/binarydeb/ros-noetic-tf2-0.7.10/src/buffer_core.cpp
Warning: TF_REPEATED_DATA ignoring data with redundant timestamp for frame offset (parent map) at time 939.700000 according to authority unknown_publisherWarning: 
[INFO] [1787290606.937758929, 936.500000000]: PHASE2_LOOP_WAYPOINT_REACHED vertex=26 waypoint=0
TF_REPEATED_DATA ignoring data with redundant timestamp for frame odom (parent offset) at time 939.700000 according to authority unknown_publisher         at line Warning: 
277TF_REPEATED_DATA ignoring data with redundant timestamp for frame odom (parent offset) at time 939.700000 according to authority unknown_publisher         at line  in 
/tmp/binarydeb/ros-noetic-tf2-0.7.10/src/buffer_core.cpp277         at line 
 in /tmp/binarydeb/ros-noetic-tf2-0.7.10/src/buffer_core.cpp277
 in /tmp/binarydeb/ros-noetic-tf2-0.7.10/src/buffer_core.cpp
Warning: TF_REPEATED_DATA ignoring data with redundant timestamp for frame offset (parent map) at time 939.700000 according to authority unknown_publisherWarning: 
Warning:          at line TF_REPEATED_DATA ignoring data with redundant timestamp for frame odom (parent offset) at time 939.700000 according to authority unknown_publisherTF_REPEATED_DATA ignoring data with redundant timestamp for frame offset (parent map) at time 939.700000 according to authority unknown_publisher277

 in          at line          at line /tmp/binarydeb/ros-noetic-tf2-0.7.10/src/buffer_core.cpp277277
 in  in /tmp/binarydeb/ros-noetic-tf2-0.7.10/src/buffer_core.cpp/tmp/binarydeb/ros-noetic-tf2-0.7.10/src/buffer_core.cpp

Warning: TF_REPEATED_DATA ignoring data with redundant timestamp for frame offset (parent map) at time 939.700000 according to authority unknown_publisher
         at line 277 in /tmp/binarydeb/ros-noetic-tf2-0.7.10/src/buffer_core.cpp
[WARN] [1787290610.192988861, 939.700000000]: TF_REPEATED_DATA ignoring data with redundant timestamp for frame odom (parent offset) at time 939.700000 according to authority unknown_publisher
[WARN] [1787290610.193016560, 939.700000000]: TF_REPEATED_DATA ignoring data with redundant timestamp for frame offset (parent map) at time 939.700000 according to authority unknown_publisher
[WARN] [1787290611.046659989, 940.600000000]: Missed desired rate of 1.00Hz! Loop actually took 1.2000 seconds!
Warning: TF_REPEATED_DATA ignoring data with redundant timestamp for frame odom (parent offset) at time 945.700000 according to authority unknown_publisher
         at line 277 in /tmp/binarydeb/ros-noetic-tf2-0.7.10/src/buffer_core.cpp
Warning: TF_REPEATED_DATA ignoring data with redundant timestamp for frame offset (parent map) at time 945.700000 according to authority unknown_publisher
         at line 277 in /tmp/binarydeb/ros-noetic-tf2-0.7.10/src/buffer_core.cpp
Warning: Warning: TF_REPEATED_DATA ignoring data with redundant timestamp for frame odom (parent offset) at time 945.700000 according to authority unknown_publisherTF_REPEATED_DATA ignoring data with redundant timestamp for frame odom (parent offset) at time 945.700000 according to authority unknown_publisher

         at line          at line 277 in 277/tmp/binarydeb/ros-noetic-tf2-0.7.10/src/buffer_core.cpp in 
/tmp/binarydeb/ros-noetic-tf2-0.7.10/src/buffer_core.cpp
Warning: TF_REPEATED_DATA ignoring data with redundant timestamp for frame offset (parent map) at time 945.700000 according to authority unknown_publisher
         at line 277 in /tmp/binarydeb/ros-noetic-tf2-0.7.10/src/buffer_core.cppWarning: 
TF_REPEATED_DATA ignoring data with redundant timestamp for frame offset (parent map) at time 945.700000 according to authority unknown_publisher
         at line 277 in /tmp/binarydeb/ros-noetic-tf2-0.7.10/src/buffer_core.cpp
[WARN] [1787290616.200004157, 945.700000000]: TF_REPEATED_DATA ignoring data with redundant timestamp for frame odom (parent offset) at time 945.700000 according to authority unknown_publisher
Warning: TF_REPEATED_DATA ignoring data with redundant timestamp for frame odom (parent offset) at time 945.700000 according to authority unknown_publisher
         at line 277 in /tmp/binarydeb/ros-noetic-tf2-0.7.10/src/buffer_core.cpp
Warning: TF_REPEATED_DATA ignoring data with redundant timestamp for frame offset (parent map) at time 945.700000 according to authority unknown_publisher[WARN] [1787290616.200048812, 945.700000000]: TF_REPEATED_DATA ignoring data with redundant timestamp for frame offset (parent map) at time 945.700000 according to authority unknown_publisher

         at line 277 in /tmp/binarydeb/ros-noetic-tf2-0.7.10/src/buffer_core.cpp
[WARN] [1787290618.947140732, 948.500000000]: Missed desired rate of 1.00Hz! Loop actually took 1.1000 seconds!
Warning: TF_REPEATED_DATA ignoring data with redundant timestamp for frame odom (parent offset) at time 949.700000 according to authority unknown_publisher
         at line 277 in /tmp/binarydeb/ros-noetic-tf2-0.7.10/src/buffer_core.cpp
Warning: TF_REPEATED_DATA ignoring data with redundant timestamp for frame offset (parent map) at time 949.700000 according to authority unknown_publisher
         at line 277 in /tmp/binarydeb/ros-noetic-tf2-0.7.10/src/buffer_core.cpp
[INFO] [1787290616.699467238, 946.200000000]: PHASE2_LOOP_WAYPOINT_REACHED vertex=26 waypoint=1
[INFO] [1787290618.836900065, 948.400000000]: PHASE2_LOOP_WAYPOINT_REACHED vertex=26 waypoint=2
Warning: TF_REPEATED_DATA ignoring data with redundant timestamp for frame odom (parent offset) at time 949.700000 according to authority unknown_publisher
         at line 277 in /tmp/binarydeb/ros-noetic-tf2-0.7.10/src/buffer_core.cpp
Warning: TF_REPEATED_DATA ignoring data with redundant timestamp for frame offset (parent map) at time 949.700000 according to authority unknown_publisher[WARN] [1787290620.192107818, 949.700000000]: TF_REPEATED_DATA ignoring data with redundant timestamp for frame odom (parent offset) at time 949.700000 according to authority unknown_publisher

         at line 277 in /tmp/binarydeb/ros-noetic-tf2-0.7.10/src/buffer_core.cpp
[WARN] [1787290620.192130571, 949.700000000]: TF_REPEATED_DATA ignoring data with redundant timestamp for frame offset (parent map) at time 949.700000 according to authority unknown_publisher
Warning: TF_REPEATED_DATA ignoring data with redundant timestamp for frame odom (parent offset) at time 949.700000 according to authority unknown_publisher
         at line 277 in /tmp/binarydeb/ros-noetic-tf2-0.7.10/src/buffer_core.cpp
Warning: TF_REPEATED_DATA ignoring data with redundant timestamp for frame offset (parent map) at time 949.700000 according to authority unknown_publisher
         at line 277 in /tmp/binarydeb/ros-noetic-tf2-0.7.10/src/buffer_core.cpp
Warning: TF_REPEATED_DATA ignoring data with redundant timestamp for frame odom (parent offset) at time 949.700000 according to authority unknown_publisher
         at line 277 in /tmp/binarydeb/ros-noetic-tf2-0.7.10/src/buffer_core.cpp
Warning: TF_REPEATED_DATA ignoring data with redundant timestamp for frame offset (parent map) at time 949.700000 according to authority unknown_publisher
         at line 277 in /tmp/binarydeb/ros-noetic-tf2-0.7.10/src/buffer_core.cpp
[INFO] [1787290485.619210, 815.100000]: Replanning request. curr_vertex_idx: 28
[INFO] [1787290485.620175, 815.100000]:                     covered_vertices: ()
[INFO] [1787290485.621106, 815.100000]: Handle local replanning...
[INFO] [1787290485.621902, 815.100000]: Local path to replan: [28, 22, 21, 38, 26]
Original tsp path is better!
[INFO] [1787290485.633826, 815.100000]: curr path length: 45, is_loop length: 45
[INFO] [1787290485.635021, 815.100000]: Send new plan: 8 7 6 5 4 3 9 15 16 10 11 35 37 20 19 15(L) 19 23 29 30 24 25 31 32 26 27 33 34 28  ---> 22 21 38 26(L) 38 36 35(L) 36 12 13 17 18 22(L) 18 14 8(L) 
[INFO] [1787290491.535306, 821.000000]: Replanning request. curr_vertex_idx: 29
[INFO] [1787290491.536371, 821.000000]:                     covered_vertices: ()
[INFO] [1787290491.537179, 821.100000]: Handle local replanning...
[INFO] [1787290491.538242, 821.100000]: Local path to replan: [22, 21, 38, 26]
Reverse tsp path is better!
[INFO] [1787290491.549316, 821.100000]: curr path length: 45, is_loop length: 45
[INFO] [1787290491.550559, 821.100000]: Send new plan: 8 7 6 5 4 3 9 15 16 10 11 35 37 20 19 15(L) 19 23 29 30 24 25 31 32 26 27 33 34 28 22  ---> 21 38 26(L) 38 36 35(L) 36 12 13 17 18 22(L) 18 14 8(L) 
[INFO] [1787290497.625496, 827.100000]: Replanning request. curr_vertex_idx: 29
[INFO] [1787290497.626580, 827.100000]:                     covered_vertices: ()
[INFO] [1787290497.627293, 827.100000]: Handle local replanning...
[INFO] [1787290497.628095, 827.100000]: Local path to replan: [22, 21, 38, 26]
Reverse tsp path is better!
[INFO] [1787290497.638571, 827.200000]: curr path length: 45, is_loop length: 45
[INFO] [1787290497.639743, 827.200000]: Send new plan: 8 7 6 5 4 3 9 15 16 10 11 35 37 20 19 15(L) 19 23 29 30 24 25 31 32 26 27 33 34 28 22  ---> 21 38 26(L) 38 36 35(L) 36 12 13 17 18 22(L) 18 14 8(L) 
[INFO] [1787290503.543527, 833.100000]: Replanning request. curr_vertex_idx: 29
[INFO] [1787290503.544644, 833.100000]:                     covered_vertices: ()
[INFO] [1787290503.545416, 833.100000]: Handle local replanning...
[INFO] [1787290503.546178, 833.100000]: Local path to replan: [22, 21, 38, 26]
Reverse tsp path is better!
[INFO] [1787290503.556128, 833.100000]: curr path length: 45, is_loop length: 45
[INFO] [1787290503.557317, 833.100000]: Send new plan: 8 7 6 5 4 3 9 15 16 10 11 35 37 20 19 15(L) 19 23 29 30 24 25 31 32 26 27 33 34 28 22  ---> 21 38 26(L) 38 36 35(L) 36 12 13 17 18 22(L) 18 14 8(L) 
[INFO] [1787290509.875196, 839.400000]: Replanning request. curr_vertex_idx: 29
[INFO] [1787290509.876274, 839.400000]:                     covered_vertices: ()
[INFO] [1787290509.877026, 839.400000]: Handle local replanning...
[INFO] [1787290509.877708, 839.400000]: Local path to replan: [22, 21, 38, 26]
Reverse tsp path is better!
[INFO] [1787290509.888116, 839.400000]: curr path length: 45, is_loop length: 45
[INFO] [1787290509.889435, 839.400000]: Send new plan: 8 7 6 5 4 3 9 15 16 10 11 35 37 20 19 15(L) 19 23 29 30 24 25 31 32 26 27 33 34 28 22  ---> 21 38 26(L) 38 36 35(L) 36 12 13 17 18 22(L) 18 14 8(L) 
[INFO] [1787290514.964392, 844.500000]: Really visited vertices: 8 7 6 5 4 3 9 15 16 10 11 35 37 20 19 15 19 23 29 30 24 25 31 32 26 32 26 27 33 34 28 
[INFO] [1787290515.449200, 845.000000]: Replanning request. curr_vertex_idx: 29
[INFO] [1787290515.450215, 845.000000]:                     covered_vertices: ()
[INFO] [1787290515.450891, 845.000000]: Handle local replanning...
[INFO] [1787290515.451492, 845.000000]: Local path to replan: [22, 21, 38, 26]
Reverse tsp path is better!
[INFO] [1787290515.461855, 845.000000]: curr path length: 45, is_loop length: 45
[INFO] [1787290515.462954, 845.000000]: Send new plan: 8 7 6 5 4 3 9 15 16 10 11 35 37 20 19 15(L) 19 23 29 30 24 25 31 32 26 27 33 34 28 22  ---> 21 38 26(L) 38 36 35(L) 36 12 13 17 18 22(L) 18 14 8(L) 
[INFO] [1787290518.766109, 848.300000]: Replanning request. curr_vertex_idx: 29
[INFO] [1787290518.767166, 848.300000]:                     covered_vertices: ()
[INFO] [1787290518.767855, 848.300000]: Handle local replanning...
[INFO] [1787290518.768748, 848.300000]: Local path to replan: [22, 21, 38, 26]
Reverse tsp path is better!
[INFO] [1787290518.780785, 848.300000]: curr path length: 45, is_loop length: 45
[INFO] [1787290518.782072, 848.300000]: Send new plan: 8 7 6 5 4 3 9 15 16 10 11 35 37 20 19 15(L) 19 23 29 30 24 25 31 32 26 27 33 34 28 22  ---> 21 38 26(L) 38 36 35(L) 36 12 13 17 18 22(L) 18 14 8(L) 
[INFO] [1787290523.699636, 853.200000]: Really visited vertices: 8 7 6 5 4 3 9 15 16 10 11 35 37 20 19 15 19 23 29 30 24 25 31 32 26 32 26 27 33 34 28 22 
[INFO] [1787290524.437317, 854.000000]: Replanning request. curr_vertex_idx: 30
[INFO] [1787290524.438533, 854.000000]:                     covered_vertices: ()
[INFO] [1787290524.439216, 854.000000]: Handle local replanning...
[INFO] [1787290524.439935, 854.000000]: Local path to replan: [21, 38, 26]
Original tsp path is better!
[INFO] [1787290524.450301, 854.000000]: curr path length: 45, is_loop length: 45
[INFO] [1787290524.451416, 854.000000]: Send new plan: 8 7 6 5 4 3 9 15 16 10 11 35 37 20 19 15(L) 19 23 29 30 24 25 31 32 26 27 33 34 28 22 21  ---> 38 26(L) 38 36 35(L) 36 12 13 17 18 22(L) 18 14 8(L) 
[INFO] [1787290530.798767, 860.300000]: Replanning request. curr_vertex_idx: 30
[INFO] [1787290530.799819, 860.300000]:                     covered_vertices: ()
[INFO] [1787290530.800517, 860.300000]: Handle local replanning...
[INFO] [1787290530.801135, 860.300000]: Local path to replan: [21, 38, 26]
Original tsp path is better!
[INFO] [1787290530.811760, 860.300000]: curr path length: 45, is_loop length: 45
[INFO] [1787290530.812874, 860.300000]: Send new plan: 8 7 6 5 4 3 9 15 16 10 11 35 37 20 19 15(L) 19 23 29 30 24 25 31 32 26 27 33 34 28 22 21  ---> 38 26(L) 38 36 35(L) 36 12 13 17 18 22(L) 18 14 8(L) 
[INFO] [1787290536.776631, 866.300000]: Replanning request. curr_vertex_idx: 30
[INFO] [1787290536.777601, 866.300000]:                     covered_vertices: ()
[INFO] [1787290536.778565, 866.300000]: Handle local replanning...
[INFO] [1787290536.779305, 866.300000]: Local path to replan: [21, 38, 26]
Original tsp path is better!
[INFO] [1787290536.790362, 866.300000]: curr path length: 45, is_loop length: 45
[INFO] [1787290536.791911, 866.300000]: Send new plan: 8 7 6 5 4 3 9 15 16 10 11 35 37 20 19 15(L) 19 23 29 30 24 25 31 32 26 27 33 34 28 22 21  ---> 38 26(L) 38 36 35(L) 36 12 13 17 18 22(L) 18 14 8(L) 
[INFO] [1787290542.548860, 872.100000]: Replanning request. curr_vertex_idx: 30
[INFO] [1787290542.550009, 872.100000]:                     covered_vertices: ()
[INFO] [1787290542.550876, 872.100000]: Handle local replanning...
[INFO] [1787290542.551658, 872.100000]: Local path to replan: [21, 38, 26]
Original tsp path is better!
[INFO] [1787290542.562305, 872.100000]: curr path length: 45, is_loop length: 45
[INFO] [1787290542.563297, 872.100000]: Send new plan: 8 7 6 5 4 3 9 15 16 10 11 35 37 20 19 15(L) 19 23 29 30 24 25 31 32 26 27 33 34 28 22 21  ---> 38 26(L) 38 36 35(L) 36 12 13 17 18 22(L) 18 14 8(L) 
[INFO] [1787290590.028730, 919.500000]: Really visited vertices: 8 7 6 5 4 3 9 15 16 10 11 35 37 20 19 15 19 23 29 30 24 25 31 32 26 32 26 27 33 34 28 22 21 
[INFO] [1787290595.700815, 925.200000]: Really visited vertices: 8 7 6 5 4 3 9 15 16 10 11 35 37 20 19 15 19 23 29 30 24 25 31 32 26 32 26 27 33 34 28 22 21 27 
[INFO] [1787290602.014470, 931.500000]: Really visited vertices: 8 7 6 5 4 3 9 15 16 10 11 35 37 20 19 15 19 23 29 30 24 25 31 32 26 32 26 27 33 34 28 22 21 27 
[INFO] [1787290620.701242, 950.200000]: Replanning request. curr_vertex_idx: 32
[INFO] [1787290620.702243, 950.200000]:                     covered_vertices: ()
[INFO] [1787290620.702928, 950.200000]: curr path length: 45, is_loop length: 45
[INFO] [1787290620.703585, 950.200000]: Send new plan: 8 7 6 5 4 3 9 15 16 10 11 35 37 20 19 15(L) 19 23 29 30 24 25 31 32 26 27 33 34 28 22 21 38 26(L)  ---> 38 36 35(L) 36 12 13 17 18 22(L) 18 14 8(L) 
Warning: TF_REPEATED_DATA ignoring data with redundant timestamp for frame odom (parent offset) at time 961.700000 according to authority unknown_publisher
         at line 277 in /tmp/binarydeb/ros-noetic-tf2-0.7.10/src/buffer_core.cpp
Warning: TF_REPEATED_DATA ignoring data with redundant timestamp for frame offset (parent map) at time 961.700000 according to authority unknown_publisher
         at line 277 in /tmp/binarydeb/ros-noetic-tf2-0.7.10/src/buffer_core.cpp
[INFO] [1787290620.700039698, 950.200000000]: PHASE2_LOOP_WAYPOINT_REACHED vertex=26 waypoint=3
[INFO] [1787290620.700067392, 950.200000000]: PHASE2_LOOP_EXECUTION_FINISHED vertex=26 waypoints=4
[INFO] [1787290620.704424090, 950.200000000]: Skip repeated visit to vertex 38
[INFO] [1787290620.704437949, 950.200000000]: Set newGoal 36
[INFO] [1787290626.566012950, 956.100000000]: Call local replanning...
Warning: TF_REPEATED_DATA ignoring data with redundant timestamp for frame odom (parent offset) at time 961.700000 according to authority unknown_publisher
         at line Warning: 277TF_REPEATED_DATA ignoring data with redundant timestamp for frame odom (parent offset) at time 961.700000 according to authority unknown_publisher in 
/tmp/binarydeb/ros-noetic-tf2-0.7.10/src/buffer_core.cpp         at line 
277 in /tmp/binarydeb/ros-noetic-tf2-0.7.10/src/buffer_core.cpp
Warning: Warning: TF_REPEATED_DATA ignoring data with redundant timestamp for frame offset (parent map) at time 961.700000 according to authority unknown_publisherTF_REPEATED_DATA ignoring data with redundant timestamp for frame offset (parent map) at time 961.700000 according to authority unknown_publisher

         at line          at line 277277 in  in /tmp/binarydeb/ros-noetic-tf2-0.7.10/src/buffer_core.cpp/tmp/binarydeb/ros-noetic-tf2-0.7.10/src/buffer_core.cpp

[WARN] [1787290632.209970648, 961.700000000]: TF_REPEATED_DATA ignoring data with redundant timestamp for frame odom (parent offset) at time 961.700000 according to authority unknown_publisher
[WARN] [1787290632.210010794, 961.700000000]: TF_REPEATED_DATA ignoring data with redundant timestamp for frame offset (parent map) at time 961.700000 according to authority unknown_publisher
Warning: TF_REPEATED_DATA ignoring data with redundant timestamp for frame odom (parent offset) at time 961.700000 according to authority unknown_publisher
         at line 277 in /tmp/binarydeb/ros-noetic-tf2-0.7.10/src/buffer_core.cpp
Warning: TF_REPEATED_DATA ignoring data with redundant timestamp for frame offset (parent map) at time 961.700000 according to authority unknown_publisher
         at line 277 in /tmp/binarydeb/ros-noetic-tf2-0.7.10/src/buffer_core.cpp
Warning: TF_REPEATED_DATA ignoring data with redundant timestamp for frame odom (parent offset) at time 967.700000 according to authority unknown_publisher
         at line 277 in /tmp/binarydeb/ros-noetic-tf2-0.7.10/src/buffer_core.cpp
[INFO] [1787290632.699079453, 962.200000000]: Call local replanning...
Warning: Warning: TF_REPEATED_DATA ignoring data with redundant timestamp for frame offset (parent map) at time 967.700000 according to authority unknown_publisherTF_REPEATED_DATA ignoring data with redundant timestamp for frame odom (parent offset) at time 967.700000 according to authority unknown_publisher

         at line          at line 277277 in  in /tmp/binarydeb/ros-noetic-tf2-0.7.10/src/buffer_core.cpp/tmp/binarydeb/ros-noetic-tf2-0.7.10/src/buffer_core.cpp

Warning: TF_REPEATED_DATA ignoring data with redundant timestamp for frame offset (parent map) at time 967.700000 according to authority unknown_publisher
Warning:          at line TF_REPEATED_DATA ignoring data with redundant timestamp for frame odom (parent offset) at time 967.700000 according to authority unknown_publisher277
 in          at line /tmp/binarydeb/ros-noetic-tf2-0.7.10/src/buffer_core.cpp
277 in /tmp/binarydeb/ros-noetic-tf2-0.7.10/src/buffer_core.cpp
Warning: TF_REPEATED_DATA ignoring data with redundant timestamp for frame offset (parent map) at time 967.700000 according to authority unknown_publisher
         at line 277 in /tmp/binarydeb/ros-noetic-tf2-0.7.10/src/buffer_core.cpp
[WARN] [1787290638.202575245, 967.700000000]: TF_REPEATED_DATA ignoring data with redundant timestamp for frame odom (parent offset) at time 967.700000 according to authority unknown_publisher
Warning: TF_REPEATED_DATA ignoring data with redundant timestamp for frame odom (parent offset) at time 967.700000 according to authority unknown_publisher
         at line 277 in /tmp/binarydeb/ros-noetic-tf2-0.7.10/src/buffer_core.cpp
Warning: TF_REPEATED_DATA ignoring data with redundant timestamp for frame offset (parent map) at time 967.700000 according to authority unknown_publisher
[WARN] [1787290638.202616010, 967.700000000]: TF_REPEATED_DATA ignoring data with redundant timestamp for frame offset (parent map) at time 967.700000 according to authority unknown_publisher
         at line 277 in /tmp/binarydeb/ros-noetic-tf2-0.7.10/src/buffer_core.cpp
[WARN] [1787290639.048377914, 968.600000000]: Missed desired rate of 1.00Hz! Loop actually took 1.2000 seconds!
Warning: TF_REPEATED_DATA ignoring data with redundant timestamp for frame odom (parent offset) at time 1015.700000 according to authority unknown_publisher
         at line 277 in /tmp/binarydeb/ros-noetic-tf2-0.7.10/src/buffer_core.cpp
Warning: Warning: TF_REPEATED_DATA ignoring data with redundant timestamp for frame odom (parent offset) at time 1015.700000 according to authority unknown_publisherTF_REPEATED_DATA ignoring data with redundant timestamp for frame offset (parent map) at time 1015.700000 according to authority unknown_publisher

         at line          at line 277277 in  in /tmp/binarydeb/ros-noetic-tf2-0.7.10/src/buffer_core.cpp/tmp/binarydeb/ros-noetic-tf2-0.7.10/src/buffer_core.cpp

Warning: TF_REPEATED_DATA ignoring data with redundant timestamp for frame odom (parent offset) at time 1015.700000 according to authority unknown_publisher
         at line 277 in /tmp/binarydeb/ros-noetic-tf2-0.7.10/src/buffer_core.cpp
Warning: TF_REPEATED_DATA ignoring data with redundant timestamp for frame offset (parent map) at time 1015.700000 according to authority unknown_publisher
         at line 277 in /tmp/binarydeb/ros-noetic-tf2-0.7.10/src/buffer_core.cpp
[INFO] [1787290638.928351800, 968.400000000]: Call local replanning...
[INFO] [1787290644.409656470, 973.900000000]: Call local replanning...
[INFO] [1787290650.803304973, 980.300000000]: Call local replanning...
[INFO] [1787290656.586781566, 986.100000000]: Call local replanning...
[INFO] [1787290662.569769738, 992.100000000]: Call local replanning...
[INFO] [1787290668.574998476, 998.100000000]: Call local replanning...
[INFO] [1787290674.565439336, 1004.100000000]: Call local replanning...
[INFO] [1787290680.807920669, 1010.300000000]: Call local replanning...
Warning: TF_REPEATED_DATA ignoring data with redundant timestamp for frame odom (parent offset) at time 1015.700000 according to authority unknown_publisher
         at line 277Warning:  in TF_REPEATED_DATA ignoring data with redundant timestamp for frame offset (parent map) at time 1015.700000 according to authority unknown_publisher/tmp/binarydeb/ros-noetic-tf2-0.7.10/src/buffer_core.cpp

         at line 277 in /tmp/binarydeb/ros-noetic-tf2-0.7.10/src/buffer_core.cpp
Warning: TF_REPEATED_DATA ignoring data with redundant timestamp for frame offset (parent map) at time 1015.700000 according to authority unknown_publisher
         at line 277 in /tmp/binarydeb/ros-noetic-tf2-0.7.10/src/buffer_core.cpp
[WARN] [1787290686.200088486, 1015.700000000]: TF_REPEATED_DATA ignoring data with redundant timestamp for frame odom (parent offset) at time 1015.700000 according to authority unknown_publisher
[WARN] [1787290686.200111380, 1015.700000000]: TF_REPEATED_DATA ignoring data with redundant timestamp for frame offset (parent map) at time 1015.700000 according to authority unknown_publisher
[WARN] [1787290687.043127085, 1016.600000000]: Missed desired rate of 1.00Hz! Loop actually took 1.2000 seconds!
[WARN] [1787290692.940231771, 1022.500000000]: Missed desired rate of 1.00Hz! Loop actually took 1.1000 seconds!
Warning: TF_REPEATED_DATA ignoring data with redundant timestamp for frame odom (parent offset) at time 1027.700000 according to authority unknown_publisher
         at line 277 in Warning: /tmp/binarydeb/ros-noetic-tf2-0.7.10/src/buffer_core.cppTF_REPEATED_DATA ignoring data with redundant timestamp for frame odom (parent offset) at time 1027.700000 according to authority unknown_publisher

         at line 277 in /tmp/binarydeb/ros-noetic-tf2-0.7.10/src/buffer_core.cpp
Warning: TF_REPEATED_DATA ignoring data with redundant timestamp for frame offset (parent map) at time 1027.700000 according to authority unknown_publisher
         at line 277 in /tmp/binarydeb/ros-noetic-tf2-0.7.10/src/buffer_core.cpp
Warning: TF_REPEATED_DATA ignoring data with redundant timestamp for frame odom (parent offset) at time 1027.700000 according to authority unknown_publisher
         at line 277 in /tmp/binarydeb/ros-noetic-tf2-0.7.10/src/buffer_core.cpp[WARN] [1787290698.209830149, 1027.700000000]: TF_REPEATED_DATA ignoring data with redundant timestamp for frame odom (parent offset) at time 1027.700000 according to authority unknown_publisher

Warning: TF_REPEATED_DATA ignoring data with redundant timestamp for frame offset (parent map) at time 1027.700000 according to authority unknown_publisher
         at line 277 in /tmp/binarydeb/ros-noetic-tf2-0.7.10/src/buffer_core.cpp
[WARN] [1787290698.209855799, 1027.700000000]: TF_REPEATED_DATA ignoring data with redundant timestamp for frame offset (parent map) at time 1027.700000 according to authority unknown_publisher
[INFO] [1787290686.922475414, 1016.400000000]: Call local replanning...
[INFO] [1787290692.822669259, 1022.300000000]: Call local replanning...
Warning: TF_REPEATED_DATA ignoring data with redundant timestamp for frame odom (parent offset) at time 1027.700000 according to authority unknown_publisher
         at line 277 in /tmp/binarydeb/ros-noetic-tf2-0.7.10/src/buffer_core.cpp
Warning: Warning: TF_REPEATED_DATA ignoring data with redundant timestamp for frame offset (parent map) at time 1027.700000 according to authority unknown_publisherTF_REPEATED_DATA ignoring data with redundant timestamp for frame offset (parent map) at time 1027.700000 according to authority unknown_publisher

         at line          at line 277277 in  in /tmp/binarydeb/ros-noetic-tf2-0.7.10/src/buffer_core.cpp/tmp/binarydeb/ros-noetic-tf2-0.7.10/src/buffer_core.cpp

[WARN] [1787290699.061029924, 1028.600000000]: Missed desired rate of 1.00Hz! Loop actually took 1.2000 seconds!
[INFO] [1787290626.062438, 955.600000]: Really visited vertices: 8 7 6 5 4 3 9 15 16 10 11 35 37 20 19 15 19 23 29 30 24 25 31 32 26 32 26 27 33 34 28 22 21 27 26 
[INFO] [1787290626.567180, 956.100000]: Replanning request. curr_vertex_idx: 34
[INFO] [1787290626.568409, 956.100000]:                     covered_vertices: ()
[INFO] [1787290626.569251, 956.100000]: Handle local replanning...
[INFO] [1787290626.569943, 956.100000]: Local path to replan: [36, 35]
[INFO] [1787290626.570596, 956.100000]: curr path length: 45, is_loop length: 45
[INFO] [1787290626.571167, 956.100000]: Send new plan: 8 7 6 5 4 3 9 15 16 10 11 35 37 20 19 15(L) 19 23 29 30 24 25 31 32 26 27 33 34 28 22 21 38 26(L) 38 36  ---> 35(L) 36 12 13 17 18 22(L) 18 14 8(L) 
[INFO] [1787290632.700382, 962.200000]: Replanning request. curr_vertex_idx: 34
[INFO] [1787290632.701413, 962.200000]:                     covered_vertices: ()
[INFO] [1787290632.702241, 962.200000]: Handle local replanning...
[INFO] [1787290632.703018, 962.200000]: Local path to replan: [36, 35]
[INFO] [1787290632.703722, 962.200000]: curr path length: 45, is_loop length: 45
[INFO] [1787290632.704343, 962.200000]: Send new plan: 8 7 6 5 4 3 9 15 16 10 11 35 37 20 19 15(L) 19 23 29 30 24 25 31 32 26 27 33 34 28 22 21 38 26(L) 38 36  ---> 35(L) 36 12 13 17 18 22(L) 18 14 8(L) 
[INFO] [1787290638.929682, 968.400000]: Replanning request. curr_vertex_idx: 34
[INFO] [1787290638.930685, 968.400000]:                     covered_vertices: ()
[INFO] [1787290638.931390, 968.400000]: Handle local replanning...
[INFO] [1787290638.932052, 968.400000]: Local path to replan: [36, 35]
[INFO] [1787290638.932667, 968.400000]: curr path length: 45, is_loop length: 45
[INFO] [1787290638.933409, 968.400000]: Send new plan: 8 7 6 5 4 3 9 15 16 10 11 35 37 20 19 15(L) 19 23 29 30 24 25 31 32 26 27 33 34 28 22 21 38 26(L) 38 36  ---> 35(L) 36 12 13 17 18 22(L) 18 14 8(L) 
[INFO] [1787290643.913668, 973.400000]: Really visited vertices: 8 7 6 5 4 3 9 15 16 10 11 35 37 20 19 15 19 23 29 30 24 25 31 32 26 32 26 27 33 34 28 22 21 27 26 
[INFO] [1787290644.410958, 973.900000]: Replanning request. curr_vertex_idx: 34
[INFO] [1787290644.412210, 973.900000]:                     covered_vertices: ()
[INFO] [1787290644.412988, 973.900000]: Handle local replanning...
[INFO] [1787290644.413707, 973.900000]: Local path to replan: [36, 35]
[INFO] [1787290644.414395, 973.900000]: curr path length: 45, is_loop length: 45
[INFO] [1787290644.415057, 973.900000]: Send new plan: 8 7 6 5 4 3 9 15 16 10 11 35 37 20 19 15(L) 19 23 29 30 24 25 31 32 26 27 33 34 28 22 21 38 26(L) 38 36  ---> 35(L) 36 12 13 17 18 22(L) 18 14 8(L) 
[INFO] [1787290650.804648, 980.300000]: Replanning request. curr_vertex_idx: 34
[INFO] [1787290650.805771, 980.300000]:                     covered_vertices: ()
[INFO] [1787290650.806523, 980.300000]: Handle local replanning...
[INFO] [1787290650.807252, 980.300000]: Local path to replan: [36, 35]
[INFO] [1787290650.807869, 980.300000]: curr path length: 45, is_loop length: 45
[INFO] [1787290650.808488, 980.300000]: Send new plan: 8 7 6 5 4 3 9 15 16 10 11 35 37 20 19 15(L) 19 23 29 30 24 25 31 32 26 27 33 34 28 22 21 38 26(L) 38 36  ---> 35(L) 36 12 13 17 18 22(L) 18 14 8(L) 
[INFO] [1787290656.587976, 986.100000]: Replanning request. curr_vertex_idx: 34
[INFO] [1787290656.589105, 986.100000]:                     covered_vertices: ()
[INFO] [1787290656.589746, 986.100000]: Handle local replanning...
[INFO] [1787290656.590355, 986.100000]: Local path to replan: [36, 35]
[INFO] [1787290656.591066, 986.100000]: curr path length: 45, is_loop length: 45
[INFO] [1787290656.591675, 986.100000]: Send new plan: 8 7 6 5 4 3 9 15 16 10 11 35 37 20 19 15(L) 19 23 29 30 24 25 31 32 26 27 33 34 28 22 21 38 26(L) 38 36  ---> 35(L) 36 12 13 17 18 22(L) 18 14 8(L) 
[INFO] [1787290662.570993, 992.100000]: Replanning request. curr_vertex_idx: 34
[INFO] [1787290662.572128, 992.100000]:                     covered_vertices: ()
[INFO] [1787290662.573047, 992.100000]: Handle local replanning...
[INFO] [1787290662.573890, 992.100000]: Local path to replan: [36, 35]
[INFO] [1787290662.574893, 992.100000]: curr path length: 45, is_loop length: 45
[INFO] [1787290662.575785, 992.100000]: Send new plan: 8 7 6 5 4 3 9 15 16 10 11 35 37 20 19 15(L) 19 23 29 30 24 25 31 32 26 27 33 34 28 22 21 38 26(L) 38 36  ---> 35(L) 36 12 13 17 18 22(L) 18 14 8(L) 
[INFO] [1787290668.576224, 998.100000]: Replanning request. curr_vertex_idx: 34
[INFO] [1787290668.577244, 998.100000]:                     covered_vertices: ()
[INFO] [1787290668.577965, 998.100000]: Handle local replanning...
[INFO] [1787290668.578712, 998.100000]: Local path to replan: [36, 35]
[INFO] [1787290668.579458, 998.100000]: curr path length: 45, is_loop length: 45
[INFO] [1787290668.580318, 998.100000]: Send new plan: 8 7 6 5 4 3 9 15 16 10 11 35 37 20 19 15(L) 19 23 29 30 24 25 31 32 26 27 33 34 28 22 21 38 26(L) 38 36  ---> 35(L) 36 12 13 17 18 22(L) 18 14 8(L) 
[INFO] [1787290674.566664, 1004.100000]: Replanning request. curr_vertex_idx: 34
[INFO] [1787290674.567625, 1004.100000]:                     covered_vertices: ()
[INFO] [1787290674.568331, 1004.100000]: Handle local replanning...
[INFO] [1787290674.569033, 1004.100000]: Local path to replan: [36, 35]
[INFO] [1787290674.569721, 1004.100000]: curr path length: 45, is_loop length: 45
[INFO] [1787290674.570236, 1004.100000]: Send new plan: 8 7 6 5 4 3 9 15 16 10 11 35 37 20 19 15(L) 19 23 29 30 24 25 31 32 26 27 33 34 28 22 21 38 26(L) 38 36  ---> 35(L) 36 12 13 17 18 22(L) 18 14 8(L) 
[INFO] [1787290680.809179, 1010.300000]: Replanning request. curr_vertex_idx: 34
[INFO] [1787290680.810341, 1010.300000]:                     covered_vertices: ()
[INFO] [1787290680.811231, 1010.300000]: Handle local replanning...
[INFO] [1787290680.811881, 1010.300000]: Local path to replan: [36, 35]
[INFO] [1787290680.812976, 1010.300000]: curr path length: 45, is_loop length: 45
[INFO] [1787290680.813623, 1010.300000]: Send new plan: 8 7 6 5 4 3 9 15 16 10 11 35 37 20 19 15(L) 19 23 29 30 24 25 31 32 26 27 33 34 28 22 21 38 26(L) 38 36  ---> 35(L) 36 12 13 17 18 22(L) 18 14 8(L) 
[INFO] [1787290686.923739, 1016.400000]: Replanning request. curr_vertex_idx: 34
[INFO] [1787290686.924975, 1016.400000]:                     covered_vertices: ()
[INFO] [1787290686.925775, 1016.400000]: Handle local replanning...
[INFO] [1787290686.926472, 1016.400000]: Local path to replan: [36, 35]
[INFO] [1787290686.927266, 1016.400000]: curr path length: 45, is_loop length: 45
[INFO] [1787290686.928265, 1016.400000]: Send new plan: 8 7 6 5 4 3 9 15 16 10 11 35 37 20 19 15(L) 19 23 29 30 24 25 31 32 26 27 33 34 28 22 21 38 26(L) 38 36  ---> 35(L) 36 12 13 17 18 22(L) 18 14 8(L) 
[INFO] [1787290692.823914, 1022.300000]: Replanning request. curr_vertex_idx: 34
[INFO] [1787290692.825112, 1022.300000]:                     covered_vertices: ()
[INFO] [1787290692.825858, 1022.300000]: Handle local replanning...
[INFO] [1787290692.826559, 1022.300000]: Local path to replan: [36, 35]
[INFO] [1787290692.827144, 1022.300000]: curr path length: 45, is_loop length: 45
[INFO] [1787290692.827727, 1022.300000]: Send new plan: 8 7 6 5 4 3 9 15 16 10 11 35 37 20 19 15(L) 19 23 29 30 24 25 31 32 26 27 33 34 28 22 21 38 26(L) 38 36  ---> 35(L) 36 12 13 17 18 22(L) 18 14 8(L) 
[INFO] [1787290698.945276, 1028.500000]: Replanning request. curr_vertex_idx: 34
[INFO] [1787290698.946205, 1028.500000]:                     covered_vertices: ()
[INFO] [1787290698.946843, 1028.500000]: Handle local replanning...
[INFO] [1787290698.947492, 1028.500000]: Local path to replan: [36, 35]
[INFO] [1787290698.948116, 1028.500000]: curr path length: 45, is_loop length: 45
[INFO] [1787290698.948697, 1028.500000]: Send new plan: 8 7 6 5 4 3 9 15 16 10 11 35 37 20 19 15(L) 19 23 29 30 24 25 31 32 26 27 33 34 28 22 21 38 26(L) 38 36  ---> 35(L) 36 12 13 17 18 22(L) 18 14 8(L) 
[INFO] [1787290704.805075, 1034.300000]: Replanning request. curr_vertex_idx: 34
[INFO] [1787290704.806061, 1034.300000]:                     covered_vertices: ()
[INFO] [1787290704.806804, 1034.300000]: Handle local replanning...
Warning: TF_REPEATED_DATA ignoring data with redundant timestamp for frame odom (parent offset) at time 1039.700000 according to authority unknown_publisher
         at line 277 in /tmp/binarydeb/ros-noetic-tf2-0.7.10/src/buffer_core.cpp
[INFO] [1787290698.944167927, 1028.500000000]: Call local replanning...
[INFO] [1787290704.804132936, 1034.300000000]: Call local replanning...
Warning: Warning: Warning: TF_REPEATED_DATA ignoring data with redundant timestamp for frame odom (parent offset) at time 1039.700000 according to authority unknown_publisherTF_REPEATED_DATA ignoring data with redundant timestamp for frame odom (parent offset) at time 1039.700000 according to authority unknown_publisherTF_REPEATED_DATA ignoring data with redundant timestamp for frame odom (parent offset) at time 1039.700000 according to authority unknown_publisher


         at line          at line          at line 277277277 in  in  in /tmp/binarydeb/ros-noetic-tf2-0.7.10/src/buffer_core.cpp/tmp/binarydeb/ros-noetic-tf2-0.7.10/src/buffer_core.cpp/tmp/binarydeb/ros-noetic-tf2-0.7.10/src/buffer_core.cpp


Warning: Warning: TF_REPEATED_DATA ignoring data with redundant timestamp for frame offset (parent map) at time 1039.700000 according to authority unknown_publisherTF_REPEATED_DATA ignoring data with redundant timestamp for frame offset (parent map) at time 1039.700000 according to authority unknown_publisher

         at line Warning:          at line 277TF_REPEATED_DATA ignoring data with redundant timestamp for frame offset (parent map) at time 1039.700000 according to authority unknown_publisher277 in 
 in /tmp/binarydeb/ros-noetic-tf2-0.7.10/src/buffer_core.cpp         at line /tmp/binarydeb/ros-noetic-tf2-0.7.10/src/buffer_core.cpp
277
 in /tmp/binarydeb/ros-noetic-tf2-0.7.10/src/buffer_core.cpp
Warning: TF_REPEATED_DATA ignoring data with redundant timestamp for frame offset (parent map) at time 1039.700000 according to authority unknown_publisher
         at line 277 in /tmp/binarydeb/ros-noetic-tf2-0.7.10/src/buffer_core.cpp
[WARN] [1787290710.206190475, 1039.700000000]: TF_REPEATED_DATA ignoring data with redundant timestamp for frame odom (parent offset) at time 1039.700000 according to authority unknown_publisher
[WARN] [1787290710.206213878, 1039.700000000]: TF_REPEATED_DATA ignoring data with redundant timestamp for frame offset (parent map) at time 1039.700000 according to authority unknown_publisher
[WARN] [1787290711.066617070, 1040.600000000]: Missed desired rate of 1.00Hz! Loop actually took 1.2000 seconds!
Warning: TF_REPEATED_DATA ignoring data with redundant timestamp for frame odom (parent offset) at time 1051.700000 according to authority unknown_publisher
         at line 277 in /tmp/binarydeb/ros-noetic-tf2-0.7.10/src/buffer_core.cpp
Warning: TF_REPEATED_DATA ignoring data with redundant timestamp for frame offset (parent map) at time 1051.700000 according to authority unknown_publisher
         at line 277 in /tmp/binarydeb/ros-noetic-tf2-0.7.10/src/buffer_core.cpp
[INFO] [1787290710.947534920, 1040.500000000]: Call local replanning...
[INFO] [1787290716.707073530, 1046.200000000]: Call local replanning...
Warning: Warning: TF_REPEATED_DATA ignoring data with redundant timestamp for frame odom (parent offset) at time 1051.700000 according to authority unknown_publisherTF_REPEATED_DATA ignoring data with redundant timestamp for frame odom (parent offset) at time 1051.700000 according to authority unknown_publisher

         at line          at line 277 in 277/tmp/binarydeb/ros-noetic-tf2-0.7.10/src/buffer_core.cpp in 
/tmp/binarydeb/ros-noetic-tf2-0.7.10/src/buffer_core.cpp
Warning: TF_REPEATED_DATA ignoring data with redundant timestamp for frame offset (parent map) at time 1051.700000 according to authority unknown_publisher
         at line 277 in /tmp/binarydeb/ros-noetic-tf2-0.7.10/src/buffer_core.cppWarning: 
TF_REPEATED_DATA ignoring data with redundant timestamp for frame offset (parent map) at time 1051.700000 according to authority unknown_publisher
         at line 277 in /tmp/binarydeb/ros-noetic-tf2-0.7.10/src/buffer_core.cpp
Warning: TF_REPEATED_DATA ignoring data with redundant timestamp for frame odom (parent offset) at time 1051.700000 according to authority unknown_publisher
         at line 277 in /tmp/binarydeb/ros-noetic-tf2-0.7.10/src/buffer_core.cpp
Warning: TF_REPEATED_DATA ignoring data with redundant timestamp for frame offset (parent map) at time 1051.700000 according to authority unknown_publisher
         at line 277 in /tmp/binarydeb/ros-noetic-tf2-0.7.10/src/buffer_core.cpp
[WARN] [1787290722.208899584, 1051.700000000]: TF_REPEATED_DATA ignoring data with redundant timestamp for frame odom (parent offset) at time 1051.700000 according to authority unknown_publisher
[WARN] [1787290722.208933051, 1051.700000000]: TF_REPEATED_DATA ignoring data with redundant timestamp for frame offset (parent map) at time 1051.700000 according to authority unknown_publisher
[WARN] [1787290728.682167122, 1058.200000000]: No frontier at vertex 36. #Frontier: 0
Warning: TF_REPEATED_DATA ignoring data with redundant timestamp for frame odom (parent offset) at time 1069.700000 according to authority unknown_publisher
         at line 277 in /tmp/binarydeb/ros-noetic-tf2-0.7.10/src/buffer_core.cpp
Warning: TF_REPEATED_DATA ignoring data with redundant timestamp for frame offset (parent map) at time 1069.700000 according to authority unknown_publisher
         at line 277 in /tmp/binarydeb/ros-noetic-tf2-0.7.10/src/buffer_core.cpp
Warning: TF_REPEATED_DATA ignoring data with redundant timestamp for frame odom (parent offset) at time 1069.700000 according to authority unknown_publisher
         at line 277 in /tmp/binarydeb/ros-noetic-tf2-0.7.10/src/buffer_core.cpp
Warning: TF_REPEATED_DATA ignoring data with redundant timestamp for frame offset (parent map) at time 1069.700000 according to authority unknown_publisher
         at line 277 in /tmp/binarydeb/ros-noetic-tf2-0.7.10/src/buffer_core.cpp
Warning: [INFO] [1787290722.710937909, 1052.200000000]: Call local replanning...
[INFO] [1787290722.717420729, 1052.200000000]: Reach vertex 36
[INFO] [1787290722.725343635, 1052.200000000]: Explore Goal 36 's frontiers...
[INFO] [1787290728.675377217, 1058.200000000]: Call local replanning...
[INFO] [1787290728.682219301, 1058.200000000]: Set newGoal 35
[INFO] [1787290734.682157749, 1064.200000000]: Next target is loop vertex 35(L)
[INFO] [1787290734.683566647, 1064.200000000]: Set reliable loop closing path from reliable_loop_service.
[INFO] [1787290734.683601008, 1064.200000000]: PHASE2_LOOP_PLANNED vertex=35 source=reliable_loop_service waypoints=7 path=21.672411,33.5578346;22.6429863,33.6115875;23.6212826,33.6319313;24.5622654,33.6380272;25.5232506,33.6433868;26.5064869,33.6488152;27.5144558,33.6760559
[INFO] [1787290734.683622358, 1064.200000000]: Exploration is waiting.
TF_REPEATED_DATA ignoring data with redundant timestamp for frame odom (parent offset) at time 1069.700000 according to authority unknown_publisherWarning: 
TF_REPEATED_DATA ignoring data with redundant timestamp for frame odom (parent offset) at time 1069.700000 according to authority unknown_publisher         at line 
277         at line  in [WARN] [1787290740.197779769, 1069.700000000]: TF_REPEATED_DATA ignoring data with redundant timestamp for frame odom (parent offset) at time 1069.700000 according to authority unknown_publisher
277/tmp/binarydeb/ros-noetic-tf2-0.7.10/src/buffer_core.cpp in 
/tmp/binarydeb/ros-noetic-tf2-0.7.10/src/buffer_core.cpp
Warning: Warning: TF_REPEATED_DATA ignoring data with redundant timestamp for frame offset (parent map) at time 1069.700000 according to authority unknown_publisherTF_REPEATED_DATA ignoring data with redundant timestamp for frame offset (parent map) at time 1069.700000 according to authority unknown_publisher

         at line          at line 277277 in  in /tmp/binarydeb/ros-noetic-tf2-0.7.10/src/buffer_core.cpp/tmp/binarydeb/ros-noetic-tf2-0.7.10/src/buffer_core.cpp

[WARN] [1787290740.197814872, 1069.700000000]: TF_REPEATED_DATA ignoring data with redundant timestamp for frame offset (parent map) at time 1069.700000 according to authority unknown_publisher
Warning: TF_REPEATED_DATA ignoring data with redundant timestamp for frame odom (parent offset) at time 1081.700000 according to authority unknown_publisher
         at line 277 in /tmp/binarydeb/ros-noetic-tf2-0.7.10/src/buffer_core.cpp
Warning: TF_REPEATED_DATA ignoring data with redundant timestamp for frame offset (parent map) at time 1081.700000 according to authority unknown_publisher
         at line 277 in /tmp/binarydeb/ros-noetic-tf2-0.7.10/src/buffer_core.cpp
Warning: [INFO] [1787290740.701400741, 1070.200000000]: PHASE2_LOOP_EXECUTION_STARTED vertex=35 waypoints=7
TF_REPEATED_DATA ignoring data with redundant timestamp for frame odom (parent offset) at time 1081.700000 according to authority unknown_publisherWarning: 
         at line TF_REPEATED_DATA ignoring data with redundant timestamp for frame odom (parent offset) at time 1081.700000 according to authority unknown_publisher[WARN] [1787290752.212862410, 1081.700000000]: TF_REPEATED_DATA ignoring data with redundant timestamp for frame odom (parent offset) at time 1081.700000 according to authority unknown_publisher

277         at line  in /tmp/binarydeb/ros-noetic-tf2-0.7.10/src/buffer_core.cpp
277 in /tmp/binarydeb/ros-noetic-tf2-0.7.10/src/buffer_core.cpp
Warning: Warning: TF_REPEATED_DATA ignoring data with redundant timestamp for frame offset (parent map) at time 1081.700000 according to authority unknown_publisherTF_REPEATED_DATA ignoring data with redundant timestamp for frame odom (parent offset) at time 1081.700000 according to authority unknown_publisher

         at line          at line 277277 in  in /tmp/binarydeb/ros-noetic-tf2-0.7.10/src/buffer_core.cpp/tmp/binarydeb/ros-noetic-tf2-0.7.10/src/buffer_core.cpp

[WARN] [1787290752.212909078, 1081.700000000]: TF_REPEATED_DATA ignoring data with redundant timestamp for frame offset (parent map) at time 1081.700000 according to authority unknown_publisher
Warning: TF_REPEATED_DATA ignoring data with redundant timestamp for frame offset (parent map) at time 1081.700000 according to authority unknown_publisher
         at line 277 in /tmp/binarydeb/ros-noetic-tf2-0.7.10/src/buffer_core.cpp
Warning: TF_REPEATED_DATA ignoring data with redundant timestamp for frame offset (parent map) at time 1081.700000 according to authority unknown_publisher
         at line 277 in /tmp/binarydeb/ros-noetic-tf2-0.7.10/src/buffer_core.cpp
[WARN] [1787290753.078191884, 1082.600000000]: Missed desired rate of 1.00Hz! Loop actually took 1.2000 seconds!
[WARN] [1787290758.942399529, 1088.500000000]: Missed desired rate of 1.00Hz! Loop actually took 1.1000 seconds!
Warning: TF_REPEATED_DATA ignoring data with redundant timestamp for frame odom (parent offset) at time 1125.800000 according to authority unknown_publisherWarning: 
TF_REPEATED_DATA ignoring data with redundant timestamp for frame odom (parent offset) at time 1125.800000 according to authority unknown_publisher         at line 
277         at line  in /tmp/binarydeb/ros-noetic-tf2-0.7.10/src/buffer_core.cpp277
 in /tmp/binarydeb/ros-noetic-tf2-0.7.10/src/buffer_core.cpp
Warning: TF_REPEATED_DATA ignoring data with redundant timestamp for frame offset (parent map) at time 1125.800000 according to authority unknown_publisher
         at line Warning: 277TF_REPEATED_DATA ignoring data with redundant timestamp for frame offset (parent map) at time 1125.800000 according to authority unknown_publisher in 
/tmp/binarydeb/ros-noetic-tf2-0.7.10/src/buffer_core.cpp         at line 
277 in /tmp/binarydeb/ros-noetic-tf2-0.7.10/src/buffer_core.cpp
[INFO] [1787290790.457292625, 1120.000000000]: PHASE2_LOOP_WAYPOINT_REACHED vertex=35 waypoint=0
[INFO] [1787290794.589660966, 1124.100000000]: PHASE2_LOOP_WAYPOINT_REACHED vertex=35 waypoint=1
Warning: Warning: TF_REPEATED_DATA ignoring data with redundant timestamp for frame odom (parent offset) at time 1125.800000 according to authority unknown_publisherTF_REPEATED_DATA ignoring data with redundant timestamp for frame odom (parent offset) at time 1125.800000 according to authority unknown_publisher

         at line          at line 277277 in  in /tmp/binarydeb/ros-noetic-tf2-0.7.10/src/buffer_core.cpp/tmp/binarydeb/ros-noetic-tf2-0.7.10/src/buffer_core.cpp

Warning: Warning: TF_REPEATED_DATA ignoring data with redundant timestamp for frame offset (parent map) at time 1125.800000 according to authority unknown_publisherTF_REPEATED_DATA ignoring data with redundant timestamp for frame offset (parent map) at time 1125.800000 according to authority unknown_publisher

         at line          at line 277277 in  in /tmp/binarydeb/ros-noetic-tf2-0.7.10/src/buffer_core.cpp/tmp/binarydeb/ros-noetic-tf2-0.7.10/src/buffer_core.cpp

[WARN] [1787290796.239477376, 1125.800000000]: TF_REPEATED_DATA ignoring data with redundant timestamp for frame odom (parent offset) at time 1125.800000 according to authority unknown_publisher
[WARN] [1787290796.239507162, 1125.800000000]: TF_REPEATED_DATA ignoring data with redundant timestamp for frame offset (parent map) at time 1125.800000 according to authority unknown_publisher
[WARN] [1787290797.099279238, 1126.600000000]: Missed desired rate of 1.00Hz! Loop actually took 1.2000 seconds!
[WARN] [1787290805.064346188, 1134.600000000]: Missed desired rate of 1.00Hz! Loop actually took 1.2000 seconds!
[WARN] [1787290808.951090727, 1138.500000000]: Missed desired rate of 1.00Hz! Loop actually took 1.1000 seconds!
[WARN] [1787290810.943469729, 1140.500000000]: Missed desired rate of 1.00Hz! Loop actually took 1.1000 seconds!
[WARN] [1787290816.954540093, 1146.500000000]: Missed desired rate of 1.00Hz! Loop actually took 1.1000 seconds!
[WARN] [1787290818.948502669, 1148.500000000]: Missed desired rate of 1.00Hz! Loop actually took 1.1000 seconds!
[WARN] [1787290820.960820729, 1150.500000000]: Missed desired rate of 1.00Hz! Loop actually took 1.1000 seconds!
concorde /tmp/tmphyiw4_c2/problem.tsp
Host: msxg  Current process id: 63389
Using random seed 1787290826
Number of Nodes: 8
Explicit Lengths (CC_MATRIXNORM)
Optimal Solution: 351.00
Total Running Time: 0.00 (seconds)
concorde /tmp/tmp9i8z5dga/problem.tsp
Host: msxg  Current process id: 63431
Using random seed 1787290832
Number of Nodes: 8
Explicit Lengths (CC_MATRIXNORM)
Optimal Solution: 351.00
Total Running Time: 0.00 (seconds)
[INFO] [1787290796.984023206, 1126.500000000]: PHASE2_LOOP_WAYPOINT_REACHED vertex=35 waypoint=2
[INFO] [1787290802.584341922, 1132.100000000]: PHASE2_LOOP_WAYPOINT_REACHED vertex=35 waypoint=3
[INFO] [1787290810.828666674, 1140.300000000]: PHASE2_LOOP_WAYPOINT_REACHED vertex=35 waypoint=4
[INFO] [1787290814.612676391, 1144.100000000]: PHASE2_LOOP_WAYPOINT_REACHED vertex=35 waypoint=5
[INFO] [1787290820.846658438, 1150.400000000]: PHASE2_LOOP_WAYPOINT_REACHED vertex=35 waypoint=6
[INFO] [1787290820.846684717, 1150.400000000]: PHASE2_LOOP_EXECUTION_FINISHED vertex=35 waypoints=7
[INFO] [1787290820.851107175, 1150.400000000]: Skip repeated visit to vertex 36
[INFO] [1787290820.851131739, 1150.400000000]: Skip repeated visit to vertex 12
[INFO] [1787290820.851143196, 1150.400000000]: Set newGoal 13
[INFO] [1787290826.443706059, 1156.000000000]: Call local replanning...
[INFO] [1787290832.617751899, 1162.100000000]: Call local replanning...
Warning: Warning: TF_REPEATED_DATA ignoring data with redundant timestamp for frame odom (parent offset) at time 1167.700000 according to authority unknown_publisherTF_REPEATED_DATA ignoring data with redundant timestamp for frame odom (parent offset) at time 1167.700000 according to authority unknown_publisher

         at line          at line 277277 in  in /tmp/binarydeb/ros-noetic-tf2-0.7.10/src/buffer_core.cpp/tmp/binarydeb/ros-noetic-tf2-0.7.10/src/buffer_core.cpp

Warning: Warning: Warning: TF_REPEATED_DATA ignoring data with redundant timestamp for frame odom (parent offset) at time 1167.700000 according to authority unknown_publisherTF_REPEATED_DATA ignoring data with redundant timestamp for frame offset (parent map) at time 1167.700000 according to authority unknown_publisherTF_REPEATED_DATA ignoring data with redundant timestamp for frame offset (parent map) at time 1167.700000 according to authority unknown_publisher


         at line          at line          at line 277277277 in  in  in /tmp/binarydeb/ros-noetic-tf2-0.7.10/src/buffer_core.cpp/tmp/binarydeb/ros-noetic-tf2-0.7.10/src/buffer_core.cpp/tmp/binarydeb/ros-noetic-tf2-0.7.10/src/buffer_core.cpp


Warning: TF_REPEATED_DATA ignoring data with redundant timestamp for frame offset (parent map) at time 1167.700000 according to authority unknown_publisher
         at line 277 in /tmp/binarydeb/ros-noetic-tf2-0.7.10/src/buffer_core.cpp
Warning: TF_REPEATED_DATA ignoring data with redundant timestamp for frame odom (parent offset) at time 1167.700000 according to authority unknown_publisher
         at line 277 in /tmp/binarydeb/ros-noetic-tf2-0.7.10/src/buffer_core.cpp
Warning: TF_REPEATED_DATA ignoring data with redundant timestamp for frame offset (parent map) at time 1167.700000 according to authority unknown_publisher
         at line 277 in /tmp/binarydeb/ros-noetic-tf2-0.7.10/src/buffer_core.cpp
[WARN] [1787290838.233219959, 1167.700000000]: TF_REPEATED_DATA ignoring data with redundant timestamp for frame odom (parent offset) at time 1167.700000 according to authority unknown_publisher
[WARN] [1787290838.233241944, 1167.700000000]: TF_REPEATED_DATA ignoring data with redundant timestamp for frame offset (parent map) at time 1167.700000 according to authority unknown_publisher
concorde /tmp/tmpsrfyn0ax/problem.tsp
Host: msxg  Current process id: 63435
Using random seed 1787290838
Number of Nodes: 8
Explicit Lengths (CC_MATRIXNORM)
Optimal Solution: 351.00
Total Running Time: 0.00 (seconds)
concorde /tmp/tmpgwzbz0p5/problem.tsp
Host: msxg  Current process id: 63444
Using random seed 1787290844
Number of Nodes: 8
Explicit Lengths (CC_MATRIXNORM)
Optimal Solution: 351.00
Total Running Time: 0.00 (seconds)
concorde /tmp/tmp92yrrszi/problem.tsp
Host: msxg  Current process id: 63447
Using random seed 1787290850
Number of Nodes: 8
Explicit Lengths (CC_MATRIXNORM)
Optimal Solution: 351.00
Total Running Time: 0.00 (seconds)
[INFO] [1787290838.753639647, 1168.300000000]: Call local replanning...
[INFO] [1787290844.464045175, 1174.000000000]: Call local replanning...
[INFO] [1787290850.743493022, 1180.300000000]: Call local replanning...
Warning: Warning: TF_REPEATED_DATA ignoring data with redundant timestamp for frame odom (parent offset) at time 1185.700000 according to authority unknown_publisherTF_REPEATED_DATA ignoring data with redundant timestamp for frame odom (parent offset) at time 1185.700000 according to authority unknown_publisher

         at line          at line 277277 in  in /tmp/binarydeb/ros-noetic-tf2-0.7.10/src/buffer_core.cpp/tmp/binarydeb/ros-noetic-tf2-0.7.10/src/buffer_core.cpp

Warning: Warning: Warning: TF_REPEATED_DATA ignoring data with redundant timestamp for frame offset (parent map) at time 1185.700000 according to authority unknown_publisherTF_REPEATED_DATA ignoring data with redundant timestamp for frame offset (parent map) at time 1185.700000 according to authority unknown_publisher
TF_REPEATED_DATA ignoring data with redundant timestamp for frame odom (parent offset) at time 1185.700000 according to authority unknown_publisher
         at line 
         at line 277         at line 277 in  in 277/tmp/binarydeb/ros-noetic-tf2-0.7.10/src/buffer_core.cpp/tmp/binarydeb/ros-noetic-tf2-0.7.10/src/buffer_core.cpp in 

/tmp/binarydeb/ros-noetic-tf2-0.7.10/src/buffer_core.cpp
Warning: TF_REPEATED_DATA ignoring data with redundant timestamp for frame offset (parent map) at time 1185.700000 according to authority unknown_publisher
         at line 277 in /tmp/binarydeb/ros-noetic-tf2-0.7.10/src/buffer_core.cpp
Warning: TF_REPEATED_DATA ignoring data with redundant timestamp for frame odom (parent offset) at time 1185.700000 according to authority unknown_publisher
         at line 277 in /tmp/binarydeb/ros-noetic-tf2-0.7.10/src/buffer_core.cpp
Warning: TF_REPEATED_DATA ignoring data with redundant timestamp for frame offset (parent map) at time 1185.700000 according to authority unknown_publisher
         at line 277 in /tmp/binarydeb/ros-noetic-tf2-0.7.10/src/buffer_core.cpp
[WARN] [1787290856.231296713, 1185.700000000]: TF_REPEATED_DATA ignoring data with redundant timestamp for frame odom (parent offset) at time 1185.700000 according to authority unknown_publisher
[WARN] [1787290856.231319024, 1185.700000000]: TF_REPEATED_DATA ignoring data with redundant timestamp for frame offset (parent map) at time 1185.700000 according to authority unknown_publisher
concorde /tmp/tmp0m54ykun/problem.tsp
Host: msxg  Current process id: 63450
Using random seed 1787290856
Number of Nodes: 8
Explicit Lengths (CC_MATRIXNORM)
Optimal Solution: 351.00
Total Running Time: 0.00 (seconds)
[INFO] [1787290704.807418, 1034.300000]: Local path to replan: [36, 35]
[INFO] [1787290704.808050, 1034.300000]: curr path length: 45, is_loop length: 45
[INFO] [1787290704.808641, 1034.300000]: Send new plan: 8 7 6 5 4 3 9 15 16 10 11 35 37 20 19 15(L) 19 23 29 30 24 25 31 32 26 27 33 34 28 22 21 38 26(L) 38 36  ---> 35(L) 36 12 13 17 18 22(L) 18 14 8(L) 
[INFO] [1787290710.948701, 1040.500000]: Replanning request. curr_vertex_idx: 34
[INFO] [1787290710.949784, 1040.500000]:                     covered_vertices: ()
[INFO] [1787290710.950422, 1040.500000]: Handle local replanning...
[INFO] [1787290710.951092, 1040.500000]: Local path to replan: [36, 35]
[INFO] [1787290710.951763, 1040.500000]: curr path length: 45, is_loop length: 45
[INFO] [1787290710.952496, 1040.500000]: Send new plan: 8 7 6 5 4 3 9 15 16 10 11 35 37 20 19 15(L) 19 23 29 30 24 25 31 32 26 27 33 34 28 22 21 38 26(L) 38 36  ---> 35(L) 36 12 13 17 18 22(L) 18 14 8(L) 
[INFO] [1787290715.409242, 1044.900000]: Really visited vertices: 8 7 6 5 4 3 9 15 16 10 11 35 37 20 19 15 19 23 29 30 24 25 31 32 26 32 26 27 33 34 28 22 21 27 26 38 
[INFO] [1787290716.708382, 1046.200000]: Replanning request. curr_vertex_idx: 34
[INFO] [1787290716.709484, 1046.200000]:                     covered_vertices: ()
[INFO] [1787290716.710660, 1046.200000]: Handle local replanning...
[INFO] [1787290716.711498, 1046.200000]: Local path to replan: [36, 35]
[INFO] [1787290716.712250, 1046.200000]: curr path length: 45, is_loop length: 45
[INFO] [1787290716.713212, 1046.200000]: Send new plan: 8 7 6 5 4 3 9 15 16 10 11 35 37 20 19 15(L) 19 23 29 30 24 25 31 32 26 27 33 34 28 22 21 38 26(L) 38 36  ---> 35(L) 36 12 13 17 18 22(L) 18 14 8(L) 
[INFO] [1787290722.712186, 1052.200000]: Replanning request. curr_vertex_idx: 34
[INFO] [1787290722.713201, 1052.200000]:                     covered_vertices: ()
[INFO] [1787290722.714041, 1052.200000]: Handle local replanning...
[INFO] [1787290722.714759, 1052.200000]: Local path to replan: [36, 35]
[INFO] [1787290722.715546, 1052.200000]: curr path length: 45, is_loop length: 45
[INFO] [1787290722.716298, 1052.200000]: Send new plan: 8 7 6 5 4 3 9 15 16 10 11 35 37 20 19 15(L) 19 23 29 30 24 25 31 32 26 27 33 34 28 22 21 38 26(L) 38 36  ---> 35(L) 36 12 13 17 18 22(L) 18 14 8(L) 
[INFO] [1787290727.947917, 1057.500000]: Really visited vertices: 8 7 6 5 4 3 9 15 16 10 11 35 37 20 19 15 19 23 29 30 24 25 31 32 26 32 26 27 33 34 28 22 21 27 26 38 36 
[INFO] [1787290728.676730, 1058.200000]: Replanning request. curr_vertex_idx: 34
[INFO] [1787290728.677808, 1058.200000]:                     covered_vertices: ()
[INFO] [1787290728.678656, 1058.200000]: Handle local replanning...
[INFO] [1787290728.679391, 1058.200000]: Local path to replan: [36, 35]
[INFO] [1787290728.680237, 1058.200000]: curr path length: 45, is_loop length: 45
[INFO] [1787290728.680988, 1058.200000]: Send new plan: 8 7 6 5 4 3 9 15 16 10 11 35 37 20 19 15(L) 19 23 29 30 24 25 31 32 26 27 33 34 28 22 21 38 26(L) 38 36  ---> 35(L) 36 12 13 17 18 22(L) 18 14 8(L) 
[INFO] [1787290733.643130, 1063.200000]: Really visited vertices: 8 7 6 5 4 3 9 15 16 10 11 35 37 20 19 15 19 23 29 30 24 25 31 32 26 32 26 27 33 34 28 22 21 27 26 38 36 
[INFO] [1787290775.502953, 1105.000000]: Really visited vertices: 8 7 6 5 4 3 9 15 16 10 11 35 37 20 19 15 19 23 29 30 24 25 31 32 26 32 26 27 33 34 28 22 21 27 26 38 36 35 
[INFO] [1787290820.847891, 1150.400000]: Replanning request. curr_vertex_idx: 35
[INFO] [1787290820.848596, 1150.400000]:                     covered_vertices: ()
[INFO] [1787290820.849317, 1150.400000]: curr path length: 45, is_loop length: 45
[INFO] [1787290820.849973, 1150.400000]: Send new plan: 8 7 6 5 4 3 9 15 16 10 11 35 37 20 19 15(L) 19 23 29 30 24 25 31 32 26 27 33 34 28 22 21 38 26(L) 38 36 35(L)  ---> 36 12 13 17 18 22(L) 18 14 8(L) 
[INFO] [1787290825.323700, 1154.800000]: Really visited vertices: 8 7 6 5 4 3 9 15 16 10 11 35 37 20 19 15 19 23 29 30 24 25 31 32 26 32 26 27 33 34 28 22 21 27 26 38 36 35 37 
[INFO] [1787290826.444807, 1156.000000]: Replanning request. curr_vertex_idx: 38
[INFO] [1787290826.445792, 1156.000000]:                     covered_vertices: ()
[INFO] [1787290826.446563, 1156.000000]: Handle local replanning...
[INFO] [1787290826.447284, 1156.000000]: Local path to replan: [13, 17, 18, 22]
Original tsp path is better!
[INFO] [1787290826.458748, 1156.000000]: curr path length: 45, is_loop length: 45
[INFO] [1787290826.460122, 1156.000000]: Send new plan: 8 7 6 5 4 3 9 15 16 10 11 35 37 20 19 15(L) 19 23 29 30 24 25 31 32 26 27 33 34 28 22 21 38 26(L) 38 36 35(L) 36 12 13  ---> 17 18 22(L) 18 14 8(L) 
[INFO] [1787290832.618891, 1162.100000]: Replanning request. curr_vertex_idx: 38
[INFO] [1787290832.620255, 1162.100000]:                     covered_vertices: ()
[INFO] [1787290832.620946, 1162.100000]: Handle local replanning...
[INFO] [1787290832.621786, 1162.100000]: Local path to replan: [13, 17, 18, 22]
Original tsp path is better!
[INFO] [1787290832.632537, 1162.100000]: curr path length: 45, is_loop length: 45
[INFO] [1787290832.633730, 1162.100000]: Send new plan: 8 7 6 5 4 3 9 15 16 10 11 35 37 20 19 15(L) 19 23 29 30 24 25 31 32 26 27 33 34 28 22 21 38 26(L) 38 36 35(L) 36 12 13  ---> 17 18 22(L) 18 14 8(L) 
[INFO] [1787290838.754723, 1168.300000]: Replanning request. curr_vertex_idx: 38
[INFO] [1787290838.755781, 1168.300000]:                     covered_vertices: ()
[INFO] [1787290838.756428, 1168.300000]: Handle local replanning...
[INFO] [1787290838.756974, 1168.300000]: Local path to replan: [13, 17, 18, 22]
Original tsp path is better!
[INFO] [1787290838.768577, 1168.300000]: curr path length: 45, is_loop length: 45
[INFO] [1787290838.769743, 1168.300000]: Send new plan: 8 7 6 5 4 3 9 15 16 10 11 35 37 20 19 15(L) 19 23 29 30 24 25 31 32 26 27 33 34 28 22 21 38 26(L) 38 36 35(L) 36 12 13  ---> 17 18 22(L) 18 14 8(L) 
[INFO] [1787290843.727351, 1173.200000]: Really visited vertices: 8 7 6 5 4 3 9 15 16 10 11 35 37 20 19 15 19 23 29 30 24 25 31 32 26 32 26 27 33 34 28 22 21 27 26 38 36 35 37 35 
[INFO] [1787290844.465219, 1174.000000]: Replanning request. curr_vertex_idx: 38
[INFO] [1787290844.466333, 1174.000000]:                     covered_vertices: ()
[INFO] [1787290844.467263, 1174.000000]: Handle local replanning...
[INFO] [1787290844.467968, 1174.000000]: Local path to replan: [13, 17, 18, 22]
Original tsp path is better!
[INFO] [1787290844.478538, 1174.000000]: curr path length: 45, is_loop length: 45
[INFO] [1787290844.479944, 1174.000000]: Send new plan: 8 7 6 5 4 3 9 15 16 10 11 35 37 20 19 15(L) 19 23 29 30 24 25 31 32 26 27 33 34 28 22 21 38 26(L) 38 36 35(L) 36 12 13  ---> 17 18 22(L) 18 14 8(L) 
[INFO] [1787290850.744777, 1180.300000]: Replanning request. curr_vertex_idx: 38
[INFO] [1787290850.745819, 1180.300000]:                     covered_vertices: ()
[INFO] [1787290850.746520, 1180.300000]: Handle local replanning...
[INFO] [1787290850.747183, 1180.300000]: Local path to replan: [13, 17, 18, 22]
Original tsp path is better!
[INFO] [1787290850.756837, 1180.300000]: curr path length: 45, is_loop length: 45
[INFO] [1787290850.757897, 1180.300000]: Send new plan: 8 7 6 5 4 3 9 15 16 10 11 35 37 20 19 15(L) 19 23 29 30 24 25 31 32 26 27 33 34 28 22 21 38 26(L) 38 36 35(L) 36 12 13  ---> 17 18 22(L) 18 14 8(L) 
[INFO] [1787290856.737011, 1186.300000]: Replanning request. curr_vertex_idx: 38
[INFO] [1787290856.738088, 1186.300000]:                     covered_vertices: ()
[INFO] [1787290856.738967, 1186.300000]: Handle local replanning...
[INFO] [1787290856.739507, 1186.300000]: Local path to replan: [13, 17, 18, 22]
Original tsp path is better!
[INFO] [1787290856.749893, 1186.300000]: curr path length: 45, is_loop length: 45
[INFO] [1787290856.750981, 1186.300000]: Send new plan: 8 7 6 5 4 3 9 15 16 10 11 35 37 20 19 15(L) 19 23 29 30 24 25 31 32 26 27 33 34 28 22 21 38 26(L) 38 36 35(L) 36 12 13  ---> 17 18 22(L) 18 14 8(L) 
[INFO] [1787290862.606959, 1192.100000]: Replanning request. curr_vertex_idx: 38
[INFO] [1787290862.607835, 1192.100000]:                     covered_vertices: ()
concorde /tmp/tmphbs0qzcz/problem.tsp
Host: msxg  Current process id: 63485
Using random seed 1787290862
Number of Nodes: 8
Explicit Lengths (CC_MATRIXNORM)
Optimal Solution: 351.00
Total Running Time: 0.00 (seconds)
concorde /tmp/tmpuyhx_v0u/problem.tsp
Host: msxg  Current process id: 63491
Using random seed 1787290868
Number of Nodes: 8
Explicit Lengths (CC_MATRIXNORM)
Optimal Solution: 351.00
Total Running Time: 0.00 (seconds)
concorde /tmp/tmp5j36ycp3/problem.tsp
Host: msxg  Current process id: 63494
Using random seed 1787290874
Number of Nodes: 8
Explicit Lengths (CC_MATRIXNORM)
Optimal Solution: 351.00
Total Running Time: 0.00 (seconds)
[WARN] [1787290874.988103602, 1204.500000000]: Missed desired rate of 1.00Hz! Loop actually took 1.1000 seconds!
Warning: TF_REPEATED_DATA ignoring data with redundant timestamp for frame odom (parent offset) at time 1209.700000 according to authority unknown_publisher
         at line 277 in /tmp/binarydeb/ros-noetic-tf2-0.7.10/src/buffer_core.cpp
Warning: Warning: TF_REPEATED_DATA ignoring data with redundant timestamp for frame odom (parent offset) at time 1209.700000 according to authority unknown_publisherTF_REPEATED_DATA ignoring data with redundant timestamp for frame odom (parent offset) at time 1209.700000 according to authority unknown_publisher

         at line          at line 277277[INFO] [1787290856.735686461, 1186.200000000]: Call local replanning...
[INFO] [1787290862.605530551, 1192.100000000]: Call local replanning...
[INFO] [1787290868.446534082, 1198.000000000]: Call local replanning...
[INFO] [1787290874.854784459, 1204.400000000]: Call local replanning...
 in Warning:  in TF_REPEATED_DATA ignoring data with redundant timestamp for frame odom (parent offset) at time 1209.700000 according to authority unknown_publisher/tmp/binarydeb/ros-noetic-tf2-0.7.10/src/buffer_core.cpp/tmp/binarydeb/ros-noetic-tf2-0.7.10/src/buffer_core.cpp


         at line 277 in Warning: Warning: /tmp/binarydeb/ros-noetic-tf2-0.7.10/src/buffer_core.cppTF_REPEATED_DATA ignoring data with redundant timestamp for frame offset (parent map) at time 1209.700000 according to authority unknown_publisherTF_REPEATED_DATA ignoring data with redundant timestamp for frame offset (parent map) at time 1209.700000 according to authority unknown_publisher


         at line Warning:          at line 277TF_REPEATED_DATA ignoring data with redundant timestamp for frame offset (parent map) at time 1209.700000 according to authority unknown_publisher277 in 
 in /tmp/binarydeb/ros-noetic-tf2-0.7.10/src/buffer_core.cpp         at line /tmp/binarydeb/ros-noetic-tf2-0.7.10/src/buffer_core.cpp
277
 in /tmp/binarydeb/ros-noetic-tf2-0.7.10/src/buffer_core.cpp
Warning: TF_REPEATED_DATA ignoring data with redundant timestamp for frame offset (parent map) at time 1209.700000 according to authority unknown_publisher
         at line 277 in /tmp/binarydeb/ros-noetic-tf2-0.7.10/src/buffer_core.cpp
[WARN] [1787290880.228195107, 1209.700000000]: TF_REPEATED_DATA ignoring data with redundant timestamp for frame odom (parent offset) at time 1209.700000 according to authority unknown_publisher
[WARN] [1787290880.228219829, 1209.700000000]: TF_REPEATED_DATA ignoring data with redundant timestamp for frame offset (parent map) at time 1209.700000 according to authority unknown_publisher
concorde /tmp/tmp4kbq4ocr/problem.tsp
Host: msxg  Current process id: 63497
Using random seed 1787290880
Number of Nodes: 8
Explicit Lengths (CC_MATRIXNORM)
Optimal Solution: 351.00
Total Running Time: 0.00 (seconds)
concorde /tmp/tmpr6sn7crd/problem.tsp
Host: msxg  Current process id: 63500
Using random seed 1787290886
Number of Nodes: 8
Explicit Lengths (CC_MATRIXNORM)
Optimal Solution: 351.00
Total Running Time: 0.00 (seconds)
[WARN] [1787290886.974879873, 1216.500000000]: Missed desired rate of 1.00Hz! Loop actually took 1.1000 seconds!
concorde /tmp/tmpgwzm53tu/problem.tsp
Host: msxg  Current process id: 63530
Using random seed 1787290892
Number of Nodes: 8
Explicit Lengths (CC_MATRIXNORM)
Optimal Solution: 321.00
Total Running Time: 0.00 (seconds)
concorde /tmp/tmpk6qr0c11/problem.tsp
Host: msxg  Current process id: 63535
Using random seed 1787290898
Number of Nodes: 8
Explicit Lengths (CC_MATRIXNORM)
Optimal Solution: 321.00
Total Running Time: 0.00 (seconds)
[WARN] [1787290898.941539262, 1228.500000000]: Missed desired rate of 1.00Hz! Loop actually took 1.1000 seconds!
concorde /tmp/tmpscg7hzfk/problem.tsp
Host: msxg  Current process id: 63541
Using random seed 1787290904
Number of Nodes: 8
Explicit Lengths (CC_MATRIXNORM)
Optimal Solution: 321.00
Total Running Time: 0.00 (seconds)
[WARN] [1787290904.982943856, 1234.500000000]: Missed desired rate of 1.00Hz! Loop actually took 1.1000 seconds!
concorde /tmp/tmpv2yx0eqp/problem.tsp
Host: msxg  Current process id: 63544
Using random seed 1787290910
Number of Nodes: 8
Explicit Lengths (CC_MATRIXNORM)
Optimal Solution: 321.00
Total Running Time: 0.00 (seconds)
concorde /tmp/tmpq80uxkfk/problem.tsp
Host: msxg  Current process id: 63548
Using random seed 1787290916
Number of Nodes: 8
Explicit Lengths (CC_MATRIXNORM)
Optimal Solution: 321.00
Total Running Time: 0.00 (seconds)
concorde /tmp/tmpiemsxuf5/problem.tsp
Host: msxg  Current process id: 63580
Using random seed 1787290922
Number of Nodes: 8
Explicit Lengths (CC_MATRIXNORM)
Optimal Solution: 321.00
Total Running Time: 0.00 (seconds)
concorde /tmp/tmp4i6r2j2u/problem.tsp
Host: msxg  Current process id: 63584
Using random seed 1787290927
Number of Nodes: 8
Explicit Lengths (CC_MATRIXNORM)
Optimal Solution: 321.00
Total Running Time: 0.00 (seconds)
[WARN] [1787290927.880109757, 1257.400000000]: No frontier at vertex 13. #Frontier: 0
[WARN] [1787290927.990523936, 1257.500000000]: Missed desired rate of 1.00Hz! Loop actually took 1.1000 seconds!
[INFO] [1787290862.608693, 1192.100000]: Handle local replanning...
[INFO] [1787290862.609400, 1192.100000]: Local path to replan: [13, 17, 18, 22]
Original tsp path is better!
[INFO] [1787290862.620338, 1192.100000]: curr path length: 45, is_loop length: 45
[INFO] [1787290862.621952, 1192.100000]: Send new plan: 8 7 6 5 4 3 9 15 16 10 11 35 37 20 19 15(L) 19 23 29 30 24 25 31 32 26 27 33 34 28 22 21 38 26(L) 38 36 35(L) 36 12 13  ---> 17 18 22(L) 18 14 8(L) 
[INFO] [1787290867.486493, 1197.000000]: Really visited vertices: 8 7 6 5 4 3 9 15 16 10 11 35 37 20 19 15 19 23 29 30 24 25 31 32 26 32 26 27 33 34 28 22 21 27 26 38 36 35 37 35 36 
[INFO] [1787290868.447693, 1198.000000]: Replanning request. curr_vertex_idx: 38
[INFO] [1787290868.448645, 1198.000000]:                     covered_vertices: ()
[INFO] [1787290868.449169, 1198.000000]: Handle local replanning...
[INFO] [1787290868.449651, 1198.000000]: Local path to replan: [13, 17, 18, 22]
Original tsp path is better!
[INFO] [1787290868.459532, 1198.000000]: curr path length: 45, is_loop length: 45
[INFO] [1787290868.460638, 1198.000000]: Send new plan: 8 7 6 5 4 3 9 15 16 10 11 35 37 20 19 15(L) 19 23 29 30 24 25 31 32 26 27 33 34 28 22 21 38 26(L) 38 36 35(L) 36 12 13  ---> 17 18 22(L) 18 14 8(L) 
[INFO] [1787290874.855947, 1204.400000]: Replanning request. curr_vertex_idx: 38
[INFO] [1787290874.856771, 1204.400000]:                     covered_vertices: ()
[INFO] [1787290874.857423, 1204.400000]: Handle local replanning...
[INFO] [1787290874.858146, 1204.400000]: Local path to replan: [13, 17, 18, 22]
Original tsp path is better!
[INFO] [1787290874.870040, 1204.400000]: curr path length: 45, is_loop length: 45
[INFO] [1787290874.871812, 1204.400000]: Send new plan: 8 7 6 5 4 3 9 15 16 10 11 35 37 20 19 15(L) 19 23 29 30 24 25 31 32 26 27 33 34 28 22 21 38 26(L) 38 36 35(L) 36 12 13  ---> 17 18 22(L) 18 14 8(L) 
[INFO] [1787290880.740045, 1210.300000]: Replanning request. curr_vertex_idx: 38
[INFO] [1787290880.740995, 1210.300000]:                     covered_vertices: ()
[INFO] [1787290880.741756, 1210.300000]: Handle local replanning...
[INFO] [1787290880.742516, 1210.300000]: Local path to replan: [13, 17, 18, 22]
Original tsp path is better!
[INFO] [1787290880.753864, 1210.300000]: curr path length: 45, is_loop length: 45
[INFO] [1787290880.755256, 1210.300000]: Send new plan: 8 7 6 5 4 3 9 15 16 10 11 35 37 20 19 15(L) 19 23 29 30 24 25 31 32 26 27 33 34 28 22 21 38 26(L) 38 36 35(L) 36 12 13  ---> 17 18 22(L) 18 14 8(L) 
[INFO] [1787290886.848470, 1216.400000]: Replanning request. curr_vertex_idx: 38
[INFO] [1787290886.849570, 1216.400000]:                     covered_vertices: ()
[INFO] [1787290886.850394, 1216.400000]: Handle local replanning...
[INFO] [1787290886.851167, 1216.400000]: Local path to replan: [13, 17, 18, 22]
Original tsp path is better!
[INFO] [1787290886.862096, 1216.400000]: curr path length: 45, is_loop length: 45
[INFO] [1787290886.863358, 1216.400000]: Send new plan: 8 7 6 5 4 3 9 15 16 10 11 35 37 20 19 15(L) 19 23 29 30 24 25 31 32 26 27 33 34 28 22 21 38 26(L) 38 36 35(L) 36 12 13  ---> 17 18 22(L) 18 14 8(L) 
[INFO] [1787290892.843051, 1222.400000]: Replanning request. curr_vertex_idx: 38
[INFO] [1787290892.844157, 1222.400000]:                     covered_vertices: ()
[INFO] [1787290892.844970, 1222.400000]: Handle local replanning...
[INFO] [1787290892.845535, 1222.400000]: Local path to replan: [13, 17, 18, 22]
Original tsp path is better!
[INFO] [1787290892.856561, 1222.400000]: curr path length: 45, is_loop length: 45
[INFO] [1787290892.857425, 1222.400000]: Send new plan: 8 7 6 5 4 3 9 15 16 10 11 35 37 20 19 15(L) 19 23 29 30 24 25 31 32 26 27 33 34 28 22 21 38 26(L) 38 36 35(L) 36 12 13  ---> 17 18 22(L) 18 14 8(L) 
[INFO] [1787290898.852236, 1228.400000]: Replanning request. curr_vertex_idx: 38
[INFO] [1787290898.853055, 1228.400000]:                     covered_vertices: ()
[INFO] [1787290898.853759, 1228.400000]: Handle local replanning...
[INFO] [1787290898.854468, 1228.400000]: Local path to replan: [13, 17, 18, 22]
Original tsp path is better!
[INFO] [1787290898.865581, 1228.400000]: curr path length: 45, is_loop length: 45
[INFO] [1787290898.866689, 1228.400000]: Send new plan: 8 7 6 5 4 3 9 15 16 10 11 35 37 20 19 15(L) 19 23 29 30 24 25 31 32 26 27 33 34 28 22 21 38 26(L) 38 36 35(L) 36 12 13  ---> 17 18 22(L) 18 14 8(L) 
[INFO] [1787290904.859609, 1234.400000]: Replanning request. curr_vertex_idx: 38
[INFO] [1787290904.860528, 1234.400000]:                     covered_vertices: ()
[INFO] [1787290904.861074, 1234.400000]: Handle local replanning...
[INFO] [1787290904.861430, 1234.400000]: Local path to replan: [13, 17, 18, 22]
Original tsp path is better!
[INFO] [1787290904.871429, 1234.400000]: curr path length: 45, is_loop length: 45
[INFO] [1787290904.872569, 1234.400000]: Send new plan: 8 7 6 5 4 3 9 15 16 10 11 35 37 20 19 15(L) 19 23 29 30 24 25 31 32 26 27 33 34 28 22 21 38 26(L) 38 36 35(L) 36 12 13  ---> 17 18 22(L) 18 14 8(L) 
[INFO] [1787290910.607215, 1240.100000]: Replanning request. curr_vertex_idx: 38
[INFO] [1787290910.608095, 1240.100000]:                     covered_vertices: ()
[INFO] [1787290910.608700, 1240.100000]: Handle local replanning...
[INFO] [1787290910.609090, 1240.100000]: Local path to replan: [13, 17, 18, 22]
Original tsp path is better!
[INFO] [1787290910.619905, 1240.100000]: curr path length: 45, is_loop length: 45
[INFO] [1787290910.621151, 1240.100000]: Send new plan: 8 7 6 5 4 3 9 15 16 10 11 35 37 20 19 15(L) 19 23 29 30 24 25 31 32 26 27 33 34 28 22 21 38 26(L) 38 36 35(L) 36 12 13  ---> 17 18 22(L) 18 14 8(L) 
[INFO] [1787290915.927953, 1245.400000]: Really visited vertices: 8 7 6 5 4 3 9 15 16 10 11 35 37 20 19 15 19 23 29 30 24 25 31 32 26 32 26 27 33 34 28 22 21 27 26 38 36 35 37 35 36 12 
[INFO] [1787290916.679933, 1246.200000]: Replanning request. curr_vertex_idx: 38
[INFO] [1787290916.681039, 1246.200000]:                     covered_vertices: ()
[INFO] [1787290916.681675, 1246.200000]: Handle local replanning...
[INFO] [1787290916.682325, 1246.200000]: Local path to replan: [13, 17, 18, 22]
Original tsp path is better!
[INFO] [1787290916.693560, 1246.200000]: curr path length: 45, is_loop length: 45
[INFO] [1787290916.694966, 1246.200000]: Send new plan: 8 7 6 5 4 3 9 15 16 10 11 35 37 20 19 15(L) 19 23 29 30 24 25 31 32 26 27 33 34 28 22 21 38 26(L) 38 36 35(L) 36 12 13  ---> 17 18 22(L) 18 14 8(L) 
[INFO] [1787290921.118742, 1250.600000]: Really visited vertices: 8 7 6 5 4 3 9 15 16 10 11 35 37 20 19 15 19 23 29 30 24 25 31 32 26 32 26 27 33 34 28 22 21 27 26 38 36 35 37 35 36 12 
[INFO] [1787290922.455163, 1252.000000]: Replanning request. curr_vertex_idx: 38
[INFO] [1787290922.456250, 1252.000000]:                     covered_vertices: ()
[INFO] [1787290922.456917, 1252.000000]: Handle local replanning...
[INFO] [1787290922.457582, 1252.000000]: Local path to replan: [13, 17, 18, 22]
Original tsp path is better!
[INFO] [1787290922.468766, 1252.000000]: curr path length: 45, is_loop length: 45
[INFO] [1787290922.470025, 1252.000000]: Send new plan: 8 7 6 5 4 3 9 15 16 10 11 35 37 20 19 15(L) 19 23 29 30 24 25 31 32 26 27 33 34 28 22 21 38 26(L) 38 36 35(L) 36 12 13  ---> 17 18 22(L) 18 14 8(L) 
[INFO] [1787290927.859336, 1257.400000]: Replanning request. curr_vertex_idx: 38
[INFO] [1787290927.860443, 1257.400000]:                     covered_vertices: ()
[INFO] [1787290927.861150, 1257.400000]: Handle local replanning...
[INFO] [1787290927.862087, 1257.400000]: Local path to replan: [13, 17, 18, 22]
Original tsp path is better!
[INFO] [1787290927.877221, 1257.400000]: curr path length: 45, is_loop length: 45
[INFO] [1787290927.878854, 1257.400000]: Send new plan: 8 7 6 5 4 3 9 15 16 10 11 35 37 20 19 15(L) 19 23 29 30 24 25 31 32 26 27 33 34 28 22 21 38 26(L) 38 36 35(L) 36 12 13  ---> 17 18 22(L) 18 14 8(L) 
[INFO] [1787290933.775056, 1263.300000]: Replanning request. curr_vertex_idx: 39
[INFO] [1787290933.776299, 1263.300000]:                     covered_vertices: ()
[INFO] [1787290933.777138, 1263.300000]: Handle local replanning...
concorde /tmp/tmpb_avsogo/problem.tsp
Host: msxg  Current process id: 63589
Using random seed 1787290933
Number of Nodes: 6
Explicit Lengths (CC_MATRIXNORM)
Optimal Solution: 237.00
Total Running Time: 0.00 (seconds)
[WARN] [1787290951.465658308, 1281.000000000]: No frontier at vertex 18. #Frontier: 0
[WARN] [1787290963.975297197, 1293.500000000]: Missed desired rate of 1.00Hz! Loop actually took 1.1000 seconds!
[WARN] [1787290975.994832184, 1305.500000000]: Missed desired rate of 1.00Hz! Loop actually took 1.1000 seconds!
[WARN] [1787290987.972619754, 1317.500000000]: Missed desired rate of 1.00Hz! Loop actually took 1.1000 seconds!
[WARN] [1787290996.972154504, 1326.500000000]: Missed desired rate of 1.00Hz! Loop actually took 1.1000 seconds!
[WARN] [1787291007.110577864, 1336.600000000]: Missed desired rate of 1.00Hz! Loop actually took 1.2000 seconds!
Warning: Warning: [INFO] [1787290880.739087320, 1210.300000000]: Call local replanning...
[INFO] [1787290886.847363672, 1216.400000000]: Call local replanning...
[INFO] [1787290892.841919234, 1222.400000000]: Call local replanning...
[INFO] [1787290898.851154858, 1228.400000000]: Call local replanning...
[INFO] [1787290904.858527708, 1234.400000000]: Call local replanning...
[INFO] [1787290910.606042893, 1240.100000000]: Call local replanning...
[INFO] [1787290916.678785898, 1246.200000000]: Call local replanning...
[INFO] [1787290922.453946270, 1252.000000000]: Call local replanning...
[INFO] [1787290927.857956947, 1257.400000000]: Call local replanning...
[INFO] [1787290927.880082693, 1257.400000000]: Reach vertex 13
[INFO] [1787290927.880153374, 1257.400000000]: Set newGoal 17
[INFO] [1787290933.773648975, 1263.300000000]: Call local replanning...
[INFO] [1787290933.791068877, 1263.300000000]: Skip currGoal 17 that has no frontier and seen by robot
[INFO] [1787290933.791100997, 1263.300000000]: Set newGoal 18
[INFO] [1787290939.694044116, 1269.200000000]: Call local replanning...
[INFO] [1787290945.455971558, 1275.000000000]: Call local replanning...
[INFO] [1787290951.460615327, 1281.000000000]: Call local replanning...
[INFO] [1787290951.465639025, 1281.000000000]: Reach vertex 18
[INFO] [1787290951.465690287, 1281.000000000]: Set newGoal 22
[INFO] [1787290957.620420601, 1287.100000000]: Next target is loop vertex 22(L)
[INFO] [1787290957.621602471, 1287.100000000]: Set reliable loop closing path from reliable_loop_service.
[INFO] [1787290957.621630954, 1287.100000000]: PHASE2_LOOP_PLANNED vertex=22 source=reliable_loop_service waypoints=5 path=35.9293594,-0.0788576007;35.2330589,0.600149214;34.5155373,1.5056597;34.1173897,2.39345241;34.0283813,3.29276681
[INFO] [1787290957.621645581, 1287.100000000]: Exploration is waiting.
[INFO] [1787290963.864378370, 1293.400000000]: PHASE2_LOOP_EXECUTION_STARTED vertex=22 waypoints=5
[INFO] [1787291006.999184526, 1336.500000000]: PHASE2_LOOP_WAYPOINT_REACHED vertex=22 waypoint=0
TF_REPEATED_DATA ignoring data with redundant timestamp for frame odom (parent offset) at time 1341.700000 according to authority unknown_publisherTF_REPEATED_DATA ignoring data with redundant timestamp for frame odom (parent offset) at time 1341.700000 according to authority unknown_publisherWarning: 

TF_REPEATED_DATA ignoring data with redundant timestamp for frame odom (parent offset) at time 1341.700000 according to authority unknown_publisher         at line          at line 
277277         at line  in  in 277/tmp/binarydeb/ros-noetic-tf2-0.7.10/src/buffer_core.cpp in /tmp/binarydeb/ros-noetic-tf2-0.7.10/src/buffer_core.cpp
/tmp/binarydeb/ros-noetic-tf2-0.7.10/src/buffer_core.cpp
Warning: TF_REPEATED_DATA ignoring data with redundant timestamp for frame offset (parent map) at time 1341.700000 according to authority unknown_publisher
         at line 277 in Warning: 
/tmp/binarydeb/ros-noetic-tf2-0.7.10/src/buffer_core.cppTF_REPEATED_DATA ignoring data with redundant timestamp for frame offset (parent map) at time 1341.700000 according to authority unknown_publisher

         at line 277 in /tmp/binarydeb/ros-noetic-tf2-0.7.10/src/buffer_core.cpp
Warning: TF_REPEATED_DATA ignoring data with redundant timestamp for frame offset (parent map) at time 1341.700000 according to authority unknown_publisher
         at line 277 in /tmp/binarydeb/ros-noetic-tf2-0.7.10/src/buffer_core.cpp
Warning: TF_REPEATED_DATA ignoring data with redundant timestamp for frame odom (parent offset) at time 1341.700000 according to authority unknown_publisher
         at line 277 in /tmp/binarydeb/ros-noetic-tf2-0.7.10/src/buffer_core.cpp
Warning: TF_REPEATED_DATA ignoring data with redundant timestamp for frame offset (parent map) at time 1341.700000 according to authority unknown_publisher
         at line 277 in /tmp/binarydeb/ros-noetic-tf2-0.7.10/src/buffer_core.cpp
[WARN] [1787291012.137316279, 1341.700000000]: TF_REPEATED_DATA ignoring data with redundant timestamp for frame odom (parent offset) at time 1341.700000 according to authority unknown_publisher
[WARN] [1787291012.137351449, 1341.700000000]: TF_REPEATED_DATA ignoring data with redundant timestamp for frame offset (parent map) at time 1341.700000 according to authority unknown_publisher
[WARN] [1787291016.974558983, 1346.500000000]: Missed desired rate of 1.00Hz! Loop actually took 1.1000 seconds!
[WARN] [1787291020.971992962, 1350.500000000]: Missed desired rate of 1.00Hz! Loop actually took 1.1000 seconds!
[WARN] [1787291024.970965979, 1354.500000000]: Missed desired rate of 1.00Hz! Loop actually took 1.1000 seconds!
Warning: TF_REPEATED_DATA ignoring data with redundant timestamp for frame odom (parent offset) at time 1359.700000 according to authority unknown_publisher
         at line 277 in /tmp/binarydeb/ros-noetic-tf2-0.7.10/src/buffer_core.cpp
Warning: Warning: TF_REPEATED_DATA ignoring data with redundant timestamp for frame odom (parent offset) at time 1359.700000 according to authority unknown_publisherTF_REPEATED_DATA ignoring data with redundant timestamp for frame offset (parent map) at time 1359.700000 according to authority unknown_publisher

         at line          at line 277277 in  in /tmp/binarydeb/ros-noetic-tf2-0.7.10/src/buffer_core.cpp/tmp/binarydeb/ros-noetic-tf2-0.7.10/src/buffer_core.cpp

Warning: TF_REPEATED_DATA ignoring data with redundant timestamp for frame odom (parent offset) at time 1359.700000 according to authority unknown_publisher
         at line 277 in /tmp/binarydeb/ros-noetic-tf2-0.7.10/src/buffer_core.cpp
Warning: TF_REPEATED_DATA ignoring data with redundant timestamp for frame offset (parent map) at time 1359.700000 according to authority unknown_publisher
         at line 277 in /tmp/binarydeb/ros-noetic-tf2-0.7.10/src/buffer_core.cpp
Warning: TF_REPEATED_DATA ignoring data with redundant timestamp for frame offset (parent map) at time 1359.700000 according to authority unknown_publisher
         at line 277 in /tmp/binarydeb/ros-noetic-tf2-0.7.10/src/buffer_core.cpp
[WARN] [1787291030.145790384, 1359.700000000]: TF_REPEATED_DATA ignoring data with redundant timestamp for frame odom (parent offset) at time 1359.700000 according to authority unknown_publisher
[INFO] [1787291012.625003083, 1342.100000000]: PHASE2_LOOP_WAYPOINT_REACHED vertex=22 waypoint=1
[INFO] [1787291016.863438724, 1346.400000000]: PHASE2_LOOP_WAYPOINT_REACHED vertex=22 waypoint=2
[INFO] [1787291020.860616261, 1350.400000000]: PHASE2_LOOP_WAYPOINT_REACHED vertex=22 waypoint=3
[INFO] [1787291024.857371347, 1354.400000000]: PHASE2_LOOP_WAYPOINT_REACHED vertex=22 waypoint=4
[INFO] [1787291024.857398662, 1354.400000000]: PHASE2_LOOP_EXECUTION_FINISHED vertex=22 waypoints=5
[INFO] [1787291024.861544103, 1354.400000000]: Skip repeated visit to vertex 18
[INFO] [1787291024.861564260, 1354.400000000]: Set newGoal 14
Warning: TF_REPEATED_DATA ignoring data with redundant timestamp for frame odom (parent offset) at time 1359.700000 according to authority unknown_publisher
         at line 277 in [WARN] [1787291030.145821371, 1359.700000000]: TF_REPEATED_DATA ignoring data with redundant timestamp for frame offset (parent map) at time 1359.700000 according to authority unknown_publisher
/tmp/binarydeb/ros-noetic-tf2-0.7.10/src/buffer_core.cpp
Warning: TF_REPEATED_DATA ignoring data with redundant timestamp for frame offset (parent map) at time 1359.700000 according to authority unknown_publisher
         at line 277 in /tmp/binarydeb/ros-noetic-tf2-0.7.10/src/buffer_core.cpp
[WARN] [1787291042.986040594, 1372.500000000]: Missed desired rate of 1.00Hz! Loop actually took 1.1000 seconds!
Warning: TF_REPEATED_DATA ignoring data with redundant timestamp for frame odom (parent offset) at time 1377.100000 according to authority unknown_publisher
         at line 277 in /tmp/binarydeb/ros-noetic-tf2-0.7.10/src/buffer_core.cpp
Warning: TF_REPEATED_DATA ignoring data with redundant timestamp for frame offset (parent map) at time 1377.100000 according to authority unknown_publisher
         at line 277 in [INFO] [1787291030.650045423, 1360.200000000]: Call local replanning...
[INFO] [1787291036.445345186, 1366.000000000]: Call local replanning...
[INFO] [1787291042.870321621, 1372.400000000]: Call local replanning...
/tmp/binarydeb/ros-noetic-tf2-0.7.10/src/buffer_core.cppWarning: Warning: 
TF_REPEATED_DATA ignoring data with redundant timestamp for frame odom (parent offset) at time 1377.100000 according to authority unknown_publisherTF_REPEATED_DATA ignoring data with redundant timestamp for frame odom (parent offset) at time 1377.100000 according to authority unknown_publisher

         at line          at line 277277 in  in /tmp/binarydeb/ros-noetic-tf2-0.7.10/src/buffer_core.cpp/tmp/binarydeb/ros-noetic-tf2-0.7.10/src/buffer_core.cpp

Warning: Warning: TF_REPEATED_DATA ignoring data with redundant timestamp for frame offset (parent map) at time 1377.100000 according to authority unknown_publisherTF_REPEATED_DATA ignoring data with redundant timestamp for frame offset (parent map) at time 1377.100000 according to authority unknown_publisher

         at line          at line 277277 in  in /tmp/binarydeb/ros-noetic-tf2-0.7.10/src/buffer_core.cpp/tmp/binarydeb/ros-noetic-tf2-0.7.10/src/buffer_core.cpp

Warning: TF_REPEATED_DATA ignoring data with redundant timestamp for frame odom (parent offset) at time 1377.100000 according to authority unknown_publisher
         at line 277 in /tmp/binarydeb/ros-noetic-tf2-0.7.10/src/buffer_core.cpp
Warning: TF_REPEATED_DATA ignoring data with redundant timestamp for frame offset (parent map) at time 1377.100000 according to authority unknown_publisher
         at line 277 in /tmp/binarydeb/ros-noetic-tf2-0.7.10/src/buffer_core.cpp
[WARN] [1787291047.552720435, 1377.100000000]: TF_REPEATED_DATA ignoring data with redundant timestamp for frame odom (parent offset) at time 1377.100000 according to authority unknown_publisher
[WARN] [1787291047.552742425, 1377.100000000]: TF_REPEATED_DATA ignoring data with redundant timestamp for frame offset (parent map) at time 1377.100000 according to authority unknown_publisher
[WARN] [1787291061.145636082, 1390.700000000]: Missed desired rate of 1.00Hz! Loop actually took 1.3000 seconds!
[WARN] [1787291089.842445378, 1419.400000000]: TF_REPEATED_DATA ignoring data with redundant timestamp for frame odom (parent offset) at time 1419.400000 according to authority unknown_publisher
[INFO] [1787291048.721565542, 1378.200000000]: Call local replanning...
[INFO] [1787291048.727661210, 1378.200000000]: Skip currGoal 14 that has no frontier and seen by robot
[INFO] [1787291048.727703222, 1378.200000000]: Set newGoal 8
[INFO] [1787291054.798045983, 1384.300000000]: Next target is loop vertex 8(L)
[INFO] [1787291054.799327343, 1384.300000000]: Set reliable loop closing path from reliable_loop_service.
[INFO] [1787291054.799354130, 1384.300000000]: PHASE2_LOOP_PLANNED vertex=8 source=reliable_loop_service waypoints=7 path=0.200000003,0;1.00006711,-0.112928495;0.907471538,-0.186407819;0.789559603,-0.194769531;0.692945719,-0.118478678;0.653347433,0.00289961719;0.697974563,0.12871097
[INFO] [1787291054.799387275, 1384.300000000]: Exploration is waiting.
[INFO] [1787291061.036601309, 1390.600000000]: PHASE2_LOOP_EXECUTION_STARTED vertex=8 waypoints=7
[WARN] [1787291089.842477282, 1419.400000000]: TF_REPEATED_DATA ignoring data with redundant timestamp for frame offset (parent map) at time 1419.400000 according to authority unknown_publisher
Warning: Warning: TF_REPEATED_DATA ignoring data with redundant timestamp for frame odom (parent offset) at time 1419.400000 according to authority unknown_publisherTF_REPEATED_DATA ignoring data with redundant timestamp for frame odom (parent offset) at time 1419.400000 according to authority unknown_publisher

         at line          at line 277277 in  in /tmp/binarydeb/ros-noetic-tf2-0.7.10/src/buffer_core.cpp/tmp/binarydeb/ros-noetic-tf2-0.7.10/src/buffer_core.cpp

Warning: Warning: TF_REPEATED_DATA ignoring data with redundant timestamp for frame offset (parent map) at time 1419.400000 according to authority unknown_publisherTF_REPEATED_DATA ignoring data with redundant timestamp for frame offset (parent map) at time 1419.400000 according to authority unknown_publisher

         at line Warning:          at line 277TF_REPEATED_DATA ignoring data with redundant timestamp for frame odom (parent offset) at time 1419.400000 according to authority unknown_publisher277 in 
 in /tmp/binarydeb/ros-noetic-tf2-0.7.10/src/buffer_core.cpp         at line /tmp/binarydeb/ros-noetic-tf2-0.7.10/src/buffer_core.cpp
277
 in /tmp/binarydeb/ros-noetic-tf2-0.7.10/src/buffer_core.cpp
Warning: TF_REPEATED_DATA ignoring data with redundant timestamp for frame offset (parent map) at time 1419.400000 according to authority unknown_publisher
         at line 277 in /tmp/binarydeb/ros-noetic-tf2-0.7.10/src/buffer_core.cpp
Warning: TF_REPEATED_DATA ignoring data with redundant timestamp for frame odom (parent offset) at time 1419.400000 according to authority unknown_publisher
         at line 277 in /tmp/binarydeb/ros-noetic-tf2-0.7.10/src/buffer_core.cpp
Warning: TF_REPEATED_DATA ignoring data with redundant timestamp for frame offset (parent map) at time 1419.400000 according to authority unknown_publisher
         at line 277 in /tmp/binarydeb/ros-noetic-tf2-0.7.10/src/buffer_core.cpp
[WARN] [1787291092.985294620, 1422.500000000]: Missed desired rate of 1.00Hz! Loop actually took 1.1000 seconds!
[WARN] [1787291100.974736439, 1430.500000000]: Missed desired rate of 1.00Hz! Loop actually took 1.1000 seconds!
[WARN] [1787291112.992327937, 1442.500000000]: Missed desired rate of 1.00Hz! Loop actually took 1.1000 seconds!
[WARN] [1787291115.160581481, 1444.700000000]: Missed desired rate of 1.00Hz! Loop actually took 1.3000 seconds!
Warning: TF_REPEATED_DATA ignoring data with redundant timestamp for frame odom (parent offset) at time 1445.700000 according to authority unknown_publisher
         at line 277 in /tmp/binarydeb/ros-noetic-tf2-0.7.10/src/buffer_core.cpp
Warning: TF_REPEATED_DATA ignoring data with redundant timestamp for frame offset (parent map) at time 1445.700000 according to authority unknown_publisher
         at line 277 in /tmp/binarydeb/ros-noetic-tf2-0.7.10/src/buffer_core.cpp
[INFO] [1787291094.820085856, 1424.300000000]: PHASE2_LOOP_WAYPOINT_REACHED vertex=8 waypoint=0
[INFO] [1787291100.864885618, 1430.400000000]: PHASE2_LOOP_WAYPOINT_REACHED vertex=8 waypoint=1
[INFO] [1787291106.808397746, 1436.300000000]: PHASE2_LOOP_WAYPOINT_REACHED vertex=8 waypoint=2
[INFO] [1787291112.883868922, 1442.400000000]: PHASE2_LOOP_WAYPOINT_REACHED vertex=8 waypoint=3
Warning: TF_REPEATED_DATA ignoring data with redundant timestamp for frame odom (parent offset) at time 1445.700000 according to authority unknown_publisher
         at line 277 in /tmp/binarydeb/ros-noetic-tf2-0.7.10/src/buffer_core.cpp
Warning: TF_REPEATED_DATA ignoring data with redundant timestamp for frame offset (parent map) at time 1445.700000 according to authority unknown_publisher
         at line 277 in /tmp/binarydeb/ros-noetic-tf2-0.7.10/src/buffer_core.cpp
Warning: TF_REPEATED_DATA ignoring data with redundant timestamp for frame odom (parent offset) at time 1445.700000 according to authority unknown_publisher
         at line 277 in /tmp/binarydeb/ros-noetic-tf2-0.7.10/src/buffer_core.cpp
Warning: TF_REPEATED_DATA ignoring data with redundant timestamp for frame offset (parent map) at time 1445.700000 according to authority unknown_publisher
         at line 277 in /tmp/binarydeb/ros-noetic-tf2-0.7.10/src/buffer_core.cpp
Warning: TF_REPEATED_DATA ignoring data with redundant timestamp for frame odom (parent offset) at time 1445.700000 according to authority unknown_publisher
         at line 277 in /tmp/binarydeb/ros-noetic-tf2-0.7.10/src/buffer_core.cpp
Warning: TF_REPEATED_DATA ignoring data with redundant timestamp for frame offset (parent map) at time 1445.700000 according to authority unknown_publisher
         at line 277 in /tmp/binarydeb/ros-noetic-tf2-0.7.10/src/buffer_core.cpp
[WARN] [1787291116.156468953, 1445.700000000]: TF_REPEATED_DATA ignoring data with redundant timestamp for frame odom (parent offset) at time 1445.700000 according to authority unknown_publisher
[WARN] [1787291116.156513531, 1445.700000000]: TF_REPEATED_DATA ignoring data with redundant timestamp for frame offset (parent map) at time 1445.700000 according to authority unknown_publisher
[WARN] [1787291120.972357443, 1450.500000000]: Missed desired rate of 1.00Hz! Loop actually took 1.1000 seconds!
Warning: TF_REPEATED_DATA ignoring data with redundant timestamp for frame odom (parent offset) at time 1451.700000 according to authority unknown_publisher
         at line 277 in /tmp/binarydeb/ros-noetic-tf2-0.7.10/src/buffer_core.cpp
Warning: TF_REPEATED_DATA ignoring data with redundant timestamp for frame offset (parent map) at time 1451.700000 according to authority unknown_publisher
         at line 277 in /tmp/binarydeb/ros-noetic-tf2-0.7.10/src/buffer_core.cpp
Warning: TF_REPEATED_DATA ignoring data with redundant timestamp for frame odom (parent offset) at time 1451.700000 according to authority unknown_publisher
         at line 277[INFO] [1787291118.642337746, 1448.200000000]: PHASE2_LOOP_WAYPOINT_REACHED vertex=8 waypoint=4
[INFO] [1787291120.864178679, 1450.400000000]: PHASE2_LOOP_WAYPOINT_REACHED vertex=8 waypoint=5
 in Warning: /tmp/binarydeb/ros-noetic-tf2-0.7.10/src/buffer_core.cppTF_REPEATED_DATA ignoring data with redundant timestamp for frame odom (parent offset) at time 1451.700000 according to authority unknown_publisher

         at line 277 in Warning: /tmp/binarydeb/ros-noetic-tf2-0.7.10/src/buffer_core.cppTF_REPEATED_DATA ignoring data with redundant timestamp for frame offset (parent map) at time 1451.700000 according to authority unknown_publisher

         at line Warning: 277TF_REPEATED_DATA ignoring data with redundant timestamp for frame offset (parent map) at time 1451.700000 according to authority unknown_publisher in 
/tmp/binarydeb/ros-noetic-tf2-0.7.10/src/buffer_core.cpp         at line 
277 in /tmp/binarydeb/ros-noetic-tf2-0.7.10/src/buffer_core.cpp
Warning: TF_REPEATED_DATA ignoring data with redundant timestamp for frame odom (parent offset) at time 1451.700000 according to authority unknown_publisher[WARN] [1787291122.207241541, 1451.700000000]: TF_REPEATED_DATA ignoring data with redundant timestamp for frame odom (parent offset) at time 1451.700000 according to authority unknown_publisher

         at line 277 in /tmp/binarydeb/ros-noetic-tf2-0.7.10/src/buffer_core.cpp
Warning: TF_REPEATED_DATA ignoring data with redundant timestamp for frame offset (parent map) at time 1451.700000 according to authority unknown_publisher
         at line 277 in /tmp/binarydeb/ros-noetic-tf2-0.7.10/src/buffer_core.cpp
[WARN] [1787291122.207287815, 1451.700000000]: TF_REPEATED_DATA ignoring data with redundant timestamp for frame offset (parent map) at time 1451.700000 according to authority unknown_publisher
double free or corruption (fasttop)
[INFO] [1787291122.642615054, 1452.200000000]: PHASE2_LOOP_WAYPOINT_REACHED vertex=8 waypoint=6
[INFO] [1787291122.642633771, 1452.200000000]: PHASE2_LOOP_EXECUTION_FINISHED vertex=8 waypoints=7
[INFO] [1787291122.646985587, 1452.200000000]: Exploration has finished.
[WARN] [1787289670.157979, 0.000000]: Robot Start At 8
[WARN] [1787289670.217819, 0.000000]: Tsp problem solved by Concorde. 0.05672907829284668
<class 'networkx.utils.decorators.argmap'> compilation 4:4: FutureWarning: laplacian_matrix will return a scipy.sparse array instead of a matrix in Networkx 3.0.
[INFO] [1787290933.777937, 1263.300000]: Local path to replan: [17, 18, 22]
Reverse tsp path is better!
[INFO] [1787290933.788307, 1263.300000]: curr path length: 45, is_loop length: 45
[INFO] [1787290933.789739, 1263.300000]: Send new plan: 8 7 6 5 4 3 9 15 16 10 11 35 37 20 19 15(L) 19 23 29 30 24 25 31 32 26 27 33 34 28 22 21 38 26(L) 38 36 35(L) 36 12 13 17  ---> 18 22(L) 18 14 8(L) 
[INFO] [1787290938.514351, 1268.000000]: Really visited vertices: 8 7 6 5 4 3 9 15 16 10 11 35 37 20 19 15 19 23 29 30 24 25 31 32 26 32 26 27 33 34 28 22 21 27 26 38 36 35 37 35 36 12 13 
[INFO] [1787290939.695308, 1269.200000]: Replanning request. curr_vertex_idx: 40
[INFO] [1787290939.696501, 1269.200000]:                     covered_vertices: ()
[INFO] [1787290939.697648, 1269.200000]: Handle local replanning...
[INFO] [1787290939.698735, 1269.200000]: Local path to replan: [18, 22]
[INFO] [1787290939.699669, 1269.200000]: curr path length: 45, is_loop length: 45
[INFO] [1787290939.700513, 1269.200000]: Send new plan: 8 7 6 5 4 3 9 15 16 10 11 35 37 20 19 15(L) 19 23 29 30 24 25 31 32 26 27 33 34 28 22 21 38 26(L) 38 36 35(L) 36 12 13 17 18  ---> 22(L) 18 14 8(L) 
[INFO] [1787290944.122199, 1273.600000]: Really visited vertices: 8 7 6 5 4 3 9 15 16 10 11 35 37 20 19 15 19 23 29 30 24 25 31 32 26 32 26 27 33 34 28 22 21 27 26 38 36 35 37 35 36 12 13 17 
[INFO] [1787290945.457193, 1275.000000]: Replanning request. curr_vertex_idx: 40
[INFO] [1787290945.458345, 1275.000000]:                     covered_vertices: ()
[INFO] [1787290945.459237, 1275.000000]: Handle local replanning...
[INFO] [1787290945.460114, 1275.000000]: Local path to replan: [18, 22]
[INFO] [1787290945.460908, 1275.000000]: curr path length: 45, is_loop length: 45
[INFO] [1787290945.461663, 1275.000000]: Send new plan: 8 7 6 5 4 3 9 15 16 10 11 35 37 20 19 15(L) 19 23 29 30 24 25 31 32 26 27 33 34 28 22 21 38 26(L) 38 36 35(L) 36 12 13 17 18  ---> 22(L) 18 14 8(L) 
[INFO] [1787290950.635435, 1280.100000]: Really visited vertices: 8 7 6 5 4 3 9 15 16 10 11 35 37 20 19 15 19 23 29 30 24 25 31 32 26 32 26 27 33 34 28 22 21 27 26 38 36 35 37 35 36 12 13 17 
[INFO] [1787290951.461646, 1281.000000]: Replanning request. curr_vertex_idx: 40
[INFO] [1787290951.462501, 1281.000000]:                     covered_vertices: ()
[INFO] [1787290951.463110, 1281.000000]: Handle local replanning...
[INFO] [1787290951.463725, 1281.000000]: Local path to replan: [18, 22]
[INFO] [1787290951.464328, 1281.000000]: curr path length: 45, is_loop length: 45
[INFO] [1787290951.464984, 1281.000000]: Send new plan: 8 7 6 5 4 3 9 15 16 10 11 35 37 20 19 15(L) 19 23 29 30 24 25 31 32 26 27 33 34 28 22 21 38 26(L) 38 36 35(L) 36 12 13 17 18  ---> 22(L) 18 14 8(L) 
[INFO] [1787291024.858735, 1354.400000]: Replanning request. curr_vertex_idx: 41
[INFO] [1787291024.859575, 1354.400000]:                     covered_vertices: ()
[INFO] [1787291024.860130, 1354.400000]: curr path length: 45, is_loop length: 45
[INFO] [1787291024.860687, 1354.400000]: Send new plan: 8 7 6 5 4 3 9 15 16 10 11 35 37 20 19 15(L) 19 23 29 30 24 25 31 32 26 27 33 34 28 22 21 38 26(L) 38 36 35(L) 36 12 13 17 18 22(L)  ---> 18 14 8(L) 
[INFO] [1787291030.651318, 1360.200000]: Replanning request. curr_vertex_idx: 43
[INFO] [1787291030.652297, 1360.200000]:                     covered_vertices: ()
[INFO] [1787291030.653036, 1360.200000]: Handle local replanning...
[INFO] [1787291030.653843, 1360.200000]: Local path to replan: [14, 8]
[INFO] [1787291030.654465, 1360.200000]: curr path length: 45, is_loop length: 45
[INFO] [1787291030.655057, 1360.200000]: Send new plan: 8 7 6 5 4 3 9 15 16 10 11 35 37 20 19 15(L) 19 23 29 30 24 25 31 32 26 27 33 34 28 22 21 38 26(L) 38 36 35(L) 36 12 13 17 18 22(L) 18 14  ---> 8(L) 
[INFO] [1787291035.725316, 1365.200000]: Really visited vertices: 8 7 6 5 4 3 9 15 16 10 11 35 37 20 19 15 19 23 29 30 24 25 31 32 26 32 26 27 33 34 28 22 21 27 26 38 36 35 37 35 36 12 13 17 18 22 21 22 
[INFO] [1787291036.446336, 1366.000000]: Replanning request. curr_vertex_idx: 43
[INFO] [1787291036.447075, 1366.000000]:                     covered_vertices: ()
[INFO] [1787291036.447685, 1366.000000]: Handle local replanning...
[INFO] [1787291036.448234, 1366.000000]: Local path to replan: [14, 8]
[INFO] [1787291036.448747, 1366.000000]: curr path length: 45, is_loop length: 45
[INFO] [1787291036.449160, 1366.000000]: Send new plan: 8 7 6 5 4 3 9 15 16 10 11 35 37 20 19 15(L) 19 23 29 30 24 25 31 32 26 27 33 34 28 22 21 38 26(L) 38 36 35(L) 36 12 13 17 18 22(L) 18 14  ---> 8(L) 
[INFO] [1787291042.871626, 1372.400000]: Replanning request. curr_vertex_idx: 43
[INFO] [1787291042.872632, 1372.400000]:                     covered_vertices: ()
[INFO] [1787291042.873353, 1372.400000]: Handle local replanning...
[INFO] [1787291042.873960, 1372.400000]: Local path to replan: [14, 8]
[INFO] [1787291042.874776, 1372.400000]: curr path length: 45, is_loop length: 45
[INFO] [1787291042.875302, 1372.400000]: Send new plan: 8 7 6 5 4 3 9 15 16 10 11 35 37 20 19 15(L) 19 23 29 30 24 25 31 32 26 27 33 34 28 22 21 38 26(L) 38 36 35(L) 36 12 13 17 18 22(L) 18 14  ---> 8(L) 
[INFO] [1787291047.552851, 1377.100000]: Really visited vertices: 8 7 6 5 4 3 9 15 16 10 11 35 37 20 19 15 19 23 29 30 24 25 31 32 26 32 26 27 33 34 28 22 21 27 26 38 36 35 37 35 36 12 13 17 18 22 21 22 18 
[INFO] [1787291048.722848, 1378.200000]: Replanning request. curr_vertex_idx: 43
[INFO] [1787291048.723810, 1378.200000]:                     covered_vertices: ()
[INFO] [1787291048.724488, 1378.200000]: Handle local replanning...
[INFO] [1787291048.725204, 1378.200000]: Local path to replan: [14, 8]
[INFO] [1787291048.725891, 1378.200000]: curr path length: 45, is_loop length: 45
[INFO] [1787291048.726558, 1378.200000]: Send new plan: 8 7 6 5 4 3 9 15 16 10 11 35 37 20 19 15(L) 19 23 29 30 24 25 31 32 26 27 33 34 28 22 21 38 26(L) 38 36 35(L) 36 12 13 17 18 22(L) 18 14  ---> 8(L) 
[INFO] [1787291065.638234, 1395.200000]: Really visited vertices: 8 7 6 5 4 3 9 15 16 10 11 35 37 20 19 15 19 23 29 30 24 25 31 32 26 32 26 27 33 34 28 22 21 27 26 38 36 35 37 35 36 12 13 17 18 22 21 22 18 
[INFO] [1787291071.546731, 1401.100000]: Really visited vertices: 8 7 6 5 4 3 9 15 16 10 11 35 37 20 19 15 19 23 29 30 24 25 31 32 26 32 26 27 33 34 28 22 21 27 26 38 36 35 37 35 36 12 13 17 18 22 21 22 18 
[INFO] [1787291077.934145, 1407.400000]: Really visited vertices: 8 7 6 5 4 3 9 15 16 10 11 35 37 20 19 15 19 23 29 30 24 25 31 32 26 32 26 27 33 34 28 22 21 27 26 38 36 35 37 35 36 12 13 17 18 22 21 22 18 14 
[INFO] [1787291083.135853, 1412.600000]: Really visited vertices: 8 7 6 5 4 3 9 15 16 10 11 35 37 20 19 15 19 23 29 30 24 25 31 32 26 32 26 27 33 34 28 22 21 27 26 38 36 35 37 35 36 12 13 17 18 22 21 22 18 14 
[INFO] [1787291089.841878, 1419.400000]: Really visited vertices: 8 7 6 5 4 3 9 15 16 10 11 35 37 20 19 15 19 23 29 30 24 25 31 32 26 32 26 27 33 34 28 22 21 27 26 38 36 35 37 35 36 12 13 17 18 22 21 22 18 14 
[INFO] [1787291122.643784, 1452.200000]: Replanning request. curr_vertex_idx: 44
[INFO] [1787291122.644846, 1452.200000]:                     covered_vertices: ()
[INFO] [1787291122.645502, 1452.200000]: curr path length: 45, is_loop length: 45
[INFO] [1787291122.646045, 1452.200000]: Send new plan: 8 7 6 5 4 3 9 15 16 10 11 35 37 20 19 15(L) 19 23 29 30 24 25 31 32 26 27 33 34 28 22 21 38 26(L) 38 36 35(L) 36 12 13 17 18 22(L) 18 14 8(L)  ---> 
[INFO] [1787291133.797923, 1462.700000]: Pose graph has: 753 vertices, 1098 edges.
[31m[RVIZ-16] escalating to SIGTERM[0m
... logging to /home/wcqw/ac-slam/catkin_ws/.ros/log/1d27c982-9d20-11f1-a38e-cf9a7ef17d8f/roslaunch-msxg-60391.log
Checking log directory for disk usage. This may take a while.
Press Ctrl-C to interrupt
Done checking log file disk usage. Usage is <1GB.
]2;/home/wcqw/ac-slam/baseline/Graph-Based_SLAM-Aware_Exploration/launch/exploration.launch
[1mstarted roslaunch server http://127.0.0.1:46497/[0m

SUMMARY
========

PARAMETERS
 * /Mapper/LoopMatchMaximumVarianceCoarse: 0.16
 * /Mapper/LoopMatchMinimumChainSize: 4
 * /Mapper/LoopMatchMinimumResponseCoarse: 0.6
 * /Mapper/LoopMatchMinimumResponseFine: 0.7
 * /Mapper/LoopSearchMaximumDistance: 4
 * /Mapper/LoopSearchSpaceDimension: 5.0
 * /Mapper/MinimumTravelDistance: 1.0
 * /Mapper/MinimumTravelHeading: 0.52
 * /Mapper/grid_resolution: 0.1
 * /Mapper/map_frame: map
 * /Mapper/map_update_rate: 5
 * /Mapper/max_covariance: 0.01
 * /Mapper/max_particles: 10000
 * /Mapper/min_map_size: 20
 * /Mapper/min_particles: 2500
 * /Mapper/publish_pose_graph: True
 * /Mapper/range_threshold: 25.0
 * /Mapper/transform_publish_period: 0.1
 * /Navigator/command_target_distance: 1.5
 * /Navigator/exploration_goal_distance: 3.0
 * /Navigator/exploration_strategy: MyPlanner
 * /Navigator/frequency: 1
 * /Navigator/map_inflation_radius: 1.0
 * /Navigator/max_replanning_period: 1.0
 * /Navigator/min_replanning_period: 5.0
 * /Navigator/min_target_area_size: 1.0
 * /Navigator/navigation_goal_angle: 1.0
 * /Navigator/navigation_goal_distance: 2.0
 * /Navigator/navigation_homing_distance: 4.0
 * /Navigator/robot_radius: 0.5
 * /Navigator/save_path_plan_time: /home/wcqw/ac-sla...
 * /Navigator/use_local_planner: True
 * /Navigator/visualize_frontiers: True
 * /Operator/conformance_weight: 1
 * /Operator/continue_weight: 1
 * /Operator/escape_weight: 1
 * /Operator/frequency: 10
 * /Operator/local_map/cost_scaling_factor: 2.0
 * /Operator/local_map/global_frame: odom
 * /Operator/local_map/height: 6.0
 * /Operator/local_map/inflation_radius: 0.75
 * /Operator/local_map/lethal_cost_threshold: 100
 * /Operator/local_map/map_type: costmap
 * /Operator/local_map/max_obstacle_height: 2.0
 * /Operator/local_map/min_obstacle_height: 0.0
 * /Operator/local_map/observation_sources: scan
 * /Operator/local_map/obstacle_range: 4.0
 * /Operator/local_map/publish_frequency: 1.0
 * /Operator/local_map/publish_voxel_map: True
 * /Operator/local_map/raytrace_range: 4.5
 * /Operator/local_map/resolution: 0.05
 * /Operator/local_map/robot_base_frame: base_link
 * /Operator/local_map/robot_radius: 0.4
 * /Operator/local_map/rolling_window: True
 * /Operator/local_map/scan/clearing: True
 * /Operator/local_map/scan/data_type: LaserScan
 * /Operator/local_map/scan/expected_update_rate: 0.4
 * /Operator/local_map/scan/marking: True
 * /Operator/local_map/scan/max_obstacle_height: 0.4
 * /Operator/local_map/scan/min_obstacle_height: 0.08
 * /Operator/local_map/scan/observation_persistence: 0.0
 * /Operator/local_map/static_map: False
 * /Operator/local_map/track_unknown_space: True
 * /Operator/local_map/transform_tolerance: 0.3
 * /Operator/local_map/update_frequency: 5.0
 * /Operator/local_map/width: 6.0
 * /Operator/max_free_space: 3.0
 * /Operator/max_velocity: 1.0
 * /Operator/publish_route: True
 * /Operator/safety_decay: 0.99
 * /Operator/safety_weight: 1
 * /Stage/base_watchdog_timeout: 0
 * /laser_frame: base_laser_link
 * /laser_topic: base_scan
 * /map_frame: map
 * /map_server/frame_id: map
 * /map_service: static_map
 * /map_topic: map
 * /odometry_frame: odom
 * /offset_frame: offset
 * /path_planner/g2o_save_path: /home/wcqw/ac-sla...
 * /path_planner/map_width: 74.0
 * /path_planner/need_noise: False
 * /path_planner/only_use_tsp: False
 * /path_planner/prior_map_save_path: /home/wcqw/ac-sla...
 * /path_planner/robot_position: -28.0 -28.0 0
 * /path_planner/tsp_record_path: /home/wcqw/ac-sla...
 * /path_planner/tsp_seed: 21004
 * /path_planner/tsp_solver: concorde
 * /path_planner/use_drawio: True
 * /path_planner/variance: 0.0
 * /path_planner/xml_path: /home/wcqw/ac-sla...
 * /pubPath/gt_save_path: /home/wcqw/ac-sla...
 * /pubPath/robot_position: -28.0 -28.0 0
 * /pubPath/slam_save_path: /home/wcqw/ac-sla...
 * /robot_description: <?xml version="1....
 * /robot_frame: base_link
 * /robot_start_position: -28.0 -28.0 0
 * /robot_state_publisher/publish_frequency: 30.0
 * /robot_state_publisher/tf_prefix: 
 * /rosdistro: noetic
 * /rosversion: 1.17.4
 * /use_sim_time: True
 * /use_tf1: True

NODES
  /
    Explore (nav2d_navigator/explore_client)
    GetMap (nav2d_navigator/get_map_client)
    Mapper (nav2d_karto/mapper)
    Navigator (nav2d_navigator/navigator)
    Operator (nav2d_operator/operator)
    RVIZ (rviz/rviz)
    SetGoal (nav2d_navigator/set_goal_client)
    Stage (stage_ros/stageros)
    exploration_button_server (cpp_solver/exploration_button_server.py)
    map_server (map_server/map_server)
    path_planner (cpp_solver/path_planner.py)
    pubPath (cpp_solver/pub_path)
    publisher (p2os_urdf/p2os_publisher_3at)
    robot_state_publisher (robot_state_publisher/robot_state_publisher)
    rqt_robot_steering (rqt_robot_steering/rqt_robot_steering)
    updateDistance (cpp_solver/updateDistance)

[1mROS_MASTER_URI=http://localhost:11311[0m
]2;/home/wcqw/ac-slam/baseline/Graph-Based_SLAM-Aware_Exploration/launch/exploration.launch http://localhost:11311
[1mprocess[Stage-1]: started with pid [60498][0m
[1mprocess[map_server-2]: started with pid [60499][0m
[1mprocess[Operator-3]: started with pid [60500][0m
[1mprocess[Mapper-4]: started with pid [60505][0m
[1mprocess[Navigator-5]: started with pid [60510][0m
[1mprocess[GetMap-6]: started with pid [60517][0m
[1mprocess[Explore-7]: started with pid [60523][0m
[1mprocess[SetGoal-8]: started with pid [60526][0m
[1mprocess[pubPath-9]: started with pid [60536][0m
[1mprocess[updateDistance-10]: started with pid [60545][0m
[1mprocess[exploration_button_server-11]: started with pid [60550][0m
[1mprocess[path_planner-12]: started with pid [60557][0m
[1mprocess[rqt_robot_steering-13]: started with pid [60558][0m
[1mprocess[robot_state_publisher-14]: started with pid [60559][0m
[1mprocess[publisher-15]: started with pid [60561][0m
[1mprocess[RVIZ-16]: started with pid [60563][0m
[RVIZ-16] killing on exit
[robot_state_publisher-14] killing on exit
[publisher-15] killing on exit
[path_planner-12] killing on exit
[rqt_robot_steering-13] killing on exit
[updateDistance-10] killing on exit
[exploration_button_server-11] killing on exit
[pubPath-9] killing on exit
[Explore-7] killing on exit
[SetGoal-8] killing on exit
[GetMap-6] killing on exit
[Navigator-5] killing on exit
[Mapper-4] killing on exit
[Operator-3] killing on exit
[map_server-2] killing on exit
[Stage-1] killing on exit
shutting down processing monitor...
... shutting down processing monitor complete
[1mdone[0m
