timestamp,event,data
10.700000000,REPLAN_REQUESTED,"{""message"": ""Replanning request. curr_vertex_idx: 0"", ""wall_time_utc"": ""2026-09-06T19:30:32.216736+00:00""}"
10.700000000,SLAM_PATH_CREATED,"{""node"": ""/Navigator"", ""path"": [62, 82, 98, 106, 90, 81, 63, 70, 63, 52, 48, 56, 57, 51, 57, 56, 48, 30, 20, 9, 147, 7, 147, 9, 4, 9, 20, 16, 5, 16, 148, 10, 148, 16, 20, 30, 24, 22, 24, 15, 14, 15, 6, 15, 24, 37, 31, 37, 42, 44, 33, 28, 33, 29, 33, 41, 36, 38, 36, 32, 149, 18, 146, 3, 146, 18, 27, 18, 8, 18, 13, 18, 19, 12, 19, 26, 19, 23, 21, 17, 21, 25, 11, 25, 39, 43, 35, 150, 35, 40, 35, 43, 39, 45, 49, 45, 58, 73, 58, 154, 54, 50, 54, 59, 74, 59, 157, 156, 155, 55, 69, 59, 69, 55, 60, 47, 41, 47, 46, 47, 61, 80, 82, 80, 79, 89, 78, 69, 78, 87, 163, 86, 75, 162, 77, 58, 77, 88, 85, 88, 97, 111, 166, 111, 124, 133, 124, 129, 104, 166, 104, 108, 92, 87, 92, 105, 116, 130, 134, 137, 134, 125, 138, 125, 117, 139, 117, 140, 117, 121, 141, 121, 122, 112, 122, 123, 106, 123, 142, 123, 126, 113, 109, 100, 109, 165, 100, 165, 109, 99, 109, 113, 126, 127, 143, 127, 118, 101, 91, 83, 91, 93, 91, 101, 102, 94, 102, 101, 118, 167, 114, 110, 114, 135, 114, 128, 131, 145, 131, 144, 131, 136, 131, 119, 115, 120, 115, 132, 115, 107, 164, 96, 164, 107, 103, 95, 84, 68, 153, 64, 153, 68, 64, 53, 64, 71, 64, 68, 153, 152, 151, 34, 151, 152, 153, 68, 84, 72, 65, 72, 158, 65, 158, 72, 161, 160, 66, 159, 67, 76], ""wall_time_utc"": ""2026-09-06T19:30:32.219617+00:00""}"
10.700000000,LOOP_INSERTED,"{""path_index"": 111, ""vertex"": 59, ""wall_time_utc"": ""2026-09-06T19:30:32.219892+00:00""}"
10.700000000,LOOP_INSERTED,"{""path_index"": 116, ""vertex"": 41, ""wall_time_utc"": ""2026-09-06T19:30:32.219917+00:00""}"
10.700000000,LOOP_INSERTED,"{""path_index"": 122, ""vertex"": 82, ""wall_time_utc"": ""2026-09-06T19:30:32.219931+00:00""}"
10.700000000,LOOP_INSERTED,"{""path_index"": 127, ""vertex"": 69, ""wall_time_utc"": ""2026-09-06T19:30:32.219943+00:00""}"
10.700000000,LOOP_INSERTED,"{""path_index"": 135, ""vertex"": 58, ""wall_time_utc"": ""2026-09-06T19:30:32.219955+00:00""}"
10.700000000,LOOP_INSERTED,"{""path_index"": 149, ""vertex"": 166, ""wall_time_utc"": ""2026-09-06T19:30:32.219967+00:00""}"
10.700000000,LOOP_INSERTED,"{""path_index"": 153, ""vertex"": 87, ""wall_time_utc"": ""2026-09-06T19:30:32.219978+00:00""}"
10.700000000,LOOP_INSERTED,"{""path_index"": 176, ""vertex"": 106, ""wall_time_utc"": ""2026-09-06T19:30:32.219990+00:00""}"
10.700000000,LOOP_INSERTED,"{""path_index"": 183, ""vertex"": 100, ""wall_time_utc"": ""2026-09-06T19:30:32.220001+00:00""}"
10.700000000,LOOP_INSERTED,"{""path_index"": 239, ""vertex"": 64, ""wall_time_utc"": ""2026-09-06T19:30:32.220014+00:00""}"
10.700000000,LOOP_INSERTED,"{""path_index"": 258, ""vertex"": 65, ""wall_time_utc"": ""2026-09-06T19:30:32.220026+00:00""}"
28.000000000,LOCAL_REPLAN,"{""message"": ""Call local replanning..."", ""wall_time_utc"": ""2026-09-06T19:30:49.531502+00:00""}"
28.000000000,REPLAN_REQUESTED,"{""message"": ""Replanning request. curr_vertex_idx: 0"", ""wall_time_utc"": ""2026-09-06T19:30:49.533394+00:00""}"
28.000000000,GOAL_REACHED,"{""vertex"": 62, ""wall_time_utc"": ""2026-09-06T19:30:49.538123+00:00""}"
28.900000000,LOCAL_REPLAN,"{""message"": ""Call local replanning..."", ""wall_time_utc"": ""2026-09-06T19:30:50.501777+00:00""}"
28.900000000,REPLAN_REQUESTED,"{""message"": ""Replanning request. curr_vertex_idx: 0"", ""wall_time_utc"": ""2026-09-06T19:30:50.504044+00:00""}"
28.900000000,NO_FRONTIER,"{""message"": ""No frontier at vertex 62. #Frontier: 0"", ""wall_time_utc"": ""2026-09-06T19:30:50.508557+00:00""}"
35.000000000,LOCAL_REPLAN,"{""message"": ""Call local replanning..."", ""wall_time_utc"": ""2026-09-06T19:30:56.572943+00:00""}"
35.000000000,REPLAN_REQUESTED,"{""message"": ""Replanning request. curr_vertex_idx: 1"", ""wall_time_utc"": ""2026-09-06T19:30:56.575017+00:00""}"
41.000000000,LOCAL_REPLAN,"{""message"": ""Call local replanning..."", ""wall_time_utc"": ""2026-09-06T19:31:02.599495+00:00""}"
41.000000000,REPLAN_REQUESTED,"{""message"": ""Replanning request. curr_vertex_idx: 1"", ""wall_time_utc"": ""2026-09-06T19:31:02.601439+00:00""}"
41.000000000,GOAL_SKIP,"{""message"": ""Skip currGoal 82 that has no frontier and seen by robot"", ""wall_time_utc"": ""2026-09-06T19:31:02.605875+00:00""}"
41.000000000,REPEATED_VISIT_SKIP,"{""message"": ""Skip repeated visit to vertex 98"", ""wall_time_utc"": ""2026-09-06T19:31:02.605916+00:00""}"
47.100000000,LOCAL_REPLAN,"{""message"": ""Call local replanning..."", ""wall_time_utc"": ""2026-09-06T19:31:08.639111+00:00""}"
47.100000000,REPLAN_REQUESTED,"{""message"": ""Replanning request. curr_vertex_idx: 3"", ""wall_time_utc"": ""2026-09-06T19:31:08.640451+00:00""}"
51.000000000,LOCAL_REPLAN,"{""message"": ""Call local replanning..."", ""wall_time_utc"": ""2026-09-06T19:31:12.566094+00:00""}"
51.000000000,REPLAN_REQUESTED,"{""message"": ""Replanning request. curr_vertex_idx: 3"", ""wall_time_utc"": ""2026-09-06T19:31:12.567553+00:00""}"
53.000000000,LOCAL_REPLAN,"{""message"": ""Call local replanning..."", ""wall_time_utc"": ""2026-09-06T19:31:14.581174+00:00""}"
53.000000000,REPLAN_REQUESTED,"{""message"": ""Replanning request. curr_vertex_idx: 3"", ""wall_time_utc"": ""2026-09-06T19:31:14.583309+00:00""}"
53.000000000,GOAL_REACHED,"{""vertex"": 106, ""wall_time_utc"": ""2026-09-06T19:31:14.587277+00:00""}"
56.000000000,LOCAL_REPLAN,"{""message"": ""Call local replanning..."", ""wall_time_utc"": ""2026-09-06T19:31:17.574281+00:00""}"
56.000000000,REPLAN_REQUESTED,"{""message"": ""Replanning request. curr_vertex_idx: 3"", ""wall_time_utc"": ""2026-09-06T19:31:17.576168+00:00""}"
56.000000000,NO_FRONTIER,"{""message"": ""No frontier at vertex 106. #Frontier: 0"", ""wall_time_utc"": ""2026-09-06T19:31:17.579056+00:00""}"
56.000000000,REPEATED_VISIT_SKIP,"{""message"": ""Skip repeated visit to vertex 90"", ""wall_time_utc"": ""2026-09-06T19:31:17.579092+00:00""}"
56.000000000,REPEATED_VISIT_SKIP,"{""message"": ""Skip repeated visit to vertex 81"", ""wall_time_utc"": ""2026-09-06T19:31:17.579107+00:00""}"
56.000000000,REPEATED_VISIT_SKIP,"{""message"": ""Skip repeated visit to vertex 63"", ""wall_time_utc"": ""2026-09-06T19:31:17.579119+00:00""}"
56.000000000,REPEATED_VISIT_SKIP,"{""message"": ""Skip repeated visit to vertex 70"", ""wall_time_utc"": ""2026-09-06T19:31:17.579130+00:00""}"
56.000000000,REPEATED_VISIT_SKIP,"{""message"": ""Skip repeated visit to vertex 63"", ""wall_time_utc"": ""2026-09-06T19:31:17.579141+00:00""}"
62.100000000,LOCAL_REPLAN,"{""message"": ""Call local replanning..."", ""wall_time_utc"": ""2026-09-06T19:31:23.630986+00:00""}"
62.100000000,REPLAN_REQUESTED,"{""message"": ""Replanning request. curr_vertex_idx: 9"", ""wall_time_utc"": ""2026-09-06T19:31:23.632740+00:00""}"
68.000000000,LOCAL_REPLAN,"{""message"": ""Call local replanning..."", ""wall_time_utc"": ""2026-09-06T19:31:29.572839+00:00""}"
68.000000000,REPLAN_REQUESTED,"{""message"": ""Replanning request. curr_vertex_idx: 9"", ""wall_time_utc"": ""2026-09-06T19:31:29.574554+00:00""}"
73.000000000,LOCAL_REPLAN,"{""message"": ""Call local replanning..."", ""wall_time_utc"": ""2026-09-06T19:31:34.588194+00:00""}"
73.000000000,REPLAN_REQUESTED,"{""message"": ""Replanning request. curr_vertex_idx: 9"", ""wall_time_utc"": ""2026-09-06T19:31:34.590346+00:00""}"
73.000000000,GOAL_SKIP,"{""message"": ""Skip currGoal 52 that has no frontier and seen by robot"", ""wall_time_utc"": ""2026-09-06T19:31:34.593712+00:00""}"
73.000000000,REPEATED_VISIT_SKIP,"{""message"": ""Skip repeated visit to vertex 48"", ""wall_time_utc"": ""2026-09-06T19:31:34.593760+00:00""}"
79.100000000,LOCAL_REPLAN,"{""message"": ""Call local replanning..."", ""wall_time_utc"": ""2026-09-06T19:31:40.679272+00:00""}"
79.100000000,REPLAN_REQUESTED,"{""message"": ""Replanning request. curr_vertex_idx: 11"", ""wall_time_utc"": ""2026-09-06T19:31:40.681251+00:00""}"
82.000000000,LOCAL_REPLAN,"{""message"": ""Call local replanning..."", ""wall_time_utc"": ""2026-09-06T19:31:43.597125+00:00""}"
82.000000000,REPLAN_REQUESTED,"{""message"": ""Replanning request. curr_vertex_idx: 11"", ""wall_time_utc"": ""2026-09-06T19:31:43.599256+00:00""}"
82.000000000,GOAL_REACHED,"{""vertex"": 56, ""wall_time_utc"": ""2026-09-06T19:31:43.602533+00:00""}"
82.000000000,NO_FRONTIER,"{""message"": ""No frontier at vertex 56. #Frontier: 0"", ""wall_time_utc"": ""2026-09-06T19:31:43.602627+00:00""}"
82.000000000,REPEATED_VISIT_SKIP,"{""message"": ""Skip repeated visit to vertex 57"", ""wall_time_utc"": ""2026-09-06T19:31:43.602648+00:00""}"
88.000000000,LOCAL_REPLAN,"{""message"": ""Call local replanning..."", ""wall_time_utc"": ""2026-09-06T19:31:49.588159+00:00""}"
88.000000000,REPLAN_REQUESTED,"{""message"": ""Replanning request. curr_vertex_idx: 13"", ""wall_time_utc"": ""2026-09-06T19:31:49.590276+00:00""}"
88.000000000,GOAL_SKIP,"{""message"": ""Skip currGoal 51 that has no frontier and seen by robot"", ""wall_time_utc"": ""2026-09-06T19:31:49.593642+00:00""}"
88.000000000,REPEATED_VISIT_SKIP,"{""message"": ""Skip repeated visit to vertex 57"", ""wall_time_utc"": ""2026-09-06T19:31:49.593689+00:00""}"
88.000000000,REPEATED_VISIT_SKIP,"{""message"": ""Skip repeated visit to vertex 56"", ""wall_time_utc"": ""2026-09-06T19:31:49.593706+00:00""}"
88.000000000,REPEATED_VISIT_SKIP,"{""message"": ""Skip repeated visit to vertex 48"", ""wall_time_utc"": ""2026-09-06T19:31:49.593719+00:00""}"
94.100000000,LOCAL_REPLAN,"{""message"": ""Call local replanning..."", ""wall_time_utc"": ""2026-09-06T19:31:55.670772+00:00""}"
94.100000000,REPLAN_REQUESTED,"{""message"": ""Replanning request. curr_vertex_idx: 17"", ""wall_time_utc"": ""2026-09-06T19:31:55.672555+00:00""}"
100.000000000,LOCAL_REPLAN,"{""message"": ""Call local replanning..."", ""wall_time_utc"": ""2026-09-06T19:32:01.596943+00:00""}"
100.000000000,REPLAN_REQUESTED,"{""message"": ""Replanning request. curr_vertex_idx: 17"", ""wall_time_utc"": ""2026-09-06T19:32:01.599097+00:00""}"
106.000000000,LOCAL_REPLAN,"{""message"": ""Call local replanning..."", ""wall_time_utc"": ""2026-09-06T19:32:07.582662+00:00""}"
106.000000000,REPLAN_REQUESTED,"{""message"": ""Replanning request. curr_vertex_idx: 17"", ""wall_time_utc"": ""2026-09-06T19:32:07.583820+00:00""}"
112.000000000,LOCAL_REPLAN,"{""message"": ""Call local replanning..."", ""wall_time_utc"": ""2026-09-06T19:32:13.582682+00:00""}"
112.000000000,REPLAN_REQUESTED,"{""message"": ""Replanning request. curr_vertex_idx: 17"", ""wall_time_utc"": ""2026-09-06T19:32:13.584010+00:00""}"
112.000000000,GOAL_REACHED,"{""vertex"": 30, ""wall_time_utc"": ""2026-09-06T19:32:13.588273+00:00""}"
114.100000000,LOCAL_REPLAN,"{""message"": ""Call local replanning..."", ""wall_time_utc"": ""2026-09-06T19:32:15.703797+00:00""}"
114.100000000,REPLAN_REQUESTED,"{""message"": ""Replanning request. curr_vertex_idx: 17"", ""wall_time_utc"": ""2026-09-06T19:32:15.705836+00:00""}"
116.100000000,LOCAL_REPLAN,"{""message"": ""Call local replanning..."", ""wall_time_utc"": ""2026-09-06T19:32:17.709149+00:00""}"
116.100000000,REPLAN_REQUESTED,"{""message"": ""Replanning request. curr_vertex_idx: 17"", ""wall_time_utc"": ""2026-09-06T19:32:17.711067+00:00""}"
118.100000000,LOCAL_REPLAN,"{""message"": ""Call local replanning..."", ""wall_time_utc"": ""2026-09-06T19:32:19.615624+00:00""}"
118.100000000,REPLAN_REQUESTED,"{""message"": ""Replanning request. curr_vertex_idx: 17"", ""wall_time_utc"": ""2026-09-06T19:32:19.617700+00:00""}"
124.100000000,LOCAL_REPLAN,"{""message"": ""Call local replanning..."", ""wall_time_utc"": ""2026-09-06T19:32:25.632020+00:00""}"
124.100000000,REPLAN_REQUESTED,"{""message"": ""Replanning request. curr_vertex_idx: 17"", ""wall_time_utc"": ""2026-09-06T19:32:25.633947+00:00""}"
128.100000000,LOCAL_REPLAN,"{""message"": ""Call local replanning..."", ""wall_time_utc"": ""2026-09-06T19:32:29.631011+00:00""}"
128.100000000,REPLAN_REQUESTED,"{""message"": ""Replanning request. curr_vertex_idx: 17"", ""wall_time_utc"": ""2026-09-06T19:32:29.633205+00:00""}"
130.100000000,LOCAL_REPLAN,"{""message"": ""Call local replanning..."", ""wall_time_utc"": ""2026-09-06T19:32:31.711312+00:00""}"
130.200000000,REPLAN_REQUESTED,"{""message"": ""Replanning request. curr_vertex_idx: 17"", ""wall_time_utc"": ""2026-09-06T19:32:31.713164+00:00""}"
130.200000000,NO_FRONTIER,"{""message"": ""No frontier at vertex 30. #Frontier: 0"", ""wall_time_utc"": ""2026-09-06T19:32:31.717650+00:00""}"
130.200000000,REPEATED_VISIT_SKIP,"{""message"": ""Skip repeated visit to vertex 20"", ""wall_time_utc"": ""2026-09-06T19:32:31.717703+00:00""}"
130.200000000,REPEATED_VISIT_SKIP,"{""message"": ""Skip repeated visit to vertex 9"", ""wall_time_utc"": ""2026-09-06T19:32:31.717720+00:00""}"
136.100000000,LOCAL_REPLAN,"{""message"": ""Call local replanning..."", ""wall_time_utc"": ""2026-09-06T19:32:37.645661+00:00""}"
136.100000000,REPLAN_REQUESTED,"{""message"": ""Replanning request. curr_vertex_idx: 20"", ""wall_time_utc"": ""2026-09-06T19:32:37.647655+00:00""}"
142.100000000,LOCAL_REPLAN,"{""message"": ""Call local replanning..."", ""wall_time_utc"": ""2026-09-06T19:32:43.667513+00:00""}"
142.100000000,REPLAN_REQUESTED,"{""message"": ""Replanning request. curr_vertex_idx: 20"", ""wall_time_utc"": ""2026-09-06T19:32:43.669799+00:00""}"
148.000000000,LOCAL_REPLAN,"{""message"": ""Call local replanning..."", ""wall_time_utc"": ""2026-09-06T19:32:49.584148+00:00""}"
148.000000000,REPLAN_REQUESTED,"{""message"": ""Replanning request. curr_vertex_idx: 20"", ""wall_time_utc"": ""2026-09-06T19:32:49.586042+00:00""}"
148.000000000,GOAL_SKIP,"{""message"": ""Skip currGoal 147 that has no frontier and seen by robot"", ""wall_time_utc"": ""2026-09-06T19:32:49.590177+00:00""}"
154.100000000,LOCAL_REPLAN,"{""message"": ""Call local replanning..."", ""wall_time_utc"": ""2026-09-06T19:32:55.676924+00:00""}"
154.100000000,REPLAN_REQUESTED,"{""message"": ""Replanning request. curr_vertex_idx: 21"", ""wall_time_utc"": ""2026-09-06T19:32:55.678891+00:00""}"
160.100000000,LOCAL_REPLAN,"{""message"": ""Call local replanning..."", ""wall_time_utc"": ""2026-09-06T19:33:01.687902+00:00""}"
160.100000000,REPLAN_REQUESTED,"{""message"": ""Replanning request. curr_vertex_idx: 21"", ""wall_time_utc"": ""2026-09-06T19:33:01.689761+00:00""}"
166.100000000,LOCAL_REPLAN,"{""message"": ""Call local replanning..."", ""wall_time_utc"": ""2026-09-06T19:33:07.645313+00:00""}"
166.100000000,REPLAN_REQUESTED,"{""message"": ""Replanning request. curr_vertex_idx: 21"", ""wall_time_utc"": ""2026-09-06T19:33:07.646985+00:00""}"
168.100000000,LOCAL_REPLAN,"{""message"": ""Call local replanning..."", ""wall_time_utc"": ""2026-09-06T19:33:09.652007+00:00""}"
168.100000000,REPLAN_REQUESTED,"{""message"": ""Replanning request. curr_vertex_idx: 21"", ""wall_time_utc"": ""2026-09-06T19:33:09.653826+00:00""}"
174.000000000,LOCAL_REPLAN,"{""message"": ""Call local replanning..."", ""wall_time_utc"": ""2026-09-06T19:33:15.587178+00:00""}"
174.000000000,REPLAN_REQUESTED,"{""message"": ""Replanning request. curr_vertex_idx: 21"", ""wall_time_utc"": ""2026-09-06T19:33:15.589013+00:00""}"
180.000000000,LOCAL_REPLAN,"{""message"": ""Call local replanning..."", ""wall_time_utc"": ""2026-09-06T19:33:21.593193+00:00""}"
180.000000000,REPLAN_REQUESTED,"{""message"": ""Replanning request. curr_vertex_idx: 21"", ""wall_time_utc"": ""2026-09-06T19:33:21.595139+00:00""}"
186.100000000,LOCAL_REPLAN,"{""message"": ""Call local replanning..."", ""wall_time_utc"": ""2026-09-06T19:33:27.630673+00:00""}"
186.100000000,REPLAN_REQUESTED,"{""message"": ""Replanning request. curr_vertex_idx: 21"", ""wall_time_utc"": ""2026-09-06T19:33:27.632411+00:00""}"
192.000000000,LOCAL_REPLAN,"{""message"": ""Call local replanning..."", ""wall_time_utc"": ""2026-09-06T19:33:33.595777+00:00""}"
192.000000000,REPLAN_REQUESTED,"{""message"": ""Replanning request. curr_vertex_idx: 21"", ""wall_time_utc"": ""2026-09-06T19:33:33.597615+00:00""}"
198.100000000,LOCAL_REPLAN,"{""message"": ""Call local replanning..."", ""wall_time_utc"": ""2026-09-06T19:33:39.653282+00:00""}"
198.100000000,REPLAN_REQUESTED,"{""message"": ""Replanning request. curr_vertex_idx: 21"", ""wall_time_utc"": ""2026-09-06T19:33:39.655183+00:00""}"
204.100000000,LOCAL_REPLAN,"{""message"": ""Call local replanning..."", ""wall_time_utc"": ""2026-09-06T19:33:45.662115+00:00""}"
204.100000000,REPLAN_REQUESTED,"{""message"": ""Replanning request. curr_vertex_idx: 21"", ""wall_time_utc"": ""2026-09-06T19:33:45.663686+00:00""}"
210.100000000,LOCAL_REPLAN,"{""message"": ""Call local replanning..."", ""wall_time_utc"": ""2026-09-06T19:33:51.637150+00:00""}"
210.100000000,REPLAN_REQUESTED,"{""message"": ""Replanning request. curr_vertex_idx: 21"", ""wall_time_utc"": ""2026-09-06T19:33:51.638846+00:00""}"
216.000000000,LOCAL_REPLAN,"{""message"": ""Call local replanning..."", ""wall_time_utc"": ""2026-09-06T19:33:57.595561+00:00""}"
216.000000000,REPLAN_REQUESTED,"{""message"": ""Replanning request. curr_vertex_idx: 21"", ""wall_time_utc"": ""2026-09-06T19:33:57.597417+00:00""}"
220.100000000,LOCAL_REPLAN,"{""message"": ""Call local replanning..."", ""wall_time_utc"": ""2026-09-06T19:34:01.629425+00:00""}"
220.100000000,REPLAN_REQUESTED,"{""message"": ""Replanning request. curr_vertex_idx: 21"", ""wall_time_utc"": ""2026-09-06T19:34:01.631079+00:00""}"
222.100000000,LOCAL_REPLAN,"{""message"": ""Call local replanning..."", ""wall_time_utc"": ""2026-09-06T19:34:03.661511+00:00""}"
222.100000000,REPLAN_REQUESTED,"{""message"": ""Replanning request. curr_vertex_idx: 21"", ""wall_time_utc"": ""2026-09-06T19:34:03.663483+00:00""}"
228.100000000,LOCAL_REPLAN,"{""message"": ""Call local replanning..."", ""wall_time_utc"": ""2026-09-06T19:34:09.669164+00:00""}"
228.100000000,REPLAN_REQUESTED,"{""message"": ""Replanning request. curr_vertex_idx: 21"", ""wall_time_utc"": ""2026-09-06T19:34:09.670966+00:00""}"
234.000000000,LOCAL_REPLAN,"{""message"": ""Call local replanning..."", ""wall_time_utc"": ""2026-09-06T19:34:15.586877+00:00""}"
234.000000000,REPLAN_REQUESTED,"{""message"": ""Replanning request. curr_vertex_idx: 21"", ""wall_time_utc"": ""2026-09-06T19:34:15.588713+00:00""}"
237.100000000,LOCAL_REPLAN,"{""message"": ""Call local replanning..."", ""wall_time_utc"": ""2026-09-06T19:34:18.633885+00:00""}"
237.100000000,REPLAN_REQUESTED,"{""message"": ""Replanning request. curr_vertex_idx: 21"", ""wall_time_utc"": ""2026-09-06T19:34:18.635892+00:00""}"
243.100000000,LOCAL_REPLAN,"{""message"": ""Call local replanning..."", ""wall_time_utc"": ""2026-09-06T19:34:24.631946+00:00""}"
243.100000000,REPLAN_REQUESTED,"{""message"": ""Replanning request. curr_vertex_idx: 21"", ""wall_time_utc"": ""2026-09-06T19:34:24.633895+00:00""}"
244.500000000,KARTO_LOOP_CONSTRAINT,"{""message"": ""Add one Loop closure. 1 loops have been added."", ""wall_time_utc"": ""2026-09-06T19:34:26.039516+00:00""}"
244.500000000,KARTO_LOOP_ACCEPTED,"{""chain_end"": 176, ""chain_start"": 172, ""current_scan"": 186, ""loop_count"": 1, ""received_ros_time"": 244.5, ""received_wall_time_utc"": ""2026-09-06T19:34:26.039629+00:00"", ""seq"": 1, ""stamp"": 244.5, ""wall_time_utc"": ""2026-09-06T19:34:26.039728+00:00""}"
249.200000000,LOCAL_REPLAN,"{""message"": ""Call local replanning..."", ""wall_time_utc"": ""2026-09-06T19:34:30.759100+00:00""}"
249.200000000,REPLAN_REQUESTED,"{""message"": ""Replanning request. curr_vertex_idx: 21"", ""wall_time_utc"": ""2026-09-06T19:34:30.760578+00:00""}"
255.000000000,LOCAL_REPLAN,"{""message"": ""Call local replanning..."", ""wall_time_utc"": ""2026-09-06T19:34:36.589338+00:00""}"
255.000000000,REPLAN_REQUESTED,"{""message"": ""Replanning request. curr_vertex_idx: 21"", ""wall_time_utc"": ""2026-09-06T19:34:36.591096+00:00""}"
261.100000000,LOCAL_REPLAN,"{""message"": ""Call local replanning..."", ""wall_time_utc"": ""2026-09-06T19:34:42.693393+00:00""}"
261.100000000,REPLAN_REQUESTED,"{""message"": ""Replanning request. curr_vertex_idx: 21"", ""wall_time_utc"": ""2026-09-06T19:34:42.695543+00:00""}"
267.100000000,LOCAL_REPLAN,"{""message"": ""Call local replanning..."", ""wall_time_utc"": ""2026-09-06T19:34:48.678609+00:00""}"
267.100000000,REPLAN_REQUESTED,"{""message"": ""Replanning request. curr_vertex_idx: 21"", ""wall_time_utc"": ""2026-09-06T19:34:48.680375+00:00""}"
270.200000000,LOCAL_REPLAN,"{""message"": ""Call local replanning..."", ""wall_time_utc"": ""2026-09-06T19:34:51.748258+00:00""}"
270.200000000,REPLAN_REQUESTED,"{""message"": ""Replanning request. curr_vertex_idx: 21"", ""wall_time_utc"": ""2026-09-06T19:34:51.750474+00:00""}"
276.100000000,LOCAL_REPLAN,"{""message"": ""Call local replanning..."", ""wall_time_utc"": ""2026-09-06T19:34:57.702448+00:00""}"
276.100000000,REPLAN_REQUESTED,"{""message"": ""Replanning request. curr_vertex_idx: 21"", ""wall_time_utc"": ""2026-09-06T19:34:57.704219+00:00""}"
282.100000000,LOCAL_REPLAN,"{""message"": ""Call local replanning..."", ""wall_time_utc"": ""2026-09-06T19:35:03.612833+00:00""}"
282.100000000,REPLAN_REQUESTED,"{""message"": ""Replanning request. curr_vertex_idx: 21"", ""wall_time_utc"": ""2026-09-06T19:35:03.614509+00:00""}"
288.200000000,LOCAL_REPLAN,"{""message"": ""Call local replanning..."", ""wall_time_utc"": ""2026-09-06T19:35:09.716118+00:00""}"
288.200000000,REPLAN_REQUESTED,"{""message"": ""Replanning request. curr_vertex_idx: 21"", ""wall_time_utc"": ""2026-09-06T19:35:09.759899+00:00""}"
292.200000000,LOCAL_REPLAN,"{""message"": ""Call local replanning..."", ""wall_time_utc"": ""2026-09-06T19:35:13.767821+00:00""}"
292.200000000,REPLAN_REQUESTED,"{""message"": ""Replanning request. curr_vertex_idx: 21"", ""wall_time_utc"": ""2026-09-06T19:35:13.769953+00:00""}"
297.200000000,LOCAL_REPLAN,"{""message"": ""Call local replanning..."", ""wall_time_utc"": ""2026-09-06T19:35:18.775070+00:00""}"
297.200000000,REPLAN_REQUESTED,"{""message"": ""Replanning request. curr_vertex_idx: 21"", ""wall_time_utc"": ""2026-09-06T19:35:18.776851+00:00""}"
303.100000000,LOCAL_REPLAN,"{""message"": ""Call local replanning..."", ""wall_time_utc"": ""2026-09-06T19:35:24.619472+00:00""}"
303.100000000,REPLAN_REQUESTED,"{""message"": ""Replanning request. curr_vertex_idx: 21"", ""wall_time_utc"": ""2026-09-06T19:35:24.621122+00:00""}"
309.200000000,LOCAL_REPLAN,"{""message"": ""Call local replanning..."", ""wall_time_utc"": ""2026-09-06T19:35:30.724764+00:00""}"
309.200000000,REPLAN_REQUESTED,"{""message"": ""Replanning request. curr_vertex_idx: 21"", ""wall_time_utc"": ""2026-09-06T19:35:30.726534+00:00""}"
315.100000000,LOCAL_REPLAN,"{""message"": ""Call local replanning..."", ""wall_time_utc"": ""2026-09-06T19:35:36.620741+00:00""}"
315.100000000,REPLAN_REQUESTED,"{""message"": ""Replanning request. curr_vertex_idx: 21"", ""wall_time_utc"": ""2026-09-06T19:35:36.622522+00:00""}"
321.200000000,LOCAL_REPLAN,"{""message"": ""Call local replanning..."", ""wall_time_utc"": ""2026-09-06T19:35:42.739197+00:00""}"
321.200000000,REPLAN_REQUESTED,"{""message"": ""Replanning request. curr_vertex_idx: 21"", ""wall_time_utc"": ""2026-09-06T19:35:42.741172+00:00""}"
327.200000000,LOCAL_REPLAN,"{""message"": ""Call local replanning..."", ""wall_time_utc"": ""2026-09-06T19:35:48.750557+00:00""}"
327.200000000,REPLAN_REQUESTED,"{""message"": ""Replanning request. curr_vertex_idx: 21"", ""wall_time_utc"": ""2026-09-06T19:35:48.752226+00:00""}"
333.200000000,LOCAL_REPLAN,"{""message"": ""Call local replanning..."", ""wall_time_utc"": ""2026-09-06T19:35:54.801112+00:00""}"
333.200000000,REPLAN_REQUESTED,"{""message"": ""Replanning request. curr_vertex_idx: 21"", ""wall_time_utc"": ""2026-09-06T19:35:54.803026+00:00""}"
339.100000000,LOCAL_REPLAN,"{""message"": ""Call local replanning..."", ""wall_time_utc"": ""2026-09-06T19:36:00.633327+00:00""}"
339.100000000,REPLAN_REQUESTED,"{""message"": ""Replanning request. curr_vertex_idx: 21"", ""wall_time_utc"": ""2026-09-06T19:36:00.635034+00:00""}"
345.200000000,LOCAL_REPLAN,"{""message"": ""Call local replanning..."", ""wall_time_utc"": ""2026-09-06T19:36:06.801128+00:00""}"
345.200000000,REPLAN_REQUESTED,"{""message"": ""Replanning request. curr_vertex_idx: 21"", ""wall_time_utc"": ""2026-09-06T19:36:06.803064+00:00""}"
351.100000000,LOCAL_REPLAN,"{""message"": ""Call local replanning..."", ""wall_time_utc"": ""2026-09-06T19:36:12.638975+00:00""}"
351.100000000,REPLAN_REQUESTED,"{""message"": ""Replanning request. curr_vertex_idx: 21"", ""wall_time_utc"": ""2026-09-06T19:36:12.641200+00:00""}"
357.300000000,LOCAL_REPLAN,"{""message"": ""Call local replanning..."", ""wall_time_utc"": ""2026-09-06T19:36:18.851153+00:00""}"
357.300000000,REPLAN_REQUESTED,"{""message"": ""Replanning request. curr_vertex_idx: 21"", ""wall_time_utc"": ""2026-09-06T19:36:18.853639+00:00""}"
363.100000000,LOCAL_REPLAN,"{""message"": ""Call local replanning..."", ""wall_time_utc"": ""2026-09-06T19:36:24.698471+00:00""}"
363.100000000,REPLAN_REQUESTED,"{""message"": ""Replanning request. curr_vertex_idx: 21"", ""wall_time_utc"": ""2026-09-06T19:36:24.701245+00:00""}"
369.200000000,LOCAL_REPLAN,"{""message"": ""Call local replanning..."", ""wall_time_utc"": ""2026-09-06T19:36:30.806285+00:00""}"
369.200000000,REPLAN_REQUESTED,"{""message"": ""Replanning request. curr_vertex_idx: 21"", ""wall_time_utc"": ""2026-09-06T19:36:30.808462+00:00""}"
375.200000000,LOCAL_REPLAN,"{""message"": ""Call local replanning..."", ""wall_time_utc"": ""2026-09-06T19:36:36.735703+00:00""}"
375.200000000,REPLAN_REQUESTED,"{""message"": ""Replanning request. curr_vertex_idx: 21"", ""wall_time_utc"": ""2026-09-06T19:36:36.737834+00:00""}"
377.300000000,KARTO_LOOP_CONSTRAINT,"{""message"": ""Add one Loop closure. 2 loops have been added."", ""wall_time_utc"": ""2026-09-06T19:36:38.848972+00:00""}"
377.300000000,KARTO_LOOP_ACCEPTED,"{""chain_end"": 60, ""chain_start"": 53, ""current_scan"": 288, ""loop_count"": 2, ""received_ros_time"": 377.3, ""received_wall_time_utc"": ""2026-09-06T19:36:38.849131+00:00"", ""seq"": 2, ""stamp"": 377.3, ""wall_time_utc"": ""2026-09-06T19:36:38.849147+00:00""}"
381.100000000,LOCAL_REPLAN,"{""message"": ""Call local replanning..."", ""wall_time_utc"": ""2026-09-06T19:36:42.638343+00:00""}"
381.100000000,REPLAN_REQUESTED,"{""message"": ""Replanning request. curr_vertex_idx: 21"", ""wall_time_utc"": ""2026-09-06T19:36:42.640631+00:00""}"
387.200000000,LOCAL_REPLAN,"{""message"": ""Call local replanning..."", ""wall_time_utc"": ""2026-09-06T19:36:48.745030+00:00""}"
387.200000000,REPLAN_REQUESTED,"{""message"": ""Replanning request. curr_vertex_idx: 21"", ""wall_time_utc"": ""2026-09-06T19:36:48.747218+00:00""}"
393.100000000,LOCAL_REPLAN,"{""message"": ""Call local replanning..."", ""wall_time_utc"": ""2026-09-06T19:36:54.641787+00:00""}"
393.100000000,REPLAN_REQUESTED,"{""message"": ""Replanning request. curr_vertex_idx: 21"", ""wall_time_utc"": ""2026-09-06T19:36:54.643838+00:00""}"
399.100000000,LOCAL_REPLAN,"{""message"": ""Call local replanning..."", ""wall_time_utc"": ""2026-09-06T19:37:00.663715+00:00""}"
399.100000000,REPLAN_REQUESTED,"{""message"": ""Replanning request. curr_vertex_idx: 21"", ""wall_time_utc"": ""2026-09-06T19:37:00.665756+00:00""}"
405.200000000,LOCAL_REPLAN,"{""message"": ""Call local replanning..."", ""wall_time_utc"": ""2026-09-06T19:37:06.743813+00:00""}"
405.200000000,REPLAN_REQUESTED,"{""message"": ""Replanning request. curr_vertex_idx: 21"", ""wall_time_utc"": ""2026-09-06T19:37:06.745701+00:00""}"
411.100000000,LOCAL_REPLAN,"{""message"": ""Call local replanning..."", ""wall_time_utc"": ""2026-09-06T19:37:12.700786+00:00""}"
411.100000000,REPLAN_REQUESTED,"{""message"": ""Replanning request. curr_vertex_idx: 21"", ""wall_time_utc"": ""2026-09-06T19:37:12.702699+00:00""}"
415.200000000,LOCAL_REPLAN,"{""message"": ""Call local replanning..."", ""wall_time_utc"": ""2026-09-06T19:37:16.758965+00:00""}"
415.200000000,REPLAN_REQUESTED,"{""message"": ""Replanning request. curr_vertex_idx: 21"", ""wall_time_utc"": ""2026-09-06T19:37:16.760493+00:00""}"
421.300000000,LOCAL_REPLAN,"{""message"": ""Call local replanning..."", ""wall_time_utc"": ""2026-09-06T19:37:22.833501+00:00""}"
421.300000000,REPLAN_REQUESTED,"{""message"": ""Replanning request. curr_vertex_idx: 21"", ""wall_time_utc"": ""2026-09-06T19:37:22.835488+00:00""}"
427.100000000,LOCAL_REPLAN,"{""message"": ""Call local replanning..."", ""wall_time_utc"": ""2026-09-06T19:37:28.675338+00:00""}"
427.100000000,REPLAN_REQUESTED,"{""message"": ""Replanning request. curr_vertex_idx: 21"", ""wall_time_utc"": ""2026-09-06T19:37:28.676953+00:00""}"
433.300000000,LOCAL_REPLAN,"{""message"": ""Call local replanning..."", ""wall_time_utc"": ""2026-09-06T19:37:34.830847+00:00""}"
433.300000000,REPLAN_REQUESTED,"{""message"": ""Replanning request. curr_vertex_idx: 21"", ""wall_time_utc"": ""2026-09-06T19:37:34.832712+00:00""}"
439.200000000,LOCAL_REPLAN,"{""message"": ""Call local replanning..."", ""wall_time_utc"": ""2026-09-06T19:37:40.775060+00:00""}"
439.200000000,REPLAN_REQUESTED,"{""message"": ""Replanning request. curr_vertex_idx: 21"", ""wall_time_utc"": ""2026-09-06T19:37:40.776966+00:00""}"
445.300000000,LOCAL_REPLAN,"{""message"": ""Call local replanning..."", ""wall_time_utc"": ""2026-09-06T19:37:46.837592+00:00""}"
445.300000000,REPLAN_REQUESTED,"{""message"": ""Replanning request. curr_vertex_idx: 21"", ""wall_time_utc"": ""2026-09-06T19:37:46.839526+00:00""}"
451.200000000,LOCAL_REPLAN,"{""message"": ""Call local replanning..."", ""wall_time_utc"": ""2026-09-06T19:37:52.759615+00:00""}"
451.200000000,REPLAN_REQUESTED,"{""message"": ""Replanning request. curr_vertex_idx: 21"", ""wall_time_utc"": ""2026-09-06T19:37:52.761932+00:00""}"
457.100000000,LOCAL_REPLAN,"{""message"": ""Call local replanning..."", ""wall_time_utc"": ""2026-09-06T19:37:58.651732+00:00""}"
457.100000000,REPLAN_REQUESTED,"{""message"": ""Replanning request. curr_vertex_idx: 21"", ""wall_time_utc"": ""2026-09-06T19:37:58.653736+00:00""}"
463.200000000,LOCAL_REPLAN,"{""message"": ""Call local replanning..."", ""wall_time_utc"": ""2026-09-06T19:38:04.765142+00:00""}"
463.200000000,REPLAN_REQUESTED,"{""message"": ""Replanning request. curr_vertex_idx: 21"", ""wall_time_utc"": ""2026-09-06T19:38:04.767327+00:00""}"
469.200000000,LOCAL_REPLAN,"{""message"": ""Call local replanning..."", ""wall_time_utc"": ""2026-09-06T19:38:10.761509+00:00""}"
469.200000000,REPLAN_REQUESTED,"{""message"": ""Replanning request. curr_vertex_idx: 21"", ""wall_time_utc"": ""2026-09-06T19:38:10.763160+00:00""}"
475.100000000,LOCAL_REPLAN,"{""message"": ""Call local replanning..."", ""wall_time_utc"": ""2026-09-06T19:38:16.640666+00:00""}"
475.100000000,REPLAN_REQUESTED,"{""message"": ""Replanning request. curr_vertex_idx: 21"", ""wall_time_utc"": ""2026-09-06T19:38:16.642552+00:00""}"
481.100000000,LOCAL_REPLAN,"{""message"": ""Call local replanning..."", ""wall_time_utc"": ""2026-09-06T19:38:22.659410+00:00""}"
481.100000000,REPLAN_REQUESTED,"{""message"": ""Replanning request. curr_vertex_idx: 21"", ""wall_time_utc"": ""2026-09-06T19:38:22.661414+00:00""}"
487.200000000,LOCAL_REPLAN,"{""message"": ""Call local replanning..."", ""wall_time_utc"": ""2026-09-06T19:38:28.751805+00:00""}"
487.200000000,REPLAN_REQUESTED,"{""message"": ""Replanning request. curr_vertex_idx: 21"", ""wall_time_utc"": ""2026-09-06T19:38:28.754085+00:00""}"
488.700000000,KARTO_LOOP_CONSTRAINT,"{""message"": ""Add one Loop closure. 3 loops have been added."", ""wall_time_utc"": ""2026-09-06T19:38:30.263799+00:00""}"
488.700000000,KARTO_LOOP_ACCEPTED,"{""chain_end"": 163, ""chain_start"": 160, ""current_scan"": 367, ""loop_count"": 3, ""received_ros_time"": 488.7, ""received_wall_time_utc"": ""2026-09-06T19:38:30.263924+00:00"", ""seq"": 3, ""stamp"": 488.7, ""wall_time_utc"": ""2026-09-06T19:38:30.263954+00:00""}"
493.200000000,LOCAL_REPLAN,"{""message"": ""Call local replanning..."", ""wall_time_utc"": ""2026-09-06T19:38:34.779887+00:00""}"
493.200000000,REPLAN_REQUESTED,"{""message"": ""Replanning request. curr_vertex_idx: 21"", ""wall_time_utc"": ""2026-09-06T19:38:34.781953+00:00""}"
499.200000000,LOCAL_REPLAN,"{""message"": ""Call local replanning..."", ""wall_time_utc"": ""2026-09-06T19:38:40.763200+00:00""}"
499.200000000,REPLAN_REQUESTED,"{""message"": ""Replanning request. curr_vertex_idx: 21"", ""wall_time_utc"": ""2026-09-06T19:38:40.765008+00:00""}"
505.100000000,LOCAL_REPLAN,"{""message"": ""Call local replanning..."", ""wall_time_utc"": ""2026-09-06T19:38:46.651304+00:00""}"
505.100000000,REPLAN_REQUESTED,"{""message"": ""Replanning request. curr_vertex_idx: 21"", ""wall_time_utc"": ""2026-09-06T19:38:46.653055+00:00""}"
511.200000000,LOCAL_REPLAN,"{""message"": ""Call local replanning..."", ""wall_time_utc"": ""2026-09-06T19:38:52.720154+00:00""}"
511.200000000,REPLAN_REQUESTED,"{""message"": ""Replanning request. curr_vertex_idx: 21"", ""wall_time_utc"": ""2026-09-06T19:38:52.722004+00:00""}"
514.300000000,LOCAL_REPLAN,"{""message"": ""Call local replanning..."", ""wall_time_utc"": ""2026-09-06T19:38:55.906483+00:00""}"
514.300000000,REPLAN_REQUESTED,"{""message"": ""Replanning request. curr_vertex_idx: 21"", ""wall_time_utc"": ""2026-09-06T19:38:55.908583+00:00""}"
520.200000000,LOCAL_REPLAN,"{""message"": ""Call local replanning..."", ""wall_time_utc"": ""2026-09-06T19:39:01.721314+00:00""}"
520.200000000,REPLAN_REQUESTED,"{""message"": ""Replanning request. curr_vertex_idx: 21"", ""wall_time_utc"": ""2026-09-06T19:39:01.723704+00:00""}"
526.200000000,LOCAL_REPLAN,"{""message"": ""Call local replanning..."", ""wall_time_utc"": ""2026-09-06T19:39:07.718738+00:00""}"
526.200000000,REPLAN_REQUESTED,"{""message"": ""Replanning request. curr_vertex_idx: 21"", ""wall_time_utc"": ""2026-09-06T19:39:07.720656+00:00""}"
532.300000000,LOCAL_REPLAN,"{""message"": ""Call local replanning..."", ""wall_time_utc"": ""2026-09-06T19:39:13.846657+00:00""}"
532.300000000,REPLAN_REQUESTED,"{""message"": ""Replanning request. curr_vertex_idx: 21"", ""wall_time_utc"": ""2026-09-06T19:39:13.848341+00:00""}"
538.100000000,LOCAL_REPLAN,"{""message"": ""Call local replanning..."", ""wall_time_utc"": ""2026-09-06T19:39:19.639703+00:00""}"
538.100000000,REPLAN_REQUESTED,"{""message"": ""Replanning request. curr_vertex_idx: 21"", ""wall_time_utc"": ""2026-09-06T19:39:19.641740+00:00""}"
544.200000000,LOCAL_REPLAN,"{""message"": ""Call local replanning..."", ""wall_time_utc"": ""2026-09-06T19:39:25.731096+00:00""}"
544.200000000,REPLAN_REQUESTED,"{""message"": ""Replanning request. curr_vertex_idx: 21"", ""wall_time_utc"": ""2026-09-06T19:39:25.732683+00:00""}"
550.100000000,LOCAL_REPLAN,"{""message"": ""Call local replanning..."", ""wall_time_utc"": ""2026-09-06T19:39:31.641730+00:00""}"
550.100000000,REPLAN_REQUESTED,"{""message"": ""Replanning request. curr_vertex_idx: 21"", ""wall_time_utc"": ""2026-09-06T19:39:31.643988+00:00""}"
556.200000000,LOCAL_REPLAN,"{""message"": ""Call local replanning..."", ""wall_time_utc"": ""2026-09-06T19:39:37.804613+00:00""}"
556.200000000,REPLAN_REQUESTED,"{""message"": ""Replanning request. curr_vertex_idx: 21"", ""wall_time_utc"": ""2026-09-06T19:39:37.806563+00:00""}"
562.100000000,LOCAL_REPLAN,"{""message"": ""Call local replanning..."", ""wall_time_utc"": ""2026-09-06T19:39:43.655414+00:00""}"
562.100000000,REPLAN_REQUESTED,"{""message"": ""Replanning request. curr_vertex_idx: 21"", ""wall_time_utc"": ""2026-09-06T19:39:43.657220+00:00""}"
567.700000000,KARTO_LOOP_CONSTRAINT,"{""message"": ""Add one Loop closure. 4 loops have been added."", ""wall_time_utc"": ""2026-09-06T19:39:49.272021+00:00""}"
567.700000000,KARTO_LOOP_ACCEPTED,"{""chain_end"": 284, ""chain_start"": 276, ""current_scan"": 422, ""loop_count"": 4, ""received_ros_time"": 567.7, ""received_wall_time_utc"": ""2026-09-06T19:39:49.272276+00:00"", ""seq"": 4, ""stamp"": 567.7, ""wall_time_utc"": ""2026-09-06T19:39:49.272292+00:00""}"
568.200000000,LOCAL_REPLAN,"{""message"": ""Call local replanning..."", ""wall_time_utc"": ""2026-09-06T19:39:49.713539+00:00""}"
568.200000000,REPLAN_REQUESTED,"{""message"": ""Replanning request. curr_vertex_idx: 21"", ""wall_time_utc"": ""2026-09-06T19:39:49.715218+00:00""}"
574.200000000,LOCAL_REPLAN,"{""message"": ""Call local replanning..."", ""wall_time_utc"": ""2026-09-06T19:39:55.748556+00:00""}"
574.200000000,REPLAN_REQUESTED,"{""message"": ""Replanning request. curr_vertex_idx: 21"", ""wall_time_utc"": ""2026-09-06T19:39:55.750469+00:00""}"
580.200000000,LOCAL_REPLAN,"{""message"": ""Call local replanning..."", ""wall_time_utc"": ""2026-09-06T19:40:01.777100+00:00""}"
580.200000000,REPLAN_REQUESTED,"{""message"": ""Replanning request. curr_vertex_idx: 21"", ""wall_time_utc"": ""2026-09-06T19:40:01.779042+00:00""}"
586.100000000,LOCAL_REPLAN,"{""message"": ""Call local replanning..."", ""wall_time_utc"": ""2026-09-06T19:40:07.644227+00:00""}"
586.100000000,REPLAN_REQUESTED,"{""message"": ""Replanning request. curr_vertex_idx: 21"", ""wall_time_utc"": ""2026-09-06T19:40:07.646314+00:00""}"
592.200000000,LOCAL_REPLAN,"{""message"": ""Call local replanning..."", ""wall_time_utc"": ""2026-09-06T19:40:13.776841+00:00""}"
592.200000000,REPLAN_REQUESTED,"{""message"": ""Replanning request. curr_vertex_idx: 21"", ""wall_time_utc"": ""2026-09-06T19:40:13.778777+00:00""}"
598.200000000,LOCAL_REPLAN,"{""message"": ""Call local replanning..."", ""wall_time_utc"": ""2026-09-06T19:40:19.740019+00:00""}"
598.200000000,REPLAN_REQUESTED,"{""message"": ""Replanning request. curr_vertex_idx: 21"", ""wall_time_utc"": ""2026-09-06T19:40:19.742178+00:00""}"
604.200000000,LOCAL_REPLAN,"{""message"": ""Call local replanning..."", ""wall_time_utc"": ""2026-09-06T19:40:25.765277+00:00""}"
604.200000000,REPLAN_REQUESTED,"{""message"": ""Replanning request. curr_vertex_idx: 21"", ""wall_time_utc"": ""2026-09-06T19:40:25.767398+00:00""}"
610.300000000,LOCAL_REPLAN,"{""message"": ""Call local replanning..."", ""wall_time_utc"": ""2026-09-06T19:40:31.839386+00:00""}"
610.300000000,REPLAN_REQUESTED,"{""message"": ""Replanning request. curr_vertex_idx: 21"", ""wall_time_utc"": ""2026-09-06T19:40:31.841461+00:00""}"
616.100000000,LOCAL_REPLAN,"{""message"": ""Call local replanning..."", ""wall_time_utc"": ""2026-09-06T19:40:37.688918+00:00""}"
616.100000000,REPLAN_REQUESTED,"{""message"": ""Replanning request. curr_vertex_idx: 21"", ""wall_time_utc"": ""2026-09-06T19:40:37.690755+00:00""}"
622.200000000,LOCAL_REPLAN,"{""message"": ""Call local replanning..."", ""wall_time_utc"": ""2026-09-06T19:40:43.751142+00:00""}"
622.200000000,REPLAN_REQUESTED,"{""message"": ""Replanning request. curr_vertex_idx: 21"", ""wall_time_utc"": ""2026-09-06T19:40:43.753002+00:00""}"
628.000000000,LOCAL_REPLAN,"{""message"": ""Call local replanning..."", ""wall_time_utc"": ""2026-09-06T19:40:49.543290+00:00""}"
628.000000000,REPLAN_REQUESTED,"{""message"": ""Replanning request. curr_vertex_idx: 21"", ""wall_time_utc"": ""2026-09-06T19:40:49.545121+00:00""}"
634.100000000,LOCAL_REPLAN,"{""message"": ""Call local replanning..."", ""wall_time_utc"": ""2026-09-06T19:40:55.650205+00:00""}"
634.100000000,REPLAN_REQUESTED,"{""message"": ""Replanning request. curr_vertex_idx: 21"", ""wall_time_utc"": ""2026-09-06T19:40:55.651805+00:00""}"
640.100000000,LOCAL_REPLAN,"{""message"": ""Call local replanning..."", ""wall_time_utc"": ""2026-09-06T19:41:01.652672+00:00""}"
640.100000000,REPLAN_REQUESTED,"{""message"": ""Replanning request. curr_vertex_idx: 21"", ""wall_time_utc"": ""2026-09-06T19:41:01.654620+00:00""}"
646.400000000,LOCAL_REPLAN,"{""message"": ""Call local replanning..."", ""wall_time_utc"": ""2026-09-06T19:41:07.966880+00:00""}"
646.400000000,REPLAN_REQUESTED,"{""message"": ""Replanning request. curr_vertex_idx: 21"", ""wall_time_utc"": ""2026-09-06T19:41:07.969514+00:00""}"
652.200000000,LOCAL_REPLAN,"{""message"": ""Call local replanning..."", ""wall_time_utc"": ""2026-09-06T19:41:13.746631+00:00""}"
652.200000000,REPLAN_REQUESTED,"{""message"": ""Replanning request. curr_vertex_idx: 21"", ""wall_time_utc"": ""2026-09-06T19:41:13.748738+00:00""}"
658.100000000,LOCAL_REPLAN,"{""message"": ""Call local replanning..."", ""wall_time_utc"": ""2026-09-06T19:41:19.655465+00:00""}"
658.100000000,REPLAN_REQUESTED,"{""message"": ""Replanning request. curr_vertex_idx: 21"", ""wall_time_utc"": ""2026-09-06T19:41:19.657435+00:00""}"
664.300000000,LOCAL_REPLAN,"{""message"": ""Call local replanning..."", ""wall_time_utc"": ""2026-09-06T19:41:25.891377+00:00""}"
664.300000000,REPLAN_REQUESTED,"{""message"": ""Replanning request. curr_vertex_idx: 21"", ""wall_time_utc"": ""2026-09-06T19:41:25.893430+00:00""}"
670.200000000,LOCAL_REPLAN,"{""message"": ""Call local replanning..."", ""wall_time_utc"": ""2026-09-06T19:41:31.783025+00:00""}"
670.200000000,REPLAN_REQUESTED,"{""message"": ""Replanning request. curr_vertex_idx: 21"", ""wall_time_utc"": ""2026-09-06T19:41:31.785342+00:00""}"
676.200000000,LOCAL_REPLAN,"{""message"": ""Call local replanning..."", ""wall_time_utc"": ""2026-09-06T19:41:37.752709+00:00""}"
676.200000000,REPLAN_REQUESTED,"{""message"": ""Replanning request. curr_vertex_idx: 21"", ""wall_time_utc"": ""2026-09-06T19:41:37.754994+00:00""}"
682.200000000,LOCAL_REPLAN,"{""message"": ""Call local replanning..."", ""wall_time_utc"": ""2026-09-06T19:41:43.763582+00:00""}"
682.200000000,REPLAN_REQUESTED,"{""message"": ""Replanning request. curr_vertex_idx: 21"", ""wall_time_utc"": ""2026-09-06T19:41:43.765801+00:00""}"
688.400000000,LOCAL_REPLAN,"{""message"": ""Call local replanning..."", ""wall_time_utc"": ""2026-09-06T19:41:49.995455+00:00""}"
688.400000000,REPLAN_REQUESTED,"{""message"": ""Replanning request. curr_vertex_idx: 21"", ""wall_time_utc"": ""2026-09-06T19:41:49.997776+00:00""}"
694.200000000,LOCAL_REPLAN,"{""message"": ""Call local replanning..."", ""wall_time_utc"": ""2026-09-06T19:41:55.788677+00:00""}"
694.200000000,REPLAN_REQUESTED,"{""message"": ""Replanning request. curr_vertex_idx: 21"", ""wall_time_utc"": ""2026-09-06T19:41:55.790732+00:00""}"
698.800000000,KARTO_LOOP_ACCEPTED,"{""chain_end"": 217, ""chain_start"": 214, ""current_scan"": 514, ""loop_count"": 5, ""received_ros_time"": 698.8, ""received_wall_time_utc"": ""2026-09-06T19:42:00.333189+00:00"", ""seq"": 5, ""stamp"": 698.8, ""wall_time_utc"": ""2026-09-06T19:42:00.333216+00:00""}"
698.800000000,KARTO_LOOP_CONSTRAINT,"{""message"": ""Add one Loop closure. 5 loops have been added."", ""wall_time_utc"": ""2026-09-06T19:42:00.333453+00:00""}"
700.300000000,LOCAL_REPLAN,"{""message"": ""Call local replanning..."", ""wall_time_utc"": ""2026-09-06T19:42:01.863826+00:00""}"
700.300000000,REPLAN_REQUESTED,"{""message"": ""Replanning request. curr_vertex_idx: 21"", ""wall_time_utc"": ""2026-09-06T19:42:01.865820+00:00""}"
706.200000000,LOCAL_REPLAN,"{""message"": ""Call local replanning..."", ""wall_time_utc"": ""2026-09-06T19:42:07.781628+00:00""}"
706.200000000,REPLAN_REQUESTED,"{""message"": ""Replanning request. curr_vertex_idx: 21"", ""wall_time_utc"": ""2026-09-06T19:42:07.783717+00:00""}"
712.200000000,LOCAL_REPLAN,"{""message"": ""Call local replanning..."", ""wall_time_utc"": ""2026-09-06T19:42:13.790842+00:00""}"
712.200000000,REPLAN_REQUESTED,"{""message"": ""Replanning request. curr_vertex_idx: 21"", ""wall_time_utc"": ""2026-09-06T19:42:13.792848+00:00""}"
718.100000000,LOCAL_REPLAN,"{""message"": ""Call local replanning..."", ""wall_time_utc"": ""2026-09-06T19:42:19.656161+00:00""}"
718.100000000,REPLAN_REQUESTED,"{""message"": ""Replanning request. curr_vertex_idx: 21"", ""wall_time_utc"": ""2026-09-06T19:42:19.658294+00:00""}"
724.300000000,LOCAL_REPLAN,"{""message"": ""Call local replanning..."", ""wall_time_utc"": ""2026-09-06T19:42:25.902583+00:00""}"
724.300000000,REPLAN_REQUESTED,"{""message"": ""Replanning request. curr_vertex_idx: 21"", ""wall_time_utc"": ""2026-09-06T19:42:25.904673+00:00""}"
730.200000000,LOCAL_REPLAN,"{""message"": ""Call local replanning..."", ""wall_time_utc"": ""2026-09-06T19:42:31.789103+00:00""}"
730.200000000,REPLAN_REQUESTED,"{""message"": ""Replanning request. curr_vertex_idx: 21"", ""wall_time_utc"": ""2026-09-06T19:42:31.790748+00:00""}"
736.200000000,LOCAL_REPLAN,"{""message"": ""Call local replanning..."", ""wall_time_utc"": ""2026-09-06T19:42:37.791024+00:00""}"
736.200000000,REPLAN_REQUESTED,"{""message"": ""Replanning request. curr_vertex_idx: 21"", ""wall_time_utc"": ""2026-09-06T19:42:37.793218+00:00""}"
742.100000000,LOCAL_REPLAN,"{""message"": ""Call local replanning..."", ""wall_time_utc"": ""2026-09-06T19:42:43.675448+00:00""}"
742.100000000,REPLAN_REQUESTED,"{""message"": ""Replanning request. curr_vertex_idx: 21"", ""wall_time_utc"": ""2026-09-06T19:42:43.677505+00:00""}"
748.200000000,LOCAL_REPLAN,"{""message"": ""Call local replanning..."", ""wall_time_utc"": ""2026-09-06T19:42:49.795753+00:00""}"
748.200000000,REPLAN_REQUESTED,"{""message"": ""Replanning request. curr_vertex_idx: 21"", ""wall_time_utc"": ""2026-09-06T19:42:49.797759+00:00""}"
754.200000000,LOCAL_REPLAN,"{""message"": ""Call local replanning..."", ""wall_time_utc"": ""2026-09-06T19:42:55.803827+00:00""}"
754.200000000,REPLAN_REQUESTED,"{""message"": ""Replanning request. curr_vertex_idx: 21"", ""wall_time_utc"": ""2026-09-06T19:42:55.806059+00:00""}"
760.100000000,LOCAL_REPLAN,"{""message"": ""Call local replanning..."", ""wall_time_utc"": ""2026-09-06T19:43:01.673773+00:00""}"
760.100000000,REPLAN_REQUESTED,"{""message"": ""Replanning request. curr_vertex_idx: 21"", ""wall_time_utc"": ""2026-09-06T19:43:01.675841+00:00""}"
766.300000000,LOCAL_REPLAN,"{""message"": ""Call local replanning..."", ""wall_time_utc"": ""2026-09-06T19:43:07.877132+00:00""}"
766.300000000,REPLAN_REQUESTED,"{""message"": ""Replanning request. curr_vertex_idx: 21"", ""wall_time_utc"": ""2026-09-06T19:43:07.879283+00:00""}"
772.100000000,LOCAL_REPLAN,"{""message"": ""Call local replanning..."", ""wall_time_utc"": ""2026-09-06T19:43:13.642363+00:00""}"
772.100000000,REPLAN_REQUESTED,"{""message"": ""Replanning request. curr_vertex_idx: 21"", ""wall_time_utc"": ""2026-09-06T19:43:13.644499+00:00""}"
775.500000000,LOCAL_REPLAN,"{""message"": ""Call local replanning..."", ""wall_time_utc"": ""2026-09-06T19:43:17.018107+00:00""}"
775.500000000,REPLAN_REQUESTED,"{""message"": ""Replanning request. curr_vertex_idx: 21"", ""wall_time_utc"": ""2026-09-06T19:43:17.020559+00:00""}"
781.300000000,LOCAL_REPLAN,"{""message"": ""Call local replanning..."", ""wall_time_utc"": ""2026-09-06T19:43:22.823944+00:00""}"
781.300000000,REPLAN_REQUESTED,"{""message"": ""Replanning request. curr_vertex_idx: 21"", ""wall_time_utc"": ""2026-09-06T19:43:22.825772+00:00""}"
787.100000000,LOCAL_REPLAN,"{""message"": ""Call local replanning..."", ""wall_time_utc"": ""2026-09-06T19:43:28.664410+00:00""}"
787.100000000,REPLAN_REQUESTED,"{""message"": ""Replanning request. curr_vertex_idx: 21"", ""wall_time_utc"": ""2026-09-06T19:43:28.666855+00:00""}"
793.300000000,LOCAL_REPLAN,"{""message"": ""Call local replanning..."", ""wall_time_utc"": ""2026-09-06T19:43:34.823221+00:00""}"
793.300000000,REPLAN_REQUESTED,"{""message"": ""Replanning request. curr_vertex_idx: 21"", ""wall_time_utc"": ""2026-09-06T19:43:34.825063+00:00""}"
799.200000000,LOCAL_REPLAN,"{""message"": ""Call local replanning..."", ""wall_time_utc"": ""2026-09-06T19:43:40.806931+00:00""}"
799.200000000,REPLAN_REQUESTED,"{""message"": ""Replanning request. curr_vertex_idx: 21"", ""wall_time_utc"": ""2026-09-06T19:43:40.808754+00:00""}"
805.300000000,LOCAL_REPLAN,"{""message"": ""Call local replanning..."", ""wall_time_utc"": ""2026-09-06T19:43:46.819975+00:00""}"
805.300000000,REPLAN_REQUESTED,"{""message"": ""Replanning request. curr_vertex_idx: 21"", ""wall_time_utc"": ""2026-09-06T19:43:46.821653+00:00""}"
811.400000000,LOCAL_REPLAN,"{""message"": ""Call local replanning..."", ""wall_time_utc"": ""2026-09-06T19:43:52.919827+00:00""}"
811.400000000,REPLAN_REQUESTED,"{""message"": ""Replanning request. curr_vertex_idx: 21"", ""wall_time_utc"": ""2026-09-06T19:43:52.921789+00:00""}"
817.400000000,LOCAL_REPLAN,"{""message"": ""Call local replanning..."", ""wall_time_utc"": ""2026-09-06T19:43:59.005896+00:00""}"
817.400000000,REPLAN_REQUESTED,"{""message"": ""Replanning request. curr_vertex_idx: 21"", ""wall_time_utc"": ""2026-09-06T19:43:59.007773+00:00""}"
823.300000000,LOCAL_REPLAN,"{""message"": ""Call local replanning..."", ""wall_time_utc"": ""2026-09-06T19:44:04.897896+00:00""}"
823.300000000,REPLAN_REQUESTED,"{""message"": ""Replanning request. curr_vertex_idx: 21"", ""wall_time_utc"": ""2026-09-06T19:44:04.900025+00:00""}"
829.200000000,LOCAL_REPLAN,"{""message"": ""Call local replanning..."", ""wall_time_utc"": ""2026-09-06T19:44:10.803275+00:00""}"
829.200000000,REPLAN_REQUESTED,"{""message"": ""Replanning request. curr_vertex_idx: 21"", ""wall_time_utc"": ""2026-09-06T19:44:10.805495+00:00""}"
835.200000000,LOCAL_REPLAN,"{""message"": ""Call local replanning..."", ""wall_time_utc"": ""2026-09-06T19:44:16.733755+00:00""}"
835.200000000,REPLAN_REQUESTED,"{""message"": ""Replanning request. curr_vertex_idx: 21"", ""wall_time_utc"": ""2026-09-06T19:44:16.736125+00:00""}"
841.100000000,LOCAL_REPLAN,"{""message"": ""Call local replanning..."", ""wall_time_utc"": ""2026-09-06T19:44:22.684241+00:00""}"
841.100000000,REPLAN_REQUESTED,"{""message"": ""Replanning request. curr_vertex_idx: 21"", ""wall_time_utc"": ""2026-09-06T19:44:22.686281+00:00""}"
847.100000000,LOCAL_REPLAN,"{""message"": ""Call local replanning..."", ""wall_time_utc"": ""2026-09-06T19:44:28.669063+00:00""}"
847.100000000,REPLAN_REQUESTED,"{""message"": ""Replanning request. curr_vertex_idx: 21"", ""wall_time_utc"": ""2026-09-06T19:44:28.671088+00:00""}"
853.100000000,LOCAL_REPLAN,"{""message"": ""Call local replanning..."", ""wall_time_utc"": ""2026-09-06T19:44:34.671169+00:00""}"
853.100000000,REPLAN_REQUESTED,"{""message"": ""Replanning request. curr_vertex_idx: 21"", ""wall_time_utc"": ""2026-09-06T19:44:34.673032+00:00""}"
859.100000000,LOCAL_REPLAN,"{""message"": ""Call local replanning..."", ""wall_time_utc"": ""2026-09-06T19:44:40.703854+00:00""}"
859.100000000,REPLAN_REQUESTED,"{""message"": ""Replanning request. curr_vertex_idx: 21"", ""wall_time_utc"": ""2026-09-06T19:44:40.706039+00:00""}"
865.200000000,LOCAL_REPLAN,"{""message"": ""Call local replanning..."", ""wall_time_utc"": ""2026-09-06T19:44:46.798061+00:00""}"
865.200000000,REPLAN_REQUESTED,"{""message"": ""Replanning request. curr_vertex_idx: 21"", ""wall_time_utc"": ""2026-09-06T19:44:46.799821+00:00""}"
871.300000000,LOCAL_REPLAN,"{""message"": ""Call local replanning..."", ""wall_time_utc"": ""2026-09-06T19:44:52.823325+00:00""}"
871.300000000,REPLAN_REQUESTED,"{""message"": ""Replanning request. curr_vertex_idx: 21"", ""wall_time_utc"": ""2026-09-06T19:44:52.825328+00:00""}"
877.200000000,LOCAL_REPLAN,"{""message"": ""Call local replanning..."", ""wall_time_utc"": ""2026-09-06T19:44:58.793102+00:00""}"
877.200000000,REPLAN_REQUESTED,"{""message"": ""Replanning request. curr_vertex_idx: 21"", ""wall_time_utc"": ""2026-09-06T19:44:58.795177+00:00""}"
883.200000000,LOCAL_REPLAN,"{""message"": ""Call local replanning..."", ""wall_time_utc"": ""2026-09-06T19:45:04.810299+00:00""}"
883.300000000,REPLAN_REQUESTED,"{""message"": ""Replanning request. curr_vertex_idx: 21"", ""wall_time_utc"": ""2026-09-06T19:45:04.812469+00:00""}"
889.100000000,LOCAL_REPLAN,"{""message"": ""Call local replanning..."", ""wall_time_utc"": ""2026-09-06T19:45:10.675381+00:00""}"
889.100000000,REPLAN_REQUESTED,"{""message"": ""Replanning request. curr_vertex_idx: 21"", ""wall_time_utc"": ""2026-09-06T19:45:10.677326+00:00""}"
895.200000000,LOCAL_REPLAN,"{""message"": ""Call local replanning..."", ""wall_time_utc"": ""2026-09-06T19:45:16.735222+00:00""}"
895.200000000,REPLAN_REQUESTED,"{""message"": ""Replanning request. curr_vertex_idx: 21"", ""wall_time_utc"": ""2026-09-06T19:45:16.737543+00:00""}"
901.100000000,LOCAL_REPLAN,"{""message"": ""Call local replanning..."", ""wall_time_utc"": ""2026-09-06T19:45:22.735304+00:00""}"
901.100000000,REPLAN_REQUESTED,"{""message"": ""Replanning request. curr_vertex_idx: 21"", ""wall_time_utc"": ""2026-09-06T19:45:22.737393+00:00""}"
907.200000000,LOCAL_REPLAN,"{""message"": ""Call local replanning..."", ""wall_time_utc"": ""2026-09-06T19:45:28.868936+00:00""}"
907.200000000,REPLAN_REQUESTED,"{""message"": ""Replanning request. curr_vertex_idx: 21"", ""wall_time_utc"": ""2026-09-06T19:45:28.870910+00:00""}"
913.200000000,LOCAL_REPLAN,"{""message"": ""Call local replanning..."", ""wall_time_utc"": ""2026-09-06T19:45:34.871087+00:00""}"
913.200000000,REPLAN_REQUESTED,"{""message"": ""Replanning request. curr_vertex_idx: 21"", ""wall_time_utc"": ""2026-09-06T19:45:34.872892+00:00""}"
919.400000000,LOCAL_REPLAN,"{""message"": ""Call local replanning..."", ""wall_time_utc"": ""2026-09-06T19:45:41.016090+00:00""}"
919.400000000,REPLAN_REQUESTED,"{""message"": ""Replanning request. curr_vertex_idx: 21"", ""wall_time_utc"": ""2026-09-06T19:45:41.017964+00:00""}"
925.200000000,LOCAL_REPLAN,"{""message"": ""Call local replanning..."", ""wall_time_utc"": ""2026-09-06T19:45:46.873965+00:00""}"
925.200000000,REPLAN_REQUESTED,"{""message"": ""Replanning request. curr_vertex_idx: 21"", ""wall_time_utc"": ""2026-09-06T19:45:46.875846+00:00""}"
931.300000000,LOCAL_REPLAN,"{""message"": ""Call local replanning..."", ""wall_time_utc"": ""2026-09-06T19:45:52.883045+00:00""}"
931.300000000,REPLAN_REQUESTED,"{""message"": ""Replanning request. curr_vertex_idx: 21"", ""wall_time_utc"": ""2026-09-06T19:45:52.885097+00:00""}"
937.100000000,LOCAL_REPLAN,"{""message"": ""Call local replanning..."", ""wall_time_utc"": ""2026-09-06T19:45:58.732022+00:00""}"
937.100000000,REPLAN_REQUESTED,"{""message"": ""Replanning request. curr_vertex_idx: 21"", ""wall_time_utc"": ""2026-09-06T19:45:58.733797+00:00""}"
941.400000000,LOCAL_REPLAN,"{""message"": ""Call local replanning..."", ""wall_time_utc"": ""2026-09-06T19:46:03.016536+00:00""}"
941.400000000,REPLAN_REQUESTED,"{""message"": ""Replanning request. curr_vertex_idx: 21"", ""wall_time_utc"": ""2026-09-06T19:46:03.018380+00:00""}"
947.400000000,LOCAL_REPLAN,"{""message"": ""Call local replanning..."", ""wall_time_utc"": ""2026-09-06T19:46:09.015752+00:00""}"
947.400000000,REPLAN_REQUESTED,"{""message"": ""Replanning request. curr_vertex_idx: 21"", ""wall_time_utc"": ""2026-09-06T19:46:09.017580+00:00""}"
953.100000000,LOCAL_REPLAN,"{""message"": ""Call local replanning..."", ""wall_time_utc"": ""2026-09-06T19:46:14.744854+00:00""}"
953.100000000,REPLAN_REQUESTED,"{""message"": ""Replanning request. curr_vertex_idx: 21"", ""wall_time_utc"": ""2026-09-06T19:46:14.746904+00:00""}"
959.300000000,LOCAL_REPLAN,"{""message"": ""Call local replanning..."", ""wall_time_utc"": ""2026-09-06T19:46:20.890421+00:00""}"
959.300000000,REPLAN_REQUESTED,"{""message"": ""Replanning request. curr_vertex_idx: 21"", ""wall_time_utc"": ""2026-09-06T19:46:20.892369+00:00""}"
965.300000000,LOCAL_REPLAN,"{""message"": ""Call local replanning..."", ""wall_time_utc"": ""2026-09-06T19:46:26.967918+00:00""}"
965.300000000,REPLAN_REQUESTED,"{""message"": ""Replanning request. curr_vertex_idx: 21"", ""wall_time_utc"": ""2026-09-06T19:46:26.969815+00:00""}"
971.200000000,LOCAL_REPLAN,"{""message"": ""Call local replanning..."", ""wall_time_utc"": ""2026-09-06T19:46:32.876266+00:00""}"
971.200000000,REPLAN_REQUESTED,"{""message"": ""Replanning request. curr_vertex_idx: 21"", ""wall_time_utc"": ""2026-09-06T19:46:32.878137+00:00""}"
977.400000000,LOCAL_REPLAN,"{""message"": ""Call local replanning..."", ""wall_time_utc"": ""2026-09-06T19:46:39.023068+00:00""}"
977.400000000,REPLAN_REQUESTED,"{""message"": ""Replanning request. curr_vertex_idx: 21"", ""wall_time_utc"": ""2026-09-06T19:46:39.024651+00:00""}"
983.200000000,LOCAL_REPLAN,"{""message"": ""Call local replanning..."", ""wall_time_utc"": ""2026-09-06T19:46:44.866755+00:00""}"
983.200000000,REPLAN_REQUESTED,"{""message"": ""Replanning request. curr_vertex_idx: 21"", ""wall_time_utc"": ""2026-09-06T19:46:44.868826+00:00""}"
989.100000000,LOCAL_REPLAN,"{""message"": ""Call local replanning..."", ""wall_time_utc"": ""2026-09-06T19:46:50.739829+00:00""}"
989.100000000,REPLAN_REQUESTED,"{""message"": ""Replanning request. curr_vertex_idx: 21"", ""wall_time_utc"": ""2026-09-06T19:46:50.741904+00:00""}"
995.100000000,LOCAL_REPLAN,"{""message"": ""Call local replanning..."", ""wall_time_utc"": ""2026-09-06T19:46:56.743977+00:00""}"
995.100000000,REPLAN_REQUESTED,"{""message"": ""Replanning request. curr_vertex_idx: 21"", ""wall_time_utc"": ""2026-09-06T19:46:56.751739+00:00""}"
1001.100000000,LOCAL_REPLAN,"{""message"": ""Call local replanning..."", ""wall_time_utc"": ""2026-09-06T19:47:02.738276+00:00""}"
1001.100000000,REPLAN_REQUESTED,"{""message"": ""Replanning request. curr_vertex_idx: 21"", ""wall_time_utc"": ""2026-09-06T19:47:02.740140+00:00""}"
1007.200000000,LOCAL_REPLAN,"{""message"": ""Call local replanning..."", ""wall_time_utc"": ""2026-09-06T19:47:08.782771+00:00""}"
1007.200000000,REPLAN_REQUESTED,"{""message"": ""Replanning request. curr_vertex_idx: 21"", ""wall_time_utc"": ""2026-09-06T19:47:08.784771+00:00""}"
1013.500000000,LOCAL_REPLAN,"{""message"": ""Call local replanning..."", ""wall_time_utc"": ""2026-09-06T19:47:15.167870+00:00""}"
1013.500000000,REPLAN_REQUESTED,"{""message"": ""Replanning request. curr_vertex_idx: 21"", ""wall_time_utc"": ""2026-09-06T19:47:15.169618+00:00""}"
1019.100000000,LOCAL_REPLAN,"{""message"": ""Call local replanning..."", ""wall_time_utc"": ""2026-09-06T19:47:20.757842+00:00""}"
1019.100000000,REPLAN_REQUESTED,"{""message"": ""Replanning request. curr_vertex_idx: 21"", ""wall_time_utc"": ""2026-09-06T19:47:20.759818+00:00""}"
1025.300000000,LOCAL_REPLAN,"{""message"": ""Call local replanning..."", ""wall_time_utc"": ""2026-09-06T19:47:26.906350+00:00""}"
1025.300000000,REPLAN_REQUESTED,"{""message"": ""Replanning request. curr_vertex_idx: 21"", ""wall_time_utc"": ""2026-09-06T19:47:26.908101+00:00""}"
1031.200000000,LOCAL_REPLAN,"{""message"": ""Call local replanning..."", ""wall_time_utc"": ""2026-09-06T19:47:32.786171+00:00""}"
1031.200000000,REPLAN_REQUESTED,"{""message"": ""Replanning request. curr_vertex_idx: 21"", ""wall_time_utc"": ""2026-09-06T19:47:32.787813+00:00""}"
1037.300000000,LOCAL_REPLAN,"{""message"": ""Call local replanning..."", ""wall_time_utc"": ""2026-09-06T19:47:38.917586+00:00""}"
1037.300000000,REPLAN_REQUESTED,"{""message"": ""Replanning request. curr_vertex_idx: 21"", ""wall_time_utc"": ""2026-09-06T19:47:38.919447+00:00""}"
1043.100000000,LOCAL_REPLAN,"{""message"": ""Call local replanning..."", ""wall_time_utc"": ""2026-09-06T19:47:44.755016+00:00""}"
1043.100000000,REPLAN_REQUESTED,"{""message"": ""Replanning request. curr_vertex_idx: 21"", ""wall_time_utc"": ""2026-09-06T19:47:44.756939+00:00""}"
1049.300000000,LOCAL_REPLAN,"{""message"": ""Call local replanning..."", ""wall_time_utc"": ""2026-09-06T19:47:50.967137+00:00""}"
1049.300000000,REPLAN_REQUESTED,"{""message"": ""Replanning request. curr_vertex_idx: 21"", ""wall_time_utc"": ""2026-09-06T19:47:50.969102+00:00""}"
1055.300000000,LOCAL_REPLAN,"{""message"": ""Call local replanning..."", ""wall_time_utc"": ""2026-09-06T19:47:56.953471+00:00""}"
1055.300000000,REPLAN_REQUESTED,"{""message"": ""Replanning request. curr_vertex_idx: 21"", ""wall_time_utc"": ""2026-09-06T19:47:56.955223+00:00""}"
1061.100000000,LOCAL_REPLAN,"{""message"": ""Call local replanning..."", ""wall_time_utc"": ""2026-09-06T19:48:02.760676+00:00""}"
1061.100000000,REPLAN_REQUESTED,"{""message"": ""Replanning request. curr_vertex_idx: 21"", ""wall_time_utc"": ""2026-09-06T19:48:02.762880+00:00""}"
1067.100000000,LOCAL_REPLAN,"{""message"": ""Call local replanning..."", ""wall_time_utc"": ""2026-09-06T19:48:08.756883+00:00""}"
1067.100000000,REPLAN_REQUESTED,"{""message"": ""Replanning request. curr_vertex_idx: 21"", ""wall_time_utc"": ""2026-09-06T19:48:08.758910+00:00""}"
1073.400000000,LOCAL_REPLAN,"{""message"": ""Call local replanning..."", ""wall_time_utc"": ""2026-09-06T19:48:15.071160+00:00""}"
1073.400000000,REPLAN_REQUESTED,"{""message"": ""Replanning request. curr_vertex_idx: 21"", ""wall_time_utc"": ""2026-09-06T19:48:15.072953+00:00""}"
1079.200000000,LOCAL_REPLAN,"{""message"": ""Call local replanning..."", ""wall_time_utc"": ""2026-09-06T19:48:20.860847+00:00""}"
1079.200000000,REPLAN_REQUESTED,"{""message"": ""Replanning request. curr_vertex_idx: 21"", ""wall_time_utc"": ""2026-09-06T19:48:20.862530+00:00""}"
1085.100000000,LOCAL_REPLAN,"{""message"": ""Call local replanning..."", ""wall_time_utc"": ""2026-09-06T19:48:26.756769+00:00""}"
1085.100000000,REPLAN_REQUESTED,"{""message"": ""Replanning request. curr_vertex_idx: 21"", ""wall_time_utc"": ""2026-09-06T19:48:26.758643+00:00""}"
1091.400000000,LOCAL_REPLAN,"{""message"": ""Call local replanning..."", ""wall_time_utc"": ""2026-09-06T19:48:33.046317+00:00""}"
1091.400000000,REPLAN_REQUESTED,"{""message"": ""Replanning request. curr_vertex_idx: 21"", ""wall_time_utc"": ""2026-09-06T19:48:33.048215+00:00""}"
1092.200000000,KARTO_LOOP_CONSTRAINT,"{""message"": ""Add one Loop closure. 6 loops have been added."", ""wall_time_utc"": ""2026-09-06T19:48:33.803942+00:00""}"
1092.200000000,KARTO_LOOP_ACCEPTED,"{""chain_end"": 545, ""chain_start"": 540, ""current_scan"": 811, ""loop_count"": 6, ""received_ros_time"": 1092.2, ""received_wall_time_utc"": ""2026-09-06T19:48:33.804298+00:00"", ""seq"": 6, ""stamp"": 1092.2, ""wall_time_utc"": ""2026-09-06T19:48:33.804316+00:00""}"
1097.200000000,LOCAL_REPLAN,"{""message"": ""Call local replanning..."", ""wall_time_utc"": ""2026-09-06T19:48:38.797536+00:00""}"
1097.200000000,REPLAN_REQUESTED,"{""message"": ""Replanning request. curr_vertex_idx: 21"", ""wall_time_utc"": ""2026-09-06T19:48:38.799167+00:00""}"
1103.400000000,LOCAL_REPLAN,"{""message"": ""Call local replanning..."", ""wall_time_utc"": ""2026-09-06T19:48:45.072938+00:00""}"
1103.400000000,REPLAN_REQUESTED,"{""message"": ""Replanning request. curr_vertex_idx: 21"", ""wall_time_utc"": ""2026-09-06T19:48:45.074960+00:00""}"
1109.600000000,LOCAL_REPLAN,"{""message"": ""Call local replanning..."", ""wall_time_utc"": ""2026-09-06T19:48:51.229516+00:00""}"
1109.600000000,REPLAN_REQUESTED,"{""message"": ""Replanning request. curr_vertex_idx: 21"", ""wall_time_utc"": ""2026-09-06T19:48:51.231454+00:00""}"
1115.100000000,LOCAL_REPLAN,"{""message"": ""Call local replanning..."", ""wall_time_utc"": ""2026-09-06T19:48:56.760465+00:00""}"
1115.100000000,REPLAN_REQUESTED,"{""message"": ""Replanning request. curr_vertex_idx: 21"", ""wall_time_utc"": ""2026-09-06T19:48:56.763225+00:00""}"
1121.500000000,LOCAL_REPLAN,"{""message"": ""Call local replanning..."", ""wall_time_utc"": ""2026-09-06T19:49:03.097662+00:00""}"
1121.500000000,REPLAN_REQUESTED,"{""message"": ""Replanning request. curr_vertex_idx: 21"", ""wall_time_utc"": ""2026-09-06T19:49:03.099226+00:00""}"
1124.300000000,LOCAL_REPLAN,"{""message"": ""Call local replanning..."", ""wall_time_utc"": ""2026-09-06T19:49:05.937042+00:00""}"
1124.300000000,REPLAN_REQUESTED,"{""message"": ""Replanning request. curr_vertex_idx: 21"", ""wall_time_utc"": ""2026-09-06T19:49:05.939083+00:00""}"
1130.300000000,LOCAL_REPLAN,"{""message"": ""Call local replanning..."", ""wall_time_utc"": ""2026-09-06T19:49:11.947975+00:00""}"
1130.300000000,REPLAN_REQUESTED,"{""message"": ""Replanning request. curr_vertex_idx: 21"", ""wall_time_utc"": ""2026-09-06T19:49:11.949564+00:00""}"
1136.300000000,LOCAL_REPLAN,"{""message"": ""Call local replanning..."", ""wall_time_utc"": ""2026-09-06T19:49:17.943025+00:00""}"
1136.300000000,REPLAN_REQUESTED,"{""message"": ""Replanning request. curr_vertex_idx: 21"", ""wall_time_utc"": ""2026-09-06T19:49:17.945072+00:00""}"
1142.300000000,LOCAL_REPLAN,"{""message"": ""Call local replanning..."", ""wall_time_utc"": ""2026-09-06T19:49:23.943053+00:00""}"
1142.300000000,REPLAN_REQUESTED,"{""message"": ""Replanning request. curr_vertex_idx: 21"", ""wall_time_utc"": ""2026-09-06T19:49:23.945106+00:00""}"
1145.500000000,LOCAL_REPLAN,"{""message"": ""Call local replanning..."", ""wall_time_utc"": ""2026-09-06T19:49:27.091684+00:00""}"
1145.500000000,REPLAN_REQUESTED,"{""message"": ""Replanning request. curr_vertex_idx: 21"", ""wall_time_utc"": ""2026-09-06T19:49:27.093584+00:00""}"
1147.500000000,LOCAL_REPLAN,"{""message"": ""Call local replanning..."", ""wall_time_utc"": ""2026-09-06T19:49:29.111840+00:00""}"
1147.500000000,REPLAN_REQUESTED,"{""message"": ""Replanning request. curr_vertex_idx: 21"", ""wall_time_utc"": ""2026-09-06T19:49:29.114006+00:00""}"
1153.400000000,LOCAL_REPLAN,"{""message"": ""Call local replanning..."", ""wall_time_utc"": ""2026-09-06T19:49:35.066053+00:00""}"
1153.400000000,REPLAN_REQUESTED,"{""message"": ""Replanning request. curr_vertex_idx: 21"", ""wall_time_utc"": ""2026-09-06T19:49:35.067955+00:00""}"
1159.300000000,LOCAL_REPLAN,"{""message"": ""Call local replanning..."", ""wall_time_utc"": ""2026-09-06T19:49:40.939759+00:00""}"
1159.300000000,REPLAN_REQUESTED,"{""message"": ""Replanning request. curr_vertex_idx: 21"", ""wall_time_utc"": ""2026-09-06T19:49:40.941841+00:00""}"
1165.600000000,LOCAL_REPLAN,"{""message"": ""Call local replanning..."", ""wall_time_utc"": ""2026-09-06T19:49:47.257838+00:00""}"
1165.600000000,REPLAN_REQUESTED,"{""message"": ""Replanning request. curr_vertex_idx: 21"", ""wall_time_utc"": ""2026-09-06T19:49:47.260013+00:00""}"
1171.300000000,LOCAL_REPLAN,"{""message"": ""Call local replanning..."", ""wall_time_utc"": ""2026-09-06T19:49:52.978041+00:00""}"
1171.300000000,REPLAN_REQUESTED,"{""message"": ""Replanning request. curr_vertex_idx: 21"", ""wall_time_utc"": ""2026-09-06T19:49:52.979899+00:00""}"
1177.300000000,LOCAL_REPLAN,"{""message"": ""Call local replanning..."", ""wall_time_utc"": ""2026-09-06T19:49:58.979293+00:00""}"
1177.300000000,REPLAN_REQUESTED,"{""message"": ""Replanning request. curr_vertex_idx: 21"", ""wall_time_utc"": ""2026-09-06T19:49:58.981130+00:00""}"
1183.500000000,LOCAL_REPLAN,"{""message"": ""Call local replanning..."", ""wall_time_utc"": ""2026-09-06T19:50:05.118735+00:00""}"
1183.500000000,REPLAN_REQUESTED,"{""message"": ""Replanning request. curr_vertex_idx: 21"", ""wall_time_utc"": ""2026-09-06T19:50:05.120642+00:00""}"
1189.300000000,LOCAL_REPLAN,"{""message"": ""Call local replanning..."", ""wall_time_utc"": ""2026-09-06T19:50:10.897817+00:00""}"
1189.300000000,REPLAN_REQUESTED,"{""message"": ""Replanning request. curr_vertex_idx: 21"", ""wall_time_utc"": ""2026-09-06T19:50:10.899611+00:00""}"
1195.100000000,LOCAL_REPLAN,"{""message"": ""Call local replanning..."", ""wall_time_utc"": ""2026-09-06T19:50:16.768383+00:00""}"
1195.100000000,REPLAN_REQUESTED,"{""message"": ""Replanning request. curr_vertex_idx: 21"", ""wall_time_utc"": ""2026-09-06T19:50:16.770229+00:00""}"
1201.500000000,LOCAL_REPLAN,"{""message"": ""Call local replanning..."", ""wall_time_utc"": ""2026-09-06T19:50:23.108017+00:00""}"
1201.500000000,REPLAN_REQUESTED,"{""message"": ""Replanning request. curr_vertex_idx: 21"", ""wall_time_utc"": ""2026-09-06T19:50:23.110214+00:00""}"
1207.500000000,LOCAL_REPLAN,"{""message"": ""Call local replanning..."", ""wall_time_utc"": ""2026-09-06T19:50:29.128184+00:00""}"
1207.500000000,REPLAN_REQUESTED,"{""message"": ""Replanning request. curr_vertex_idx: 21"", ""wall_time_utc"": ""2026-09-06T19:50:29.130082+00:00""}"
1213.200000000,LOCAL_REPLAN,"{""message"": ""Call local replanning..."", ""wall_time_utc"": ""2026-09-06T19:50:34.801593+00:00""}"
1213.200000000,REPLAN_REQUESTED,"{""message"": ""Replanning request. curr_vertex_idx: 21"", ""wall_time_utc"": ""2026-09-06T19:50:34.803784+00:00""}"
1219.300000000,LOCAL_REPLAN,"{""message"": ""Call local replanning..."", ""wall_time_utc"": ""2026-09-06T19:50:40.904843+00:00""}"
1219.300000000,REPLAN_REQUESTED,"{""message"": ""Replanning request. curr_vertex_idx: 21"", ""wall_time_utc"": ""2026-09-06T19:50:40.906611+00:00""}"
1225.500000000,LOCAL_REPLAN,"{""message"": ""Call local replanning..."", ""wall_time_utc"": ""2026-09-06T19:50:47.102809+00:00""}"
1225.500000000,REPLAN_REQUESTED,"{""message"": ""Replanning request. curr_vertex_idx: 21"", ""wall_time_utc"": ""2026-09-06T19:50:47.104589+00:00""}"
1231.300000000,LOCAL_REPLAN,"{""message"": ""Call local replanning..."", ""wall_time_utc"": ""2026-09-06T19:50:52.961328+00:00""}"
1231.300000000,REPLAN_REQUESTED,"{""message"": ""Replanning request. curr_vertex_idx: 21"", ""wall_time_utc"": ""2026-09-06T19:50:52.963223+00:00""}"
1237.500000000,LOCAL_REPLAN,"{""message"": ""Call local replanning..."", ""wall_time_utc"": ""2026-09-06T19:50:59.092366+00:00""}"
1237.500000000,REPLAN_REQUESTED,"{""message"": ""Replanning request. curr_vertex_idx: 21"", ""wall_time_utc"": ""2026-09-06T19:50:59.094252+00:00""}"
1241.100000000,KARTO_LOOP_CONSTRAINT,"{""message"": ""Add one Loop closure. 7 loops have been added."", ""wall_time_utc"": ""2026-09-06T19:51:02.716608+00:00""}"
1241.100000000,KARTO_LOOP_ACCEPTED,"{""chain_end"": 284, ""chain_start"": 276, ""current_scan"": 889, ""loop_count"": 7, ""received_ros_time"": 1241.1, ""received_wall_time_utc"": ""2026-09-06T19:51:02.716928+00:00"", ""seq"": 7, ""stamp"": 1241.1, ""wall_time_utc"": ""2026-09-06T19:51:02.716949+00:00""}"
1243.500000000,LOCAL_REPLAN,"{""message"": ""Call local replanning..."", ""wall_time_utc"": ""2026-09-06T19:51:05.131490+00:00""}"
1243.500000000,REPLAN_REQUESTED,"{""message"": ""Replanning request. curr_vertex_idx: 21"", ""wall_time_utc"": ""2026-09-06T19:51:05.133482+00:00""}"
1249.300000000,LOCAL_REPLAN,"{""message"": ""Call local replanning..."", ""wall_time_utc"": ""2026-09-06T19:51:10.943677+00:00""}"
1249.300000000,REPLAN_REQUESTED,"{""message"": ""Replanning request. curr_vertex_idx: 21"", ""wall_time_utc"": ""2026-09-06T19:51:10.945709+00:00""}"
1255.300000000,LOCAL_REPLAN,"{""message"": ""Call local replanning..."", ""wall_time_utc"": ""2026-09-06T19:51:16.897776+00:00""}"
1255.300000000,REPLAN_REQUESTED,"{""message"": ""Replanning request. curr_vertex_idx: 21"", ""wall_time_utc"": ""2026-09-06T19:51:16.900030+00:00""}"
1261.300000000,LOCAL_REPLAN,"{""message"": ""Call local replanning..."", ""wall_time_utc"": ""2026-09-06T19:51:22.906257+00:00""}"
1261.300000000,REPLAN_REQUESTED,"{""message"": ""Replanning request. curr_vertex_idx: 21"", ""wall_time_utc"": ""2026-09-06T19:51:22.908110+00:00""}"
1267.100000000,LOCAL_REPLAN,"{""message"": ""Call local replanning..."", ""wall_time_utc"": ""2026-09-06T19:51:28.762846+00:00""}"
1267.100000000,REPLAN_REQUESTED,"{""message"": ""Replanning request. curr_vertex_idx: 21"", ""wall_time_utc"": ""2026-09-06T19:51:28.764731+00:00""}"
1273.300000000,LOCAL_REPLAN,"{""message"": ""Call local replanning..."", ""wall_time_utc"": ""2026-09-06T19:51:34.946833+00:00""}"
1273.300000000,REPLAN_REQUESTED,"{""message"": ""Replanning request. curr_vertex_idx: 21"", ""wall_time_utc"": ""2026-09-06T19:51:34.948569+00:00""}"
1279.100000000,LOCAL_REPLAN,"{""message"": ""Call local replanning..."", ""wall_time_utc"": ""2026-09-06T19:51:40.766095+00:00""}"
1279.100000000,REPLAN_REQUESTED,"{""message"": ""Replanning request. curr_vertex_idx: 21"", ""wall_time_utc"": ""2026-09-06T19:51:40.767835+00:00""}"
1285.300000000,LOCAL_REPLAN,"{""message"": ""Call local replanning..."", ""wall_time_utc"": ""2026-09-06T19:51:46.922615+00:00""}"
1285.300000000,REPLAN_REQUESTED,"{""message"": ""Replanning request. curr_vertex_idx: 21"", ""wall_time_utc"": ""2026-09-06T19:51:46.924525+00:00""}"
1291.700000000,LOCAL_REPLAN,"{""message"": ""Call local replanning..."", ""wall_time_utc"": ""2026-09-06T19:51:53.339395+00:00""}"
1291.700000000,REPLAN_REQUESTED,"{""message"": ""Replanning request. curr_vertex_idx: 21"", ""wall_time_utc"": ""2026-09-06T19:51:53.341249+00:00""}"
1297.500000000,LOCAL_REPLAN,"{""message"": ""Call local replanning..."", ""wall_time_utc"": ""2026-09-06T19:51:59.147405+00:00""}"
1297.500000000,REPLAN_REQUESTED,"{""message"": ""Replanning request. curr_vertex_idx: 21"", ""wall_time_utc"": ""2026-09-06T19:51:59.149551+00:00""}"
1303.300000000,LOCAL_REPLAN,"{""message"": ""Call local replanning..."", ""wall_time_utc"": ""2026-09-06T19:52:04.919875+00:00""}"
1303.300000000,REPLAN_REQUESTED,"{""message"": ""Replanning request. curr_vertex_idx: 21"", ""wall_time_utc"": ""2026-09-06T19:52:04.921874+00:00""}"
1309.500000000,LOCAL_REPLAN,"{""message"": ""Call local replanning..."", ""wall_time_utc"": ""2026-09-06T19:52:11.143919+00:00""}"
1309.500000000,REPLAN_REQUESTED,"{""message"": ""Replanning request. curr_vertex_idx: 21"", ""wall_time_utc"": ""2026-09-06T19:52:11.145500+00:00""}"
1315.300000000,LOCAL_REPLAN,"{""message"": ""Call local replanning..."", ""wall_time_utc"": ""2026-09-06T19:52:16.955800+00:00""}"
1315.300000000,REPLAN_REQUESTED,"{""message"": ""Replanning request. curr_vertex_idx: 21"", ""wall_time_utc"": ""2026-09-06T19:52:16.957652+00:00""}"
1321.100000000,LOCAL_REPLAN,"{""message"": ""Call local replanning..."", ""wall_time_utc"": ""2026-09-06T19:52:22.778730+00:00""}"
1321.100000000,REPLAN_REQUESTED,"{""message"": ""Replanning request. curr_vertex_idx: 21"", ""wall_time_utc"": ""2026-09-06T19:52:22.780510+00:00""}"
1327.300000000,LOCAL_REPLAN,"{""message"": ""Call local replanning..."", ""wall_time_utc"": ""2026-09-06T19:52:28.971888+00:00""}"
1327.300000000,REPLAN_REQUESTED,"{""message"": ""Replanning request. curr_vertex_idx: 21"", ""wall_time_utc"": ""2026-09-06T19:52:28.973609+00:00""}"
1333.100000000,LOCAL_REPLAN,"{""message"": ""Call local replanning..."", ""wall_time_utc"": ""2026-09-06T19:52:34.767561+00:00""}"
1333.100000000,REPLAN_REQUESTED,"{""message"": ""Replanning request. curr_vertex_idx: 21"", ""wall_time_utc"": ""2026-09-06T19:52:34.769493+00:00""}"
1339.300000000,LOCAL_REPLAN,"{""message"": ""Call local replanning..."", ""wall_time_utc"": ""2026-09-06T19:52:40.923833+00:00""}"
1339.300000000,REPLAN_REQUESTED,"{""message"": ""Replanning request. curr_vertex_idx: 21"", ""wall_time_utc"": ""2026-09-06T19:52:40.925620+00:00""}"
1345.100000000,LOCAL_REPLAN,"{""message"": ""Call local replanning..."", ""wall_time_utc"": ""2026-09-06T19:52:46.771089+00:00""}"
1345.100000000,REPLAN_REQUESTED,"{""message"": ""Replanning request. curr_vertex_idx: 21"", ""wall_time_utc"": ""2026-09-06T19:52:46.772821+00:00""}"
1351.600000000,LOCAL_REPLAN,"{""message"": ""Call local replanning..."", ""wall_time_utc"": ""2026-09-06T19:52:53.193967+00:00""}"
1351.600000000,REPLAN_REQUESTED,"{""message"": ""Replanning request. curr_vertex_idx: 21"", ""wall_time_utc"": ""2026-09-06T19:52:53.195913+00:00""}"
1357.100000000,LOCAL_REPLAN,"{""message"": ""Call local replanning..."", ""wall_time_utc"": ""2026-09-06T19:52:58.772756+00:00""}"
1357.100000000,REPLAN_REQUESTED,"{""message"": ""Replanning request. curr_vertex_idx: 21"", ""wall_time_utc"": ""2026-09-06T19:52:58.774636+00:00""}"
1363.500000000,LOCAL_REPLAN,"{""message"": ""Call local replanning..."", ""wall_time_utc"": ""2026-09-06T19:53:05.134525+00:00""}"
1363.500000000,REPLAN_REQUESTED,"{""message"": ""Replanning request. curr_vertex_idx: 21"", ""wall_time_utc"": ""2026-09-06T19:53:05.136146+00:00""}"
1369.200000000,LOCAL_REPLAN,"{""message"": ""Call local replanning..."", ""wall_time_utc"": ""2026-09-06T19:53:10.812855+00:00""}"
1369.200000000,REPLAN_REQUESTED,"{""message"": ""Replanning request. curr_vertex_idx: 21"", ""wall_time_utc"": ""2026-09-06T19:53:10.814669+00:00""}"
1375.400000000,LOCAL_REPLAN,"{""message"": ""Call local replanning..."", ""wall_time_utc"": ""2026-09-06T19:53:16.982580+00:00""}"
1375.400000000,REPLAN_REQUESTED,"{""message"": ""Replanning request. curr_vertex_idx: 21"", ""wall_time_utc"": ""2026-09-06T19:53:16.984655+00:00""}"
1381.100000000,LOCAL_REPLAN,"{""message"": ""Call local replanning..."", ""wall_time_utc"": ""2026-09-06T19:53:22.691315+00:00""}"
1381.100000000,REPLAN_REQUESTED,"{""message"": ""Replanning request. curr_vertex_idx: 21"", ""wall_time_utc"": ""2026-09-06T19:53:22.693065+00:00""}"
1387.300000000,LOCAL_REPLAN,"{""message"": ""Call local replanning..."", ""wall_time_utc"": ""2026-09-06T19:53:28.970523+00:00""}"
1387.300000000,REPLAN_REQUESTED,"{""message"": ""Replanning request. curr_vertex_idx: 21"", ""wall_time_utc"": ""2026-09-06T19:53:28.972286+00:00""}"
1390.500000000,LOCAL_REPLAN,"{""message"": ""Call local replanning..."", ""wall_time_utc"": ""2026-09-06T19:53:32.156230+00:00""}"
1390.500000000,REPLAN_REQUESTED,"{""message"": ""Replanning request. curr_vertex_idx: 21"", ""wall_time_utc"": ""2026-09-06T19:53:32.158177+00:00""}"
1396.200000000,LOCAL_REPLAN,"{""message"": ""Call local replanning..."", ""wall_time_utc"": ""2026-09-06T19:53:37.813586+00:00""}"
1396.200000000,REPLAN_REQUESTED,"{""message"": ""Replanning request. curr_vertex_idx: 21"", ""wall_time_utc"": ""2026-09-06T19:53:37.815470+00:00""}"
1402.300000000,LOCAL_REPLAN,"{""message"": ""Call local replanning..."", ""wall_time_utc"": ""2026-09-06T19:53:43.918248+00:00""}"
1402.300000000,REPLAN_REQUESTED,"{""message"": ""Replanning request. curr_vertex_idx: 21"", ""wall_time_utc"": ""2026-09-06T19:53:43.920333+00:00""}"
1408.600000000,LOCAL_REPLAN,"{""message"": ""Call local replanning..."", ""wall_time_utc"": ""2026-09-06T19:53:50.188710+00:00""}"
1408.600000000,REPLAN_REQUESTED,"{""message"": ""Replanning request. curr_vertex_idx: 21"", ""wall_time_utc"": ""2026-09-06T19:53:50.190584+00:00""}"
1409.400000000,KARTO_LOOP_CONSTRAINT,"{""message"": ""Add one Loop closure. 8 loops have been added."", ""wall_time_utc"": ""2026-09-06T19:53:51.011485+00:00""}"
1409.400000000,KARTO_LOOP_ACCEPTED,"{""chain_end"": 840, ""chain_start"": 837, ""current_scan"": 1005, ""loop_count"": 8, ""received_ros_time"": 1409.4, ""received_wall_time_utc"": ""2026-09-06T19:53:51.011635+00:00"", ""seq"": 8, ""stamp"": 1409.4, ""wall_time_utc"": ""2026-09-06T19:53:51.011718+00:00""}"
1414.300000000,LOCAL_REPLAN,"{""message"": ""Call local replanning..."", ""wall_time_utc"": ""2026-09-06T19:53:55.909715+00:00""}"
1414.300000000,REPLAN_REQUESTED,"{""message"": ""Replanning request. curr_vertex_idx: 21"", ""wall_time_utc"": ""2026-09-06T19:53:55.911497+00:00""}"
1420.600000000,LOCAL_REPLAN,"{""message"": ""Call local replanning..."", ""wall_time_utc"": ""2026-09-06T19:54:02.220067+00:00""}"
1420.600000000,REPLAN_REQUESTED,"{""message"": ""Replanning request. curr_vertex_idx: 21"", ""wall_time_utc"": ""2026-09-06T19:54:02.223525+00:00""}"
1426.400000000,LOCAL_REPLAN,"{""message"": ""Call local replanning..."", ""wall_time_utc"": ""2026-09-06T19:54:07.982667+00:00""}"
1426.400000000,REPLAN_REQUESTED,"{""message"": ""Replanning request. curr_vertex_idx: 21"", ""wall_time_utc"": ""2026-09-06T19:54:07.984884+00:00""}"
1432.300000000,LOCAL_REPLAN,"{""message"": ""Call local replanning..."", ""wall_time_utc"": ""2026-09-06T19:54:13.982303+00:00""}"
1432.400000000,REPLAN_REQUESTED,"{""message"": ""Replanning request. curr_vertex_idx: 21"", ""wall_time_utc"": ""2026-09-06T19:54:13.983836+00:00""}"
1438.300000000,LOCAL_REPLAN,"{""message"": ""Call local replanning..."", ""wall_time_utc"": ""2026-09-06T19:54:19.968337+00:00""}"
1438.300000000,REPLAN_REQUESTED,"{""message"": ""Replanning request. curr_vertex_idx: 21"", ""wall_time_utc"": ""2026-09-06T19:54:19.970430+00:00""}"
1444.300000000,LOCAL_REPLAN,"{""message"": ""Call local replanning..."", ""wall_time_utc"": ""2026-09-06T19:54:25.981565+00:00""}"
1444.400000000,REPLAN_REQUESTED,"{""message"": ""Replanning request. curr_vertex_idx: 21"", ""wall_time_utc"": ""2026-09-06T19:54:25.983021+00:00""}"
1450.100000000,LOCAL_REPLAN,"{""message"": ""Call local replanning..."", ""wall_time_utc"": ""2026-09-06T19:54:31.694505+00:00""}"
1450.100000000,REPLAN_REQUESTED,"{""message"": ""Replanning request. curr_vertex_idx: 21"", ""wall_time_utc"": ""2026-09-06T19:54:31.696330+00:00""}"
1456.500000000,LOCAL_REPLAN,"{""message"": ""Call local replanning..."", ""wall_time_utc"": ""2026-09-06T19:54:38.133219+00:00""}"
1456.500000000,REPLAN_REQUESTED,"{""message"": ""Replanning request. curr_vertex_idx: 21"", ""wall_time_utc"": ""2026-09-06T19:54:38.134900+00:00""}"
1462.300000000,LOCAL_REPLAN,"{""message"": ""Call local replanning..."", ""wall_time_utc"": ""2026-09-06T19:54:43.919325+00:00""}"
1462.300000000,REPLAN_REQUESTED,"{""message"": ""Replanning request. curr_vertex_idx: 21"", ""wall_time_utc"": ""2026-09-06T19:54:43.921532+00:00""}"
1468.300000000,LOCAL_REPLAN,"{""message"": ""Call local replanning..."", ""wall_time_utc"": ""2026-09-06T19:54:49.930458+00:00""}"
1468.300000000,REPLAN_REQUESTED,"{""message"": ""Replanning request. curr_vertex_idx: 21"", ""wall_time_utc"": ""2026-09-06T19:54:49.932115+00:00""}"
1474.100000000,LOCAL_REPLAN,"{""message"": ""Call local replanning..."", ""wall_time_utc"": ""2026-09-06T19:54:55.777620+00:00""}"
1474.100000000,REPLAN_REQUESTED,"{""message"": ""Replanning request. curr_vertex_idx: 21"", ""wall_time_utc"": ""2026-09-06T19:54:55.779273+00:00""}"
1477.400000000,KARTO_LOOP_CONSTRAINT,"{""message"": ""Add one Loop closure. 9 loops have been added."", ""wall_time_utc"": ""2026-09-06T19:54:59.035634+00:00""}"
1477.400000000,KARTO_LOOP_ACCEPTED,"{""chain_end"": 51, ""chain_start"": 45, ""current_scan"": 1049, ""loop_count"": 9, ""received_ros_time"": 1477.4, ""received_wall_time_utc"": ""2026-09-06T19:54:59.035893+00:00"", ""seq"": 9, ""stamp"": 1477.4, ""wall_time_utc"": ""2026-09-06T19:54:59.035912+00:00""}"
1480.500000000,LOCAL_REPLAN,"{""message"": ""Call local replanning..."", ""wall_time_utc"": ""2026-09-06T19:55:02.140724+00:00""}"
1480.500000000,REPLAN_REQUESTED,"{""message"": ""Replanning request. curr_vertex_idx: 21"", ""wall_time_utc"": ""2026-09-06T19:55:02.142628+00:00""}"
1486.200000000,LOCAL_REPLAN,"{""message"": ""Call local replanning..."", ""wall_time_utc"": ""2026-09-06T19:55:07.874205+00:00""}"
1486.200000000,REPLAN_REQUESTED,"{""message"": ""Replanning request. curr_vertex_idx: 21"", ""wall_time_utc"": ""2026-09-06T19:55:07.875877+00:00""}"
1492.700000000,LOCAL_REPLAN,"{""message"": ""Call local replanning..."", ""wall_time_utc"": ""2026-09-06T19:55:14.304513+00:00""}"
1492.700000000,REPLAN_REQUESTED,"{""message"": ""Replanning request. curr_vertex_idx: 21"", ""wall_time_utc"": ""2026-09-06T19:55:14.306332+00:00""}"
1498.400000000,LOCAL_REPLAN,"{""message"": ""Call local replanning..."", ""wall_time_utc"": ""2026-09-06T19:55:19.986953+00:00""}"
1498.400000000,REPLAN_REQUESTED,"{""message"": ""Replanning request. curr_vertex_idx: 21"", ""wall_time_utc"": ""2026-09-06T19:55:19.988906+00:00""}"
1504.300000000,LOCAL_REPLAN,"{""message"": ""Call local replanning..."", ""wall_time_utc"": ""2026-09-06T19:55:25.959889+00:00""}"
1504.300000000,REPLAN_REQUESTED,"{""message"": ""Replanning request. curr_vertex_idx: 21"", ""wall_time_utc"": ""2026-09-06T19:55:25.961718+00:00""}"
1510.100000000,LOCAL_REPLAN,"{""message"": ""Call local replanning..."", ""wall_time_utc"": ""2026-09-06T19:55:31.770917+00:00""}"
1510.100000000,REPLAN_REQUESTED,"{""message"": ""Replanning request. curr_vertex_idx: 21"", ""wall_time_utc"": ""2026-09-06T19:55:31.772723+00:00""}"
1516.300000000,LOCAL_REPLAN,"{""message"": ""Call local replanning..."", ""wall_time_utc"": ""2026-09-06T19:55:37.938198+00:00""}"
1516.300000000,REPLAN_REQUESTED,"{""message"": ""Replanning request. curr_vertex_idx: 21"", ""wall_time_utc"": ""2026-09-06T19:55:37.940232+00:00""}"
1522.100000000,LOCAL_REPLAN,"{""message"": ""Call local replanning..."", ""wall_time_utc"": ""2026-09-06T19:55:43.778598+00:00""}"
1522.100000000,REPLAN_REQUESTED,"{""message"": ""Replanning request. curr_vertex_idx: 21"", ""wall_time_utc"": ""2026-09-06T19:55:43.780102+00:00""}"
1528.400000000,LOCAL_REPLAN,"{""message"": ""Call local replanning..."", ""wall_time_utc"": ""2026-09-06T19:55:50.062954+00:00""}"
1528.400000000,REPLAN_REQUESTED,"{""message"": ""Replanning request. curr_vertex_idx: 21"", ""wall_time_utc"": ""2026-09-06T19:55:50.064500+00:00""}"
1534.200000000,LOCAL_REPLAN,"{""message"": ""Call local replanning..."", ""wall_time_utc"": ""2026-09-06T19:55:55.803346+00:00""}"
1534.200000000,REPLAN_REQUESTED,"{""message"": ""Replanning request. curr_vertex_idx: 21"", ""wall_time_utc"": ""2026-09-06T19:55:55.805481+00:00""}"
1540.500000000,LOCAL_REPLAN,"{""message"": ""Call local replanning..."", ""wall_time_utc"": ""2026-09-06T19:56:02.161085+00:00""}"
1540.500000000,REPLAN_REQUESTED,"{""message"": ""Replanning request. curr_vertex_idx: 21"", ""wall_time_utc"": ""2026-09-06T19:56:02.162903+00:00""}"
1546.600000000,LOCAL_REPLAN,"{""message"": ""Call local replanning..."", ""wall_time_utc"": ""2026-09-06T19:56:08.231855+00:00""}"
1546.600000000,REPLAN_REQUESTED,"{""message"": ""Replanning request. curr_vertex_idx: 21"", ""wall_time_utc"": ""2026-09-06T19:56:08.233840+00:00""}"
1552.400000000,LOCAL_REPLAN,"{""message"": ""Call local replanning..."", ""wall_time_utc"": ""2026-09-06T19:56:14.027457+00:00""}"
1552.400000000,REPLAN_REQUESTED,"{""message"": ""Replanning request. curr_vertex_idx: 21"", ""wall_time_utc"": ""2026-09-06T19:56:14.029443+00:00""}"
1558.600000000,LOCAL_REPLAN,"{""message"": ""Call local replanning..."", ""wall_time_utc"": ""2026-09-06T19:56:20.217785+00:00""}"
1558.600000000,REPLAN_REQUESTED,"{""message"": ""Replanning request. curr_vertex_idx: 21"", ""wall_time_utc"": ""2026-09-06T19:56:20.219508+00:00""}"
1564.100000000,LOCAL_REPLAN,"{""message"": ""Call local replanning..."", ""wall_time_utc"": ""2026-09-06T19:56:25.712422+00:00""}"
1564.100000000,REPLAN_REQUESTED,"{""message"": ""Replanning request. curr_vertex_idx: 21"", ""wall_time_utc"": ""2026-09-06T19:56:25.714237+00:00""}"
1570.200000000,LOCAL_REPLAN,"{""message"": ""Call local replanning..."", ""wall_time_utc"": ""2026-09-06T19:56:31.790991+00:00""}"
1570.200000000,REPLAN_REQUESTED,"{""message"": ""Replanning request. curr_vertex_idx: 21"", ""wall_time_utc"": ""2026-09-06T19:56:31.792606+00:00""}"
1576.500000000,LOCAL_REPLAN,"{""message"": ""Call local replanning..."", ""wall_time_utc"": ""2026-09-06T19:56:38.171905+00:00""}"
1576.500000000,REPLAN_REQUESTED,"{""message"": ""Replanning request. curr_vertex_idx: 21"", ""wall_time_utc"": ""2026-09-06T19:56:38.174133+00:00""}"
1582.600000000,LOCAL_REPLAN,"{""message"": ""Call local replanning..."", ""wall_time_utc"": ""2026-09-06T19:56:44.212548+00:00""}"
1582.600000000,REPLAN_REQUESTED,"{""message"": ""Replanning request. curr_vertex_idx: 21"", ""wall_time_utc"": ""2026-09-06T19:56:44.214624+00:00""}"
1588.400000000,LOCAL_REPLAN,"{""message"": ""Call local replanning..."", ""wall_time_utc"": ""2026-09-06T19:56:50.020196+00:00""}"
1588.400000000,REPLAN_REQUESTED,"{""message"": ""Replanning request. curr_vertex_idx: 21"", ""wall_time_utc"": ""2026-09-06T19:56:50.022274+00:00""}"
1594.500000000,LOCAL_REPLAN,"{""message"": ""Call local replanning..."", ""wall_time_utc"": ""2026-09-06T19:56:56.153515+00:00""}"
1594.500000000,REPLAN_REQUESTED,"{""message"": ""Replanning request. curr_vertex_idx: 21"", ""wall_time_utc"": ""2026-09-06T19:56:56.155486+00:00""}"
1600.100000000,LOCAL_REPLAN,"{""message"": ""Call local replanning..."", ""wall_time_utc"": ""2026-09-06T19:57:01.757209+00:00""}"
1600.100000000,REPLAN_REQUESTED,"{""message"": ""Replanning request. curr_vertex_idx: 21"", ""wall_time_utc"": ""2026-09-06T19:57:01.758902+00:00""}"
1606.500000000,LOCAL_REPLAN,"{""message"": ""Call local replanning..."", ""wall_time_utc"": ""2026-09-06T19:57:08.174222+00:00""}"
1606.500000000,REPLAN_REQUESTED,"{""message"": ""Replanning request. curr_vertex_idx: 21"", ""wall_time_utc"": ""2026-09-06T19:57:08.176007+00:00""}"
1612.200000000,LOCAL_REPLAN,"{""message"": ""Call local replanning..."", ""wall_time_utc"": ""2026-09-06T19:57:13.873927+00:00""}"
1612.200000000,REPLAN_REQUESTED,"{""message"": ""Replanning request. curr_vertex_idx: 21"", ""wall_time_utc"": ""2026-09-06T19:57:13.875686+00:00""}"
1618.400000000,LOCAL_REPLAN,"{""message"": ""Call local replanning..."", ""wall_time_utc"": ""2026-09-06T19:57:20.027513+00:00""}"
1618.400000000,REPLAN_REQUESTED,"{""message"": ""Replanning request. curr_vertex_idx: 21"", ""wall_time_utc"": ""2026-09-06T19:57:20.029569+00:00""}"
1624.400000000,LOCAL_REPLAN,"{""message"": ""Call local replanning..."", ""wall_time_utc"": ""2026-09-06T19:57:26.023065+00:00""}"
1624.400000000,REPLAN_REQUESTED,"{""message"": ""Replanning request. curr_vertex_idx: 21"", ""wall_time_utc"": ""2026-09-06T19:57:26.025023+00:00""}"
1630.600000000,LOCAL_REPLAN,"{""message"": ""Call local replanning..."", ""wall_time_utc"": ""2026-09-06T19:57:32.241261+00:00""}"
1630.600000000,REPLAN_REQUESTED,"{""message"": ""Replanning request. curr_vertex_idx: 21"", ""wall_time_utc"": ""2026-09-06T19:57:32.243241+00:00""}"
1636.300000000,LOCAL_REPLAN,"{""message"": ""Call local replanning..."", ""wall_time_utc"": ""2026-09-06T19:57:37.917250+00:00""}"
1636.300000000,REPLAN_REQUESTED,"{""message"": ""Replanning request. curr_vertex_idx: 21"", ""wall_time_utc"": ""2026-09-06T19:57:37.919015+00:00""}"
1642.600000000,LOCAL_REPLAN,"{""message"": ""Call local replanning..."", ""wall_time_utc"": ""2026-09-06T19:57:44.190155+00:00""}"
1642.600000000,REPLAN_REQUESTED,"{""message"": ""Replanning request. curr_vertex_idx: 21"", ""wall_time_utc"": ""2026-09-06T19:57:44.191837+00:00""}"
1648.200000000,LOCAL_REPLAN,"{""message"": ""Call local replanning..."", ""wall_time_utc"": ""2026-09-06T19:57:49.793022+00:00""}"
1648.200000000,REPLAN_REQUESTED,"{""message"": ""Replanning request. curr_vertex_idx: 21"", ""wall_time_utc"": ""2026-09-06T19:57:49.794803+00:00""}"
1654.600000000,LOCAL_REPLAN,"{""message"": ""Call local replanning..."", ""wall_time_utc"": ""2026-09-06T19:57:56.182983+00:00""}"
1654.600000000,REPLAN_REQUESTED,"{""message"": ""Replanning request. curr_vertex_idx: 21"", ""wall_time_utc"": ""2026-09-06T19:57:56.184771+00:00""}"
1659.400000000,LOCAL_REPLAN,"{""message"": ""Call local replanning..."", ""wall_time_utc"": ""2026-09-06T19:58:01.034209+00:00""}"
1659.400000000,REPLAN_REQUESTED,"{""message"": ""Replanning request. curr_vertex_idx: 21"", ""wall_time_utc"": ""2026-09-06T19:58:01.035971+00:00""}"
1661.600000000,LOCAL_REPLAN,"{""message"": ""Call local replanning..."", ""wall_time_utc"": ""2026-09-06T19:58:03.263251+00:00""}"
1661.600000000,REPLAN_REQUESTED,"{""message"": ""Replanning request. curr_vertex_idx: 21"", ""wall_time_utc"": ""2026-09-06T19:58:03.265104+00:00""}"
1667.400000000,LOCAL_REPLAN,"{""message"": ""Call local replanning..."", ""wall_time_utc"": ""2026-09-06T19:58:09.053815+00:00""}"
1667.400000000,REPLAN_REQUESTED,"{""message"": ""Replanning request. curr_vertex_idx: 21"", ""wall_time_utc"": ""2026-09-06T19:58:09.055884+00:00""}"
1673.200000000,LOCAL_REPLAN,"{""message"": ""Call local replanning..."", ""wall_time_utc"": ""2026-09-06T19:58:14.798459+00:00""}"
1673.200000000,REPLAN_REQUESTED,"{""message"": ""Replanning request. curr_vertex_idx: 21"", ""wall_time_utc"": ""2026-09-06T19:58:14.800251+00:00""}"
1679.300000000,LOCAL_REPLAN,"{""message"": ""Call local replanning..."", ""wall_time_utc"": ""2026-09-06T19:58:20.955420+00:00""}"
1679.300000000,REPLAN_REQUESTED,"{""message"": ""Replanning request. curr_vertex_idx: 21"", ""wall_time_utc"": ""2026-09-06T19:58:20.957567+00:00""}"
1685.200000000,LOCAL_REPLAN,"{""message"": ""Call local replanning..."", ""wall_time_utc"": ""2026-09-06T19:58:26.793283+00:00""}"
1685.200000000,REPLAN_REQUESTED,"{""message"": ""Replanning request. curr_vertex_idx: 21"", ""wall_time_utc"": ""2026-09-06T19:58:26.794932+00:00""}"
1691.200000000,LOCAL_REPLAN,"{""message"": ""Call local replanning..."", ""wall_time_utc"": ""2026-09-06T19:58:32.790983+00:00""}"
1691.200000000,REPLAN_REQUESTED,"{""message"": ""Replanning request. curr_vertex_idx: 21"", ""wall_time_utc"": ""2026-09-06T19:58:32.793182+00:00""}"
1697.300000000,LOCAL_REPLAN,"{""message"": ""Call local replanning..."", ""wall_time_utc"": ""2026-09-06T19:58:38.945159+00:00""}"
1697.300000000,REPLAN_REQUESTED,"{""message"": ""Replanning request. curr_vertex_idx: 21"", ""wall_time_utc"": ""2026-09-06T19:58:38.947231+00:00""}"
1703.400000000,LOCAL_REPLAN,"{""message"": ""Call local replanning..."", ""wall_time_utc"": ""2026-09-06T19:58:45.071223+00:00""}"
1703.400000000,REPLAN_REQUESTED,"{""message"": ""Replanning request. curr_vertex_idx: 21"", ""wall_time_utc"": ""2026-09-06T19:58:45.072734+00:00""}"
1709.600000000,LOCAL_REPLAN,"{""message"": ""Call local replanning..."", ""wall_time_utc"": ""2026-09-06T19:58:51.279068+00:00""}"
1709.600000000,REPLAN_REQUESTED,"{""message"": ""Replanning request. curr_vertex_idx: 21"", ""wall_time_utc"": ""2026-09-06T19:58:51.281240+00:00""}"
1715.600000000,LOCAL_REPLAN,"{""message"": ""Call local replanning..."", ""wall_time_utc"": ""2026-09-06T19:58:57.190488+00:00""}"
1715.600000000,REPLAN_REQUESTED,"{""message"": ""Replanning request. curr_vertex_idx: 21"", ""wall_time_utc"": ""2026-09-06T19:58:57.192313+00:00""}"
1721.300000000,LOCAL_REPLAN,"{""message"": ""Call local replanning..."", ""wall_time_utc"": ""2026-09-06T19:59:02.971652+00:00""}"
1721.300000000,REPLAN_REQUESTED,"{""message"": ""Replanning request. curr_vertex_idx: 21"", ""wall_time_utc"": ""2026-09-06T19:59:02.973651+00:00""}"
1727.200000000,LOCAL_REPLAN,"{""message"": ""Call local replanning..."", ""wall_time_utc"": ""2026-09-06T19:59:08.784252+00:00""}"
1727.200000000,REPLAN_REQUESTED,"{""message"": ""Replanning request. curr_vertex_idx: 21"", ""wall_time_utc"": ""2026-09-06T19:59:08.786002+00:00""}"
1733.300000000,LOCAL_REPLAN,"{""message"": ""Call local replanning..."", ""wall_time_utc"": ""2026-09-06T19:59:14.946739+00:00""}"
1733.300000000,REPLAN_REQUESTED,"{""message"": ""Replanning request. curr_vertex_idx: 21"", ""wall_time_utc"": ""2026-09-06T19:59:14.948833+00:00""}"
1739.500000000,LOCAL_REPLAN,"{""message"": ""Call local replanning..."", ""wall_time_utc"": ""2026-09-06T19:59:21.105545+00:00""}"
1739.500000000,REPLAN_REQUESTED,"{""message"": ""Replanning request. curr_vertex_idx: 21"", ""wall_time_utc"": ""2026-09-06T19:59:21.107810+00:00""}"
1745.200000000,LOCAL_REPLAN,"{""message"": ""Call local replanning..."", ""wall_time_utc"": ""2026-09-06T19:59:26.862619+00:00""}"
1745.200000000,REPLAN_REQUESTED,"{""message"": ""Replanning request. curr_vertex_idx: 21"", ""wall_time_utc"": ""2026-09-06T19:59:26.864864+00:00""}"
1751.600000000,LOCAL_REPLAN,"{""message"": ""Call local replanning..."", ""wall_time_utc"": ""2026-09-06T19:59:33.215236+00:00""}"
1751.600000000,REPLAN_REQUESTED,"{""message"": ""Replanning request. curr_vertex_idx: 21"", ""wall_time_utc"": ""2026-09-06T19:59:33.217218+00:00""}"
1757.300000000,LOCAL_REPLAN,"{""message"": ""Call local replanning..."", ""wall_time_utc"": ""2026-09-06T19:59:38.956689+00:00""}"
1757.300000000,REPLAN_REQUESTED,"{""message"": ""Replanning request. curr_vertex_idx: 21"", ""wall_time_utc"": ""2026-09-06T19:59:38.958643+00:00""}"
1763.300000000,LOCAL_REPLAN,"{""message"": ""Call local replanning..."", ""wall_time_utc"": ""2026-09-06T19:59:44.897075+00:00""}"
1763.300000000,REPLAN_REQUESTED,"{""message"": ""Replanning request. curr_vertex_idx: 21"", ""wall_time_utc"": ""2026-09-06T19:59:44.898920+00:00""}"
1769.400000000,LOCAL_REPLAN,"{""message"": ""Call local replanning..."", ""wall_time_utc"": ""2026-09-06T19:59:51.036397+00:00""}"
1769.400000000,REPLAN_REQUESTED,"{""message"": ""Replanning request. curr_vertex_idx: 21"", ""wall_time_utc"": ""2026-09-06T19:59:51.038641+00:00""}"
1776.000000000,LOCAL_REPLAN,"{""message"": ""Call local replanning..."", ""wall_time_utc"": ""2026-09-06T19:59:57.668996+00:00""}"
1776.000000000,REPLAN_REQUESTED,"{""message"": ""Replanning request. curr_vertex_idx: 21"", ""wall_time_utc"": ""2026-09-06T19:59:57.671056+00:00""}"
1781.600000000,LOCAL_REPLAN,"{""message"": ""Call local replanning..."", ""wall_time_utc"": ""2026-09-06T20:00:03.210204+00:00""}"
1781.600000000,REPLAN_REQUESTED,"{""message"": ""Replanning request. curr_vertex_idx: 21"", ""wall_time_utc"": ""2026-09-06T20:00:03.212124+00:00""}"
1787.300000000,LOCAL_REPLAN,"{""message"": ""Call local replanning..."", ""wall_time_utc"": ""2026-09-06T20:00:08.959828+00:00""}"
1787.300000000,REPLAN_REQUESTED,"{""message"": ""Replanning request. curr_vertex_idx: 21"", ""wall_time_utc"": ""2026-09-06T20:00:08.961816+00:00""}"
1793.300000000,LOCAL_REPLAN,"{""message"": ""Call local replanning..."", ""wall_time_utc"": ""2026-09-06T20:00:14.949796+00:00""}"
1793.300000000,REPLAN_REQUESTED,"{""message"": ""Replanning request. curr_vertex_idx: 21"", ""wall_time_utc"": ""2026-09-06T20:00:14.952034+00:00""}"
1799.400000000,LOCAL_REPLAN,"{""message"": ""Call local replanning..."", ""wall_time_utc"": ""2026-09-06T20:00:21.005651+00:00""}"
1799.400000000,REPLAN_REQUESTED,"{""message"": ""Replanning request. curr_vertex_idx: 21"", ""wall_time_utc"": ""2026-09-06T20:00:21.007386+00:00""}"
1805.400000000,LOCAL_REPLAN,"{""message"": ""Call local replanning..."", ""wall_time_utc"": ""2026-09-06T20:00:27.045259+00:00""}"
1805.400000000,REPLAN_REQUESTED,"{""message"": ""Replanning request. curr_vertex_idx: 21"", ""wall_time_utc"": ""2026-09-06T20:00:27.047313+00:00""}"
1811.400000000,LOCAL_REPLAN,"{""message"": ""Call local replanning..."", ""wall_time_utc"": ""2026-09-06T20:00:32.998478+00:00""}"
1811.400000000,REPLAN_REQUESTED,"{""message"": ""Replanning request. curr_vertex_idx: 21"", ""wall_time_utc"": ""2026-09-06T20:00:33.000568+00:00""}"
1817.200000000,LOCAL_REPLAN,"{""message"": ""Call local replanning..."", ""wall_time_utc"": ""2026-09-06T20:00:38.805911+00:00""}"
1817.200000000,REPLAN_REQUESTED,"{""message"": ""Replanning request. curr_vertex_idx: 21"", ""wall_time_utc"": ""2026-09-06T20:00:38.808096+00:00""}"
1822.400000000,LOCAL_REPLAN,"{""message"": ""Call local replanning..."", ""wall_time_utc"": ""2026-09-06T20:00:44.057871+00:00""}"
1822.400000000,REPLAN_REQUESTED,"{""message"": ""Replanning request. curr_vertex_idx: 21"", ""wall_time_utc"": ""2026-09-06T20:00:44.059955+00:00""}"
1824.400000000,LOCAL_REPLAN,"{""message"": ""Call local replanning..."", ""wall_time_utc"": ""2026-09-06T20:00:46.065242+00:00""}"
1824.400000000,REPLAN_REQUESTED,"{""message"": ""Replanning request. curr_vertex_idx: 21"", ""wall_time_utc"": ""2026-09-06T20:00:46.067114+00:00""}"
1830.300000000,LOCAL_REPLAN,"{""message"": ""Call local replanning..."", ""wall_time_utc"": ""2026-09-06T20:00:51.953387+00:00""}"
1830.300000000,REPLAN_REQUESTED,"{""message"": ""Replanning request. curr_vertex_idx: 21"", ""wall_time_utc"": ""2026-09-06T20:00:51.955259+00:00""}"
1836.300000000,LOCAL_REPLAN,"{""message"": ""Call local replanning..."", ""wall_time_utc"": ""2026-09-06T20:00:57.981366+00:00""}"
1836.400000000,REPLAN_REQUESTED,"{""message"": ""Replanning request. curr_vertex_idx: 21"", ""wall_time_utc"": ""2026-09-06T20:00:57.983175+00:00""}"
1842.200000000,LOCAL_REPLAN,"{""message"": ""Call local replanning..."", ""wall_time_utc"": ""2026-09-06T20:01:03.800682+00:00""}"
1842.200000000,REPLAN_REQUESTED,"{""message"": ""Replanning request. curr_vertex_idx: 21"", ""wall_time_utc"": ""2026-09-06T20:01:03.802760+00:00""}"
1844.700000000,LOCAL_REPLAN,"{""message"": ""Call local replanning..."", ""wall_time_utc"": ""2026-09-06T20:01:06.292920+00:00""}"
1844.700000000,REPLAN_REQUESTED,"{""message"": ""Replanning request. curr_vertex_idx: 21"", ""wall_time_utc"": ""2026-09-06T20:01:06.295097+00:00""}"
1850.700000000,LOCAL_REPLAN,"{""message"": ""Call local replanning..."", ""wall_time_utc"": ""2026-09-06T20:01:12.329922+00:00""}"
1850.700000000,REPLAN_REQUESTED,"{""message"": ""Replanning request. curr_vertex_idx: 21"", ""wall_time_utc"": ""2026-09-06T20:01:12.332071+00:00""}"
1856.600000000,LOCAL_REPLAN,"{""message"": ""Call local replanning..."", ""wall_time_utc"": ""2026-09-06T20:01:18.183327+00:00""}"
1856.600000000,REPLAN_REQUESTED,"{""message"": ""Replanning request. curr_vertex_idx: 21"", ""wall_time_utc"": ""2026-09-06T20:01:18.185110+00:00""}"
1862.400000000,LOCAL_REPLAN,"{""message"": ""Call local replanning..."", ""wall_time_utc"": ""2026-09-06T20:01:24.057479+00:00""}"
1862.400000000,REPLAN_REQUESTED,"{""message"": ""Replanning request. curr_vertex_idx: 21"", ""wall_time_utc"": ""2026-09-06T20:01:24.059304+00:00""}"
1868.400000000,LOCAL_REPLAN,"{""message"": ""Call local replanning..."", ""wall_time_utc"": ""2026-09-06T20:01:30.078197+00:00""}"
1868.400000000,REPLAN_REQUESTED,"{""message"": ""Replanning request. curr_vertex_idx: 21"", ""wall_time_utc"": ""2026-09-06T20:01:30.079996+00:00""}"
1874.600000000,LOCAL_REPLAN,"{""message"": ""Call local replanning..."", ""wall_time_utc"": ""2026-09-06T20:01:36.233766+00:00""}"
1874.600000000,REPLAN_REQUESTED,"{""message"": ""Replanning request. curr_vertex_idx: 21"", ""wall_time_utc"": ""2026-09-06T20:01:36.235445+00:00""}"
1880.600000000,LOCAL_REPLAN,"{""message"": ""Call local replanning..."", ""wall_time_utc"": ""2026-09-06T20:01:42.213232+00:00""}"
1880.600000000,REPLAN_REQUESTED,"{""message"": ""Replanning request. curr_vertex_idx: 21"", ""wall_time_utc"": ""2026-09-06T20:01:42.215237+00:00""}"
1886.400000000,LOCAL_REPLAN,"{""message"": ""Call local replanning..."", ""wall_time_utc"": ""2026-09-06T20:01:48.067709+00:00""}"
1886.400000000,REPLAN_REQUESTED,"{""message"": ""Replanning request. curr_vertex_idx: 21"", ""wall_time_utc"": ""2026-09-06T20:01:48.069644+00:00""}"
1892.700000000,LOCAL_REPLAN,"{""message"": ""Call local replanning..."", ""wall_time_utc"": ""2026-09-06T20:01:54.335503+00:00""}"
1892.700000000,REPLAN_REQUESTED,"{""message"": ""Replanning request. curr_vertex_idx: 21"", ""wall_time_utc"": ""2026-09-06T20:01:54.337420+00:00""}"
1898.700000000,LOCAL_REPLAN,"{""message"": ""Call local replanning..."", ""wall_time_utc"": ""2026-09-06T20:02:00.313354+00:00""}"
1898.700000000,REPLAN_REQUESTED,"{""message"": ""Replanning request. curr_vertex_idx: 21"", ""wall_time_utc"": ""2026-09-06T20:02:00.315452+00:00""}"
1904.700000000,LOCAL_REPLAN,"{""message"": ""Call local replanning..."", ""wall_time_utc"": ""2026-09-06T20:02:06.334116+00:00""}"
1904.700000000,REPLAN_REQUESTED,"{""message"": ""Replanning request. curr_vertex_idx: 21"", ""wall_time_utc"": ""2026-09-06T20:02:06.336297+00:00""}"
1910.300000000,LOCAL_REPLAN,"{""message"": ""Call local replanning..."", ""wall_time_utc"": ""2026-09-06T20:02:11.893049+00:00""}"
1910.300000000,REPLAN_REQUESTED,"{""message"": ""Replanning request. curr_vertex_idx: 21"", ""wall_time_utc"": ""2026-09-06T20:02:11.894749+00:00""}"
1916.400000000,LOCAL_REPLAN,"{""message"": ""Call local replanning..."", ""wall_time_utc"": ""2026-09-06T20:02:18.067987+00:00""}"
1916.400000000,REPLAN_REQUESTED,"{""message"": ""Replanning request. curr_vertex_idx: 21"", ""wall_time_utc"": ""2026-09-06T20:02:18.070147+00:00""}"
1922.300000000,LOCAL_REPLAN,"{""message"": ""Call local replanning..."", ""wall_time_utc"": ""2026-09-06T20:02:23.956709+00:00""}"
1922.300000000,REPLAN_REQUESTED,"{""message"": ""Replanning request. curr_vertex_idx: 21"", ""wall_time_utc"": ""2026-09-06T20:02:23.958374+00:00""}"
1928.700000000,LOCAL_REPLAN,"{""message"": ""Call local replanning..."", ""wall_time_utc"": ""2026-09-06T20:02:30.319557+00:00""}"
1928.700000000,REPLAN_REQUESTED,"{""message"": ""Replanning request. curr_vertex_idx: 21"", ""wall_time_utc"": ""2026-09-06T20:02:30.321442+00:00""}"
1934.400000000,LOCAL_REPLAN,"{""message"": ""Call local replanning..."", ""wall_time_utc"": ""2026-09-06T20:02:36.079342+00:00""}"
1934.400000000,REPLAN_REQUESTED,"{""message"": ""Replanning request. curr_vertex_idx: 21"", ""wall_time_utc"": ""2026-09-06T20:02:36.081045+00:00""}"
1940.300000000,LOCAL_REPLAN,"{""message"": ""Call local replanning..."", ""wall_time_utc"": ""2026-09-06T20:02:41.961530+00:00""}"
1940.300000000,REPLAN_REQUESTED,"{""message"": ""Replanning request. curr_vertex_idx: 21"", ""wall_time_utc"": ""2026-09-06T20:02:41.963404+00:00""}"
1946.300000000,LOCAL_REPLAN,"{""message"": ""Call local replanning..."", ""wall_time_utc"": ""2026-09-06T20:02:47.946346+00:00""}"
1946.300000000,REPLAN_REQUESTED,"{""message"": ""Replanning request. curr_vertex_idx: 21"", ""wall_time_utc"": ""2026-09-06T20:02:47.948649+00:00""}"
1952.300000000,LOCAL_REPLAN,"{""message"": ""Call local replanning..."", ""wall_time_utc"": ""2026-09-06T20:02:53.968134+00:00""}"
1952.300000000,REPLAN_REQUESTED,"{""message"": ""Replanning request. curr_vertex_idx: 21"", ""wall_time_utc"": ""2026-09-06T20:02:53.970265+00:00""}"
1954.000000000,KARTO_LOOP_CONSTRAINT,"{""message"": ""Add one Loop closure. 10 loops have been added."", ""wall_time_utc"": ""2026-09-06T20:02:55.663839+00:00""}"
1954.000000000,KARTO_LOOP_ACCEPTED,"{""chain_end"": 384, ""chain_start"": 379, ""current_scan"": 1497, ""loop_count"": 10, ""received_ros_time"": 1954.0, ""received_wall_time_utc"": ""2026-09-06T20:02:55.664044+00:00"", ""seq"": 10, ""stamp"": 1954.0, ""wall_time_utc"": ""2026-09-06T20:02:55.664066+00:00""}"
1958.300000000,LOCAL_REPLAN,"{""message"": ""Call local replanning..."", ""wall_time_utc"": ""2026-09-06T20:02:59.940250+00:00""}"
1958.300000000,REPLAN_REQUESTED,"{""message"": ""Replanning request. curr_vertex_idx: 21"", ""wall_time_utc"": ""2026-09-06T20:02:59.942288+00:00""}"
1964.400000000,LOCAL_REPLAN,"{""message"": ""Call local replanning..."", ""wall_time_utc"": ""2026-09-06T20:03:06.080988+00:00""}"
1964.400000000,REPLAN_REQUESTED,"{""message"": ""Replanning request. curr_vertex_idx: 21"", ""wall_time_utc"": ""2026-09-06T20:03:06.082999+00:00""}"
1970.800000000,LOCAL_REPLAN,"{""message"": ""Call local replanning..."", ""wall_time_utc"": ""2026-09-06T20:03:12.411468+00:00""}"
1970.800000000,REPLAN_REQUESTED,"{""message"": ""Replanning request. curr_vertex_idx: 21"", ""wall_time_utc"": ""2026-09-06T20:03:12.413463+00:00""}"
1976.600000000,LOCAL_REPLAN,"{""message"": ""Call local replanning..."", ""wall_time_utc"": ""2026-09-06T20:03:18.218735+00:00""}"
1976.600000000,REPLAN_REQUESTED,"{""message"": ""Replanning request. curr_vertex_idx: 21"", ""wall_time_utc"": ""2026-09-06T20:03:18.220622+00:00""}"
1980.400000000,LOCAL_REPLAN,"{""message"": ""Call local replanning..."", ""wall_time_utc"": ""2026-09-06T20:03:22.076145+00:00""}"
1980.400000000,REPLAN_REQUESTED,"{""message"": ""Replanning request. curr_vertex_idx: 21"", ""wall_time_utc"": ""2026-09-06T20:03:22.078425+00:00""}"
1986.500000000,LOCAL_REPLAN,"{""message"": ""Call local replanning..."", ""wall_time_utc"": ""2026-09-06T20:03:28.085138+00:00""}"
1986.500000000,REPLAN_REQUESTED,"{""message"": ""Replanning request. curr_vertex_idx: 21"", ""wall_time_utc"": ""2026-09-06T20:03:28.087005+00:00""}"
1992.400000000,LOCAL_REPLAN,"{""message"": ""Call local replanning..."", ""wall_time_utc"": ""2026-09-06T20:03:34.074794+00:00""}"
1992.400000000,REPLAN_REQUESTED,"{""message"": ""Replanning request. curr_vertex_idx: 21"", ""wall_time_utc"": ""2026-09-06T20:03:34.076720+00:00""}"
1998.300000000,LOCAL_REPLAN,"{""message"": ""Call local replanning..."", ""wall_time_utc"": ""2026-09-06T20:03:39.882881+00:00""}"
1998.300000000,REPLAN_REQUESTED,"{""message"": ""Replanning request. curr_vertex_idx: 21"", ""wall_time_utc"": ""2026-09-06T20:03:39.884789+00:00""}"
2004.200000000,LOCAL_REPLAN,"{""message"": ""Call local replanning..."", ""wall_time_utc"": ""2026-09-06T20:03:45.860513+00:00""}"
2004.200000000,REPLAN_REQUESTED,"{""message"": ""Replanning request. curr_vertex_idx: 21"", ""wall_time_utc"": ""2026-09-06T20:03:45.862820+00:00""}"
2010.300000000,LOCAL_REPLAN,"{""message"": ""Call local replanning..."", ""wall_time_utc"": ""2026-09-06T20:03:51.977127+00:00""}"
2010.300000000,REPLAN_REQUESTED,"{""message"": ""Replanning request. curr_vertex_idx: 21"", ""wall_time_utc"": ""2026-09-06T20:03:51.979110+00:00""}"
2016.600000000,LOCAL_REPLAN,"{""message"": ""Call local replanning..."", ""wall_time_utc"": ""2026-09-06T20:03:58.235493+00:00""}"
2016.600000000,REPLAN_REQUESTED,"{""message"": ""Replanning request. curr_vertex_idx: 21"", ""wall_time_utc"": ""2026-09-06T20:03:58.239108+00:00""}"
2022.900000000,LOCAL_REPLAN,"{""message"": ""Call local replanning..."", ""wall_time_utc"": ""2026-09-06T20:04:04.541105+00:00""}"
2022.900000000,REPLAN_REQUESTED,"{""message"": ""Replanning request. curr_vertex_idx: 21"", ""wall_time_utc"": ""2026-09-06T20:04:04.543028+00:00""}"
2028.400000000,LOCAL_REPLAN,"{""message"": ""Call local replanning..."", ""wall_time_utc"": ""2026-09-06T20:04:10.000097+00:00""}"
2028.400000000,REPLAN_REQUESTED,"{""message"": ""Replanning request. curr_vertex_idx: 21"", ""wall_time_utc"": ""2026-09-06T20:04:10.002043+00:00""}"
2034.300000000,LOCAL_REPLAN,"{""message"": ""Call local replanning..."", ""wall_time_utc"": ""2026-09-06T20:04:15.964617+00:00""}"
2034.300000000,REPLAN_REQUESTED,"{""message"": ""Replanning request. curr_vertex_idx: 21"", ""wall_time_utc"": ""2026-09-06T20:04:15.966335+00:00""}"
2036.500000000,LOCAL_REPLAN,"{""message"": ""Call local replanning..."", ""wall_time_utc"": ""2026-09-06T20:04:18.093707+00:00""}"
2036.500000000,REPLAN_REQUESTED,"{""message"": ""Replanning request. curr_vertex_idx: 21"", ""wall_time_utc"": ""2026-09-06T20:04:18.095398+00:00""}"
2042.300000000,LOCAL_REPLAN,"{""message"": ""Call local replanning..."", ""wall_time_utc"": ""2026-09-06T20:04:23.963270+00:00""}"
2042.300000000,REPLAN_REQUESTED,"{""message"": ""Replanning request. curr_vertex_idx: 21"", ""wall_time_utc"": ""2026-09-06T20:04:23.965341+00:00""}"
2048.200000000,LOCAL_REPLAN,"{""message"": ""Call local replanning..."", ""wall_time_utc"": ""2026-09-06T20:04:29.801440+00:00""}"
2048.200000000,REPLAN_REQUESTED,"{""message"": ""Replanning request. curr_vertex_idx: 21"", ""wall_time_utc"": ""2026-09-06T20:04:29.803237+00:00""}"
2054.500000000,LOCAL_REPLAN,"{""message"": ""Call local replanning..."", ""wall_time_utc"": ""2026-09-06T20:04:36.096074+00:00""}"
2054.500000000,REPLAN_REQUESTED,"{""message"": ""Replanning request. curr_vertex_idx: 21"", ""wall_time_utc"": ""2026-09-06T20:04:36.098303+00:00""}"
2060.200000000,LOCAL_REPLAN,"{""message"": ""Call local replanning..."", ""wall_time_utc"": ""2026-09-06T20:04:41.854961+00:00""}"
2060.200000000,REPLAN_REQUESTED,"{""message"": ""Replanning request. curr_vertex_idx: 21"", ""wall_time_utc"": ""2026-09-06T20:04:41.857331+00:00""}"
2066.500000000,LOCAL_REPLAN,"{""message"": ""Call local replanning..."", ""wall_time_utc"": ""2026-09-06T20:04:48.104096+00:00""}"
2066.500000000,REPLAN_REQUESTED,"{""message"": ""Replanning request. curr_vertex_idx: 21"", ""wall_time_utc"": ""2026-09-06T20:04:48.105932+00:00""}"
2072.900000000,LOCAL_REPLAN,"{""message"": ""Call local replanning..."", ""wall_time_utc"": ""2026-09-06T20:04:54.530549+00:00""}"
2072.900000000,REPLAN_REQUESTED,"{""message"": ""Replanning request. curr_vertex_idx: 21"", ""wall_time_utc"": ""2026-09-06T20:04:54.532569+00:00""}"
2077.100000000,KARTO_LOOP_CONSTRAINT,"{""message"": ""Add one Loop closure. 11 loops have been added."", ""wall_time_utc"": ""2026-09-06T20:04:58.732068+00:00""}"
2077.100000000,KARTO_LOOP_ACCEPTED,"{""chain_end"": 720, ""chain_start"": 714, ""current_scan"": 1576, ""loop_count"": 11, ""received_ros_time"": 2077.1, ""received_wall_time_utc"": ""2026-09-06T20:04:58.732220+00:00"", ""seq"": 11, ""stamp"": 2077.1, ""wall_time_utc"": ""2026-09-06T20:04:58.732234+00:00""}"
2078.800000000,LOCAL_REPLAN,"{""message"": ""Call local replanning..."", ""wall_time_utc"": ""2026-09-06T20:05:00.391415+00:00""}"
2078.800000000,REPLAN_REQUESTED,"{""message"": ""Replanning request. curr_vertex_idx: 21"", ""wall_time_utc"": ""2026-09-06T20:05:00.393195+00:00""}"
2084.800000000,LOCAL_REPLAN,"{""message"": ""Call local replanning..."", ""wall_time_utc"": ""2026-09-06T20:05:06.388702+00:00""}"
2084.800000000,REPLAN_REQUESTED,"{""message"": ""Replanning request. curr_vertex_idx: 21"", ""wall_time_utc"": ""2026-09-06T20:05:06.390517+00:00""}"
2090.500000000,LOCAL_REPLAN,"{""message"": ""Call local replanning..."", ""wall_time_utc"": ""2026-09-06T20:05:12.105521+00:00""}"
2090.500000000,REPLAN_REQUESTED,"{""message"": ""Replanning request. curr_vertex_idx: 21"", ""wall_time_utc"": ""2026-09-06T20:05:12.107536+00:00""}"
2096.500000000,LOCAL_REPLAN,"{""message"": ""Call local replanning..."", ""wall_time_utc"": ""2026-09-06T20:05:18.092076+00:00""}"
2096.500000000,REPLAN_REQUESTED,"{""message"": ""Replanning request. curr_vertex_idx: 21"", ""wall_time_utc"": ""2026-09-06T20:05:18.094049+00:00""}"
2102.500000000,LOCAL_REPLAN,"{""message"": ""Call local replanning..."", ""wall_time_utc"": ""2026-09-06T20:05:24.098056+00:00""}"
2102.500000000,REPLAN_REQUESTED,"{""message"": ""Replanning request. curr_vertex_idx: 21"", ""wall_time_utc"": ""2026-09-06T20:05:24.099804+00:00""}"
2108.500000000,LOCAL_REPLAN,"{""message"": ""Call local replanning..."", ""wall_time_utc"": ""2026-09-06T20:05:30.121860+00:00""}"
2108.500000000,REPLAN_REQUESTED,"{""message"": ""Replanning request. curr_vertex_idx: 21"", ""wall_time_utc"": ""2026-09-06T20:05:30.123980+00:00""}"
2114.300000000,LOCAL_REPLAN,"{""message"": ""Call local replanning..."", ""wall_time_utc"": ""2026-09-06T20:05:35.969079+00:00""}"
2114.300000000,REPLAN_REQUESTED,"{""message"": ""Replanning request. curr_vertex_idx: 21"", ""wall_time_utc"": ""2026-09-06T20:05:35.971253+00:00""}"
2120.600000000,LOCAL_REPLAN,"{""message"": ""Call local replanning..."", ""wall_time_utc"": ""2026-09-06T20:05:42.258091+00:00""}"
2120.600000000,REPLAN_REQUESTED,"{""message"": ""Replanning request. curr_vertex_idx: 21"", ""wall_time_utc"": ""2026-09-06T20:05:42.260066+00:00""}"
2126.600000000,LOCAL_REPLAN,"{""message"": ""Call local replanning..."", ""wall_time_utc"": ""2026-09-06T20:05:48.260165+00:00""}"
2126.600000000,REPLAN_REQUESTED,"{""message"": ""Replanning request. curr_vertex_idx: 21"", ""wall_time_utc"": ""2026-09-06T20:05:48.262002+00:00""}"
2132.500000000,LOCAL_REPLAN,"{""message"": ""Call local replanning..."", ""wall_time_utc"": ""2026-09-06T20:05:54.117351+00:00""}"
2132.500000000,REPLAN_REQUESTED,"{""message"": ""Replanning request. curr_vertex_idx: 21"", ""wall_time_utc"": ""2026-09-06T20:05:54.119420+00:00""}"
2138.800000000,LOCAL_REPLAN,"{""message"": ""Call local replanning..."", ""wall_time_utc"": ""2026-09-06T20:06:00.417804+00:00""}"
2138.800000000,REPLAN_REQUESTED,"{""message"": ""Replanning request. curr_vertex_idx: 21"", ""wall_time_utc"": ""2026-09-06T20:06:00.419780+00:00""}"
2144.700000000,LOCAL_REPLAN,"{""message"": ""Call local replanning..."", ""wall_time_utc"": ""2026-09-06T20:06:06.301594+00:00""}"
2144.700000000,REPLAN_REQUESTED,"{""message"": ""Replanning request. curr_vertex_idx: 21"", ""wall_time_utc"": ""2026-09-06T20:06:06.303503+00:00""}"
2150.200000000,LOCAL_REPLAN,"{""message"": ""Call local replanning..."", ""wall_time_utc"": ""2026-09-06T20:06:11.807787+00:00""}"
2150.200000000,REPLAN_REQUESTED,"{""message"": ""Replanning request. curr_vertex_idx: 21"", ""wall_time_utc"": ""2026-09-06T20:06:11.809854+00:00""}"
2156.200000000,LOCAL_REPLAN,"{""message"": ""Call local replanning..."", ""wall_time_utc"": ""2026-09-06T20:06:17.864893+00:00""}"
2156.200000000,REPLAN_REQUESTED,"{""message"": ""Replanning request. curr_vertex_idx: 21"", ""wall_time_utc"": ""2026-09-06T20:06:17.866889+00:00""}"
2162.400000000,LOCAL_REPLAN,"{""message"": ""Call local replanning..."", ""wall_time_utc"": ""2026-09-06T20:06:23.997795+00:00""}"
2162.400000000,REPLAN_REQUESTED,"{""message"": ""Replanning request. curr_vertex_idx: 21"", ""wall_time_utc"": ""2026-09-06T20:06:23.999881+00:00""}"
2168.400000000,LOCAL_REPLAN,"{""message"": ""Call local replanning..."", ""wall_time_utc"": ""2026-09-06T20:06:29.990760+00:00""}"
2168.400000000,REPLAN_REQUESTED,"{""message"": ""Replanning request. curr_vertex_idx: 21"", ""wall_time_utc"": ""2026-09-06T20:06:29.992720+00:00""}"
2174.200000000,LOCAL_REPLAN,"{""message"": ""Call local replanning..."", ""wall_time_utc"": ""2026-09-06T20:06:35.809291+00:00""}"
2174.200000000,REPLAN_REQUESTED,"{""message"": ""Replanning request. curr_vertex_idx: 21"", ""wall_time_utc"": ""2026-09-06T20:06:35.811070+00:00""}"
2180.500000000,LOCAL_REPLAN,"{""message"": ""Call local replanning..."", ""wall_time_utc"": ""2026-09-06T20:06:42.115359+00:00""}"
2180.500000000,REPLAN_REQUESTED,"{""message"": ""Replanning request. curr_vertex_idx: 21"", ""wall_time_utc"": ""2026-09-06T20:06:42.117669+00:00""}"
2186.100000000,LOCAL_REPLAN,"{""message"": ""Call local replanning..."", ""wall_time_utc"": ""2026-09-06T20:06:47.735687+00:00""}"
2186.100000000,REPLAN_REQUESTED,"{""message"": ""Replanning request. curr_vertex_idx: 21"", ""wall_time_utc"": ""2026-09-06T20:06:47.737573+00:00""}"
2192.300000000,LOCAL_REPLAN,"{""message"": ""Call local replanning..."", ""wall_time_utc"": ""2026-09-06T20:06:53.966593+00:00""}"
2192.300000000,REPLAN_REQUESTED,"{""message"": ""Replanning request. curr_vertex_idx: 21"", ""wall_time_utc"": ""2026-09-06T20:06:53.968596+00:00""}"
2194.500000000,LOCAL_REPLAN,"{""message"": ""Call local replanning..."", ""wall_time_utc"": ""2026-09-06T20:06:56.145220+00:00""}"
2194.500000000,REPLAN_REQUESTED,"{""message"": ""Replanning request. curr_vertex_idx: 21"", ""wall_time_utc"": ""2026-09-06T20:06:56.147326+00:00""}"
2200.700000000,LOCAL_REPLAN,"{""message"": ""Call local replanning..."", ""wall_time_utc"": ""2026-09-06T20:07:02.308404+00:00""}"
2200.700000000,REPLAN_REQUESTED,"{""message"": ""Replanning request. curr_vertex_idx: 21"", ""wall_time_utc"": ""2026-09-06T20:07:02.310377+00:00""}"
2206.500000000,LOCAL_REPLAN,"{""message"": ""Call local replanning..."", ""wall_time_utc"": ""2026-09-06T20:07:08.118728+00:00""}"
2206.500000000,REPLAN_REQUESTED,"{""message"": ""Replanning request. curr_vertex_idx: 21"", ""wall_time_utc"": ""2026-09-06T20:07:08.120849+00:00""}"
2212.600000000,LOCAL_REPLAN,"{""message"": ""Call local replanning..."", ""wall_time_utc"": ""2026-09-06T20:07:14.281012+00:00""}"
2212.700000000,REPLAN_REQUESTED,"{""message"": ""Replanning request. curr_vertex_idx: 21"", ""wall_time_utc"": ""2026-09-06T20:07:14.283068+00:00""}"
2217.200000000,KARTO_LOOP_CONSTRAINT,"{""message"": ""Add one Loop closure. 12 loops have been added."", ""wall_time_utc"": ""2026-09-06T20:07:18.829228+00:00""}"
2217.200000000,KARTO_LOOP_ACCEPTED,"{""chain_end"": 924, ""chain_start"": 920, ""current_scan"": 1643, ""loop_count"": 12, ""received_ros_time"": 2217.2, ""received_wall_time_utc"": ""2026-09-06T20:07:18.829394+00:00"", ""seq"": 12, ""stamp"": 2217.2, ""wall_time_utc"": ""2026-09-06T20:07:18.829409+00:00""}"
2218.200000000,LOCAL_REPLAN,"{""message"": ""Call local replanning..."", ""wall_time_utc"": ""2026-09-06T20:07:19.810262+00:00""}"
2218.200000000,REPLAN_REQUESTED,"{""message"": ""Replanning request. curr_vertex_idx: 21"", ""wall_time_utc"": ""2026-09-06T20:07:19.812309+00:00""}"
2224.200000000,LOCAL_REPLAN,"{""message"": ""Call local replanning..."", ""wall_time_utc"": ""2026-09-06T20:07:25.784865+00:00""}"
2224.200000000,REPLAN_REQUESTED,"{""message"": ""Replanning request. curr_vertex_idx: 21"", ""wall_time_utc"": ""2026-09-06T20:07:25.786580+00:00""}"
2230.600000000,LOCAL_REPLAN,"{""message"": ""Call local replanning..."", ""wall_time_utc"": ""2026-09-06T20:07:32.231170+00:00""}"
2230.600000000,REPLAN_REQUESTED,"{""message"": ""Replanning request. curr_vertex_idx: 21"", ""wall_time_utc"": ""2026-09-06T20:07:32.232665+00:00""}"
2236.800000000,LOCAL_REPLAN,"{""message"": ""Call local replanning..."", ""wall_time_utc"": ""2026-09-06T20:07:38.420074+00:00""}"
2236.800000000,REPLAN_REQUESTED,"{""message"": ""Replanning request. curr_vertex_idx: 21"", ""wall_time_utc"": ""2026-09-06T20:07:38.421918+00:00""}"
2243.200000000,LOCAL_REPLAN,"{""message"": ""Call local replanning..."", ""wall_time_utc"": ""2026-09-06T20:07:44.818436+00:00""}"
2243.200000000,REPLAN_REQUESTED,"{""message"": ""Replanning request. curr_vertex_idx: 21"", ""wall_time_utc"": ""2026-09-06T20:07:44.820712+00:00""}"
2248.700000000,LOCAL_REPLAN,"{""message"": ""Call local replanning..."", ""wall_time_utc"": ""2026-09-06T20:07:50.317281+00:00""}"
2248.700000000,REPLAN_REQUESTED,"{""message"": ""Replanning request. curr_vertex_idx: 21"", ""wall_time_utc"": ""2026-09-06T20:07:50.319282+00:00""}"
2255.000000000,LOCAL_REPLAN,"{""message"": ""Call local replanning..."", ""wall_time_utc"": ""2026-09-06T20:07:56.596041+00:00""}"
2255.000000000,REPLAN_REQUESTED,"{""message"": ""Replanning request. curr_vertex_idx: 21"", ""wall_time_utc"": ""2026-09-06T20:07:56.598223+00:00""}"
2260.800000000,LOCAL_REPLAN,"{""message"": ""Call local replanning..."", ""wall_time_utc"": ""2026-09-06T20:08:02.437207+00:00""}"
2260.800000000,REPLAN_REQUESTED,"{""message"": ""Replanning request. curr_vertex_idx: 21"", ""wall_time_utc"": ""2026-09-06T20:08:02.438969+00:00""}"
2266.700000000,LOCAL_REPLAN,"{""message"": ""Call local replanning..."", ""wall_time_utc"": ""2026-09-06T20:08:08.287528+00:00""}"
2266.700000000,REPLAN_REQUESTED,"{""message"": ""Replanning request. curr_vertex_idx: 21"", ""wall_time_utc"": ""2026-09-06T20:08:08.289228+00:00""}"
2272.300000000,LOCAL_REPLAN,"{""message"": ""Call local replanning..."", ""wall_time_utc"": ""2026-09-06T20:08:13.968845+00:00""}"
2272.300000000,REPLAN_REQUESTED,"{""message"": ""Replanning request. curr_vertex_idx: 21"", ""wall_time_utc"": ""2026-09-06T20:08:13.970756+00:00""}"
2278.500000000,LOCAL_REPLAN,"{""message"": ""Call local replanning..."", ""wall_time_utc"": ""2026-09-06T20:08:20.151307+00:00""}"
2278.500000000,REPLAN_REQUESTED,"{""message"": ""Replanning request. curr_vertex_idx: 21"", ""wall_time_utc"": ""2026-09-06T20:08:20.153481+00:00""}"
2284.500000000,LOCAL_REPLAN,"{""message"": ""Call local replanning..."", ""wall_time_utc"": ""2026-09-06T20:08:26.110024+00:00""}"
2284.500000000,REPLAN_REQUESTED,"{""message"": ""Replanning request. curr_vertex_idx: 21"", ""wall_time_utc"": ""2026-09-06T20:08:26.112065+00:00""}"
2290.500000000,LOCAL_REPLAN,"{""message"": ""Call local replanning..."", ""wall_time_utc"": ""2026-09-06T20:08:32.119951+00:00""}"
2290.500000000,REPLAN_REQUESTED,"{""message"": ""Replanning request. curr_vertex_idx: 21"", ""wall_time_utc"": ""2026-09-06T20:08:32.122152+00:00""}"
2296.800000000,LOCAL_REPLAN,"{""message"": ""Call local replanning..."", ""wall_time_utc"": ""2026-09-06T20:08:38.445202+00:00""}"
2296.800000000,REPLAN_REQUESTED,"{""message"": ""Replanning request. curr_vertex_idx: 21"", ""wall_time_utc"": ""2026-09-06T20:08:38.447250+00:00""}"
2302.500000000,LOCAL_REPLAN,"{""message"": ""Call local replanning..."", ""wall_time_utc"": ""2026-09-06T20:08:44.145944+00:00""}"
2302.500000000,REPLAN_REQUESTED,"{""message"": ""Replanning request. curr_vertex_idx: 21"", ""wall_time_utc"": ""2026-09-06T20:08:44.147805+00:00""}"
2308.500000000,LOCAL_REPLAN,"{""message"": ""Call local replanning..."", ""wall_time_utc"": ""2026-09-06T20:08:50.120369+00:00""}"
2308.500000000,REPLAN_REQUESTED,"{""message"": ""Replanning request. curr_vertex_idx: 21"", ""wall_time_utc"": ""2026-09-06T20:08:50.122706+00:00""}"
2314.200000000,LOCAL_REPLAN,"{""message"": ""Call local replanning..."", ""wall_time_utc"": ""2026-09-06T20:08:55.822058+00:00""}"
2314.200000000,REPLAN_REQUESTED,"{""message"": ""Replanning request. curr_vertex_idx: 21"", ""wall_time_utc"": ""2026-09-06T20:08:55.824024+00:00""}"
2320.100000000,LOCAL_REPLAN,"{""message"": ""Call local replanning..."", ""wall_time_utc"": ""2026-09-06T20:09:01.709658+00:00""}"
2320.100000000,REPLAN_REQUESTED,"{""message"": ""Replanning request. curr_vertex_idx: 21"", ""wall_time_utc"": ""2026-09-06T20:09:01.712003+00:00""}"
2326.200000000,LOCAL_REPLAN,"{""message"": ""Call local replanning..."", ""wall_time_utc"": ""2026-09-06T20:09:07.813817+00:00""}"
2326.200000000,REPLAN_REQUESTED,"{""message"": ""Replanning request. curr_vertex_idx: 21"", ""wall_time_utc"": ""2026-09-06T20:09:07.815825+00:00""}"
2332.300000000,LOCAL_REPLAN,"{""message"": ""Call local replanning..."", ""wall_time_utc"": ""2026-09-06T20:09:13.971662+00:00""}"
2332.300000000,REPLAN_REQUESTED,"{""message"": ""Replanning request. curr_vertex_idx: 21"", ""wall_time_utc"": ""2026-09-06T20:09:13.973640+00:00""}"
2338.800000000,LOCAL_REPLAN,"{""message"": ""Call local replanning..."", ""wall_time_utc"": ""2026-09-06T20:09:20.440391+00:00""}"
2338.800000000,REPLAN_REQUESTED,"{""message"": ""Replanning request. curr_vertex_idx: 21"", ""wall_time_utc"": ""2026-09-06T20:09:20.442087+00:00""}"
2344.700000000,LOCAL_REPLAN,"{""message"": ""Call local replanning..."", ""wall_time_utc"": ""2026-09-06T20:09:26.369461+00:00""}"
2344.700000000,REPLAN_REQUESTED,"{""message"": ""Replanning request. curr_vertex_idx: 21"", ""wall_time_utc"": ""2026-09-06T20:09:26.370948+00:00""}"
2350.600000000,LOCAL_REPLAN,"{""message"": ""Call local replanning..."", ""wall_time_utc"": ""2026-09-06T20:09:32.235181+00:00""}"
2350.600000000,REPLAN_REQUESTED,"{""message"": ""Replanning request. curr_vertex_idx: 21"", ""wall_time_utc"": ""2026-09-06T20:09:32.237252+00:00""}"
2352.500000000,KARTO_LOOP_CONSTRAINT,"{""message"": ""Add one Loop closure. 13 loops have been added."", ""wall_time_utc"": ""2026-09-06T20:09:34.111107+00:00""}"
2352.500000000,KARTO_LOOP_ACCEPTED,"{""chain_end"": 50, ""chain_start"": 46, ""current_scan"": 1716, ""loop_count"": 13, ""received_ros_time"": 2352.5, ""received_wall_time_utc"": ""2026-09-06T20:09:34.111314+00:00"", ""seq"": 13, ""stamp"": 2352.5, ""wall_time_utc"": ""2026-09-06T20:09:34.111327+00:00""}"
2356.300000000,LOCAL_REPLAN,"{""message"": ""Call local replanning..."", ""wall_time_utc"": ""2026-09-06T20:09:37.974290+00:00""}"
2356.300000000,REPLAN_REQUESTED,"{""message"": ""Replanning request. curr_vertex_idx: 21"", ""wall_time_utc"": ""2026-09-06T20:09:37.976108+00:00""}"
2362.900000000,LOCAL_REPLAN,"{""message"": ""Call local replanning..."", ""wall_time_utc"": ""2026-09-06T20:09:44.549467+00:00""}"
2362.900000000,REPLAN_REQUESTED,"{""message"": ""Replanning request. curr_vertex_idx: 21"", ""wall_time_utc"": ""2026-09-06T20:09:44.551455+00:00""}"
2368.600000000,LOCAL_REPLAN,"{""message"": ""Call local replanning..."", ""wall_time_utc"": ""2026-09-06T20:09:50.207809+00:00""}"
2368.600000000,REPLAN_REQUESTED,"{""message"": ""Replanning request. curr_vertex_idx: 21"", ""wall_time_utc"": ""2026-09-06T20:09:50.209751+00:00""}"
2374.200000000,LOCAL_REPLAN,"{""message"": ""Call local replanning..."", ""wall_time_utc"": ""2026-09-06T20:09:55.807854+00:00""}"
2374.200000000,REPLAN_REQUESTED,"{""message"": ""Replanning request. curr_vertex_idx: 21"", ""wall_time_utc"": ""2026-09-06T20:09:55.809854+00:00""}"
2380.100000000,LOCAL_REPLAN,"{""message"": ""Call local replanning..."", ""wall_time_utc"": ""2026-09-06T20:10:01.768116+00:00""}"
2380.100000000,REPLAN_REQUESTED,"{""message"": ""Replanning request. curr_vertex_idx: 21"", ""wall_time_utc"": ""2026-09-06T20:10:01.770022+00:00""}"
2387.000000000,LOCAL_REPLAN,"{""message"": ""Call local replanning..."", ""wall_time_utc"": ""2026-09-06T20:10:08.663418+00:00""}"
2387.000000000,REPLAN_REQUESTED,"{""message"": ""Replanning request. curr_vertex_idx: 21"", ""wall_time_utc"": ""2026-09-06T20:10:08.665409+00:00""}"
2392.700000000,LOCAL_REPLAN,"{""message"": ""Call local replanning..."", ""wall_time_utc"": ""2026-09-06T20:10:14.369377+00:00""}"
2392.700000000,REPLAN_REQUESTED,"{""message"": ""Replanning request. curr_vertex_idx: 21"", ""wall_time_utc"": ""2026-09-06T20:10:14.371298+00:00""}"
2398.400000000,LOCAL_REPLAN,"{""message"": ""Call local replanning..."", ""wall_time_utc"": ""2026-09-06T20:10:19.993360+00:00""}"
2398.400000000,REPLAN_REQUESTED,"{""message"": ""Replanning request. curr_vertex_idx: 21"", ""wall_time_utc"": ""2026-09-06T20:10:19.995096+00:00""}"
2404.200000000,LOCAL_REPLAN,"{""message"": ""Call local replanning..."", ""wall_time_utc"": ""2026-09-06T20:10:25.815826+00:00""}"
2404.200000000,REPLAN_REQUESTED,"{""message"": ""Replanning request. curr_vertex_idx: 21"", ""wall_time_utc"": ""2026-09-06T20:10:25.817690+00:00""}"
2410.200000000,LOCAL_REPLAN,"{""message"": ""Call local replanning..."", ""wall_time_utc"": ""2026-09-06T20:10:31.813589+00:00""}"
2410.200000000,REPLAN_REQUESTED,"{""message"": ""Replanning request. curr_vertex_idx: 21"", ""wall_time_utc"": ""2026-09-06T20:10:31.815607+00:00""}"
2416.900000000,LOCAL_REPLAN,"{""message"": ""Call local replanning..."", ""wall_time_utc"": ""2026-09-06T20:10:38.494101+00:00""}"
2416.900000000,REPLAN_REQUESTED,"{""message"": ""Replanning request. curr_vertex_idx: 21"", ""wall_time_utc"": ""2026-09-06T20:10:38.495655+00:00""}"
2422.700000000,LOCAL_REPLAN,"{""message"": ""Call local replanning..."", ""wall_time_utc"": ""2026-09-06T20:10:44.360150+00:00""}"
2422.700000000,REPLAN_REQUESTED,"{""message"": ""Replanning request. curr_vertex_idx: 21"", ""wall_time_utc"": ""2026-09-06T20:10:44.362177+00:00""}"
2428.800000000,LOCAL_REPLAN,"{""message"": ""Call local replanning..."", ""wall_time_utc"": ""2026-09-06T20:10:50.468314+00:00""}"
2428.800000000,REPLAN_REQUESTED,"{""message"": ""Replanning request. curr_vertex_idx: 21"", ""wall_time_utc"": ""2026-09-06T20:10:50.471745+00:00""}"
2434.800000000,LOCAL_REPLAN,"{""message"": ""Call local replanning..."", ""wall_time_utc"": ""2026-09-06T20:10:56.477648+00:00""}"
2434.800000000,REPLAN_REQUESTED,"{""message"": ""Replanning request. curr_vertex_idx: 21"", ""wall_time_utc"": ""2026-09-06T20:10:56.479770+00:00""}"
2440.900000000,LOCAL_REPLAN,"{""message"": ""Call local replanning..."", ""wall_time_utc"": ""2026-09-06T20:11:02.505704+00:00""}"
2440.900000000,REPLAN_REQUESTED,"{""message"": ""Replanning request. curr_vertex_idx: 21"", ""wall_time_utc"": ""2026-09-06T20:11:02.507573+00:00""}"
2446.600000000,LOCAL_REPLAN,"{""message"": ""Call local replanning..."", ""wall_time_utc"": ""2026-09-06T20:11:08.196420+00:00""}"
2446.600000000,REPLAN_REQUESTED,"{""message"": ""Replanning request. curr_vertex_idx: 21"", ""wall_time_utc"": ""2026-09-06T20:11:08.198459+00:00""}"
2452.200000000,LOCAL_REPLAN,"{""message"": ""Call local replanning..."", ""wall_time_utc"": ""2026-09-06T20:11:13.816482+00:00""}"
2452.200000000,REPLAN_REQUESTED,"{""message"": ""Replanning request. curr_vertex_idx: 21"", ""wall_time_utc"": ""2026-09-06T20:11:13.818169+00:00""}"
2459.000000000,LOCAL_REPLAN,"{""message"": ""Call local replanning..."", ""wall_time_utc"": ""2026-09-06T20:11:20.634170+00:00""}"
2459.000000000,REPLAN_REQUESTED,"{""message"": ""Replanning request. curr_vertex_idx: 21"", ""wall_time_utc"": ""2026-09-06T20:11:20.636179+00:00""}"
2464.700000000,LOCAL_REPLAN,"{""message"": ""Call local replanning..."", ""wall_time_utc"": ""2026-09-06T20:11:26.318433+00:00""}"
2464.700000000,REPLAN_REQUESTED,"{""message"": ""Replanning request. curr_vertex_idx: 21"", ""wall_time_utc"": ""2026-09-06T20:11:26.320670+00:00""}"
2470.200000000,LOCAL_REPLAN,"{""message"": ""Call local replanning..."", ""wall_time_utc"": ""2026-09-06T20:11:31.840906+00:00""}"
2470.200000000,REPLAN_REQUESTED,"{""message"": ""Replanning request. curr_vertex_idx: 21"", ""wall_time_utc"": ""2026-09-06T20:11:31.842964+00:00""}"
2476.700000000,LOCAL_REPLAN,"{""message"": ""Call local replanning..."", ""wall_time_utc"": ""2026-09-06T20:11:38.333671+00:00""}"
2476.700000000,REPLAN_REQUESTED,"{""message"": ""Replanning request. curr_vertex_idx: 21"", ""wall_time_utc"": ""2026-09-06T20:11:38.335669+00:00""}"
2482.400000000,LOCAL_REPLAN,"{""message"": ""Call local replanning..."", ""wall_time_utc"": ""2026-09-06T20:11:44.031939+00:00""}"
2482.400000000,REPLAN_REQUESTED,"{""message"": ""Replanning request. curr_vertex_idx: 21"", ""wall_time_utc"": ""2026-09-06T20:11:44.033886+00:00""}"
2488.500000000,LOCAL_REPLAN,"{""message"": ""Call local replanning..."", ""wall_time_utc"": ""2026-09-06T20:11:50.165962+00:00""}"
2488.500000000,REPLAN_REQUESTED,"{""message"": ""Replanning request. curr_vertex_idx: 21"", ""wall_time_utc"": ""2026-09-06T20:11:50.167854+00:00""}"
2494.200000000,LOCAL_REPLAN,"{""message"": ""Call local replanning..."", ""wall_time_utc"": ""2026-09-06T20:11:55.843482+00:00""}"
2494.200000000,REPLAN_REQUESTED,"{""message"": ""Replanning request. curr_vertex_idx: 21"", ""wall_time_utc"": ""2026-09-06T20:11:55.845441+00:00""}"
2500.900000000,LOCAL_REPLAN,"{""message"": ""Call local replanning..."", ""wall_time_utc"": ""2026-09-06T20:12:02.558594+00:00""}"
2500.900000000,REPLAN_REQUESTED,"{""message"": ""Replanning request. curr_vertex_idx: 21"", ""wall_time_utc"": ""2026-09-06T20:12:02.560605+00:00""}"
2506.700000000,LOCAL_REPLAN,"{""message"": ""Call local replanning..."", ""wall_time_utc"": ""2026-09-06T20:12:08.346880+00:00""}"
2506.700000000,REPLAN_REQUESTED,"{""message"": ""Replanning request. curr_vertex_idx: 21"", ""wall_time_utc"": ""2026-09-06T20:12:08.349137+00:00""}"
2509.700000000,LOCAL_REPLAN,"{""message"": ""Call local replanning..."", ""wall_time_utc"": ""2026-09-06T20:12:11.346170+00:00""}"
2509.700000000,REPLAN_REQUESTED,"{""message"": ""Replanning request. curr_vertex_idx: 21"", ""wall_time_utc"": ""2026-09-06T20:12:11.347807+00:00""}"
2511.500000000,LOCAL_REPLAN,"{""message"": ""Call local replanning..."", ""wall_time_utc"": ""2026-09-06T20:12:13.171764+00:00""}"
2511.500000000,REPLAN_REQUESTED,"{""message"": ""Replanning request. curr_vertex_idx: 21"", ""wall_time_utc"": ""2026-09-06T20:12:13.173662+00:00""}"
2517.500000000,LOCAL_REPLAN,"{""message"": ""Call local replanning..."", ""wall_time_utc"": ""2026-09-06T20:12:19.172654+00:00""}"
2517.500000000,REPLAN_REQUESTED,"{""message"": ""Replanning request. curr_vertex_idx: 21"", ""wall_time_utc"": ""2026-09-06T20:12:19.174648+00:00""}"
2523.700000000,LOCAL_REPLAN,"{""message"": ""Call local replanning..."", ""wall_time_utc"": ""2026-09-06T20:12:25.366675+00:00""}"
2523.700000000,REPLAN_REQUESTED,"{""message"": ""Replanning request. curr_vertex_idx: 21"", ""wall_time_utc"": ""2026-09-06T20:12:25.368555+00:00""}"
2525.600000000,LOCAL_REPLAN,"{""message"": ""Call local replanning..."", ""wall_time_utc"": ""2026-09-06T20:12:27.196176+00:00""}"
2525.600000000,REPLAN_REQUESTED,"{""message"": ""Replanning request. curr_vertex_idx: 21"", ""wall_time_utc"": ""2026-09-06T20:12:27.198049+00:00""}"
2527.600000000,LOCAL_REPLAN,"{""message"": ""Call local replanning..."", ""wall_time_utc"": ""2026-09-06T20:12:29.218112+00:00""}"
2527.600000000,REPLAN_REQUESTED,"{""message"": ""Replanning request. curr_vertex_idx: 21"", ""wall_time_utc"": ""2026-09-06T20:12:29.219870+00:00""}"
2533.200000000,LOCAL_REPLAN,"{""message"": ""Call local replanning..."", ""wall_time_utc"": ""2026-09-06T20:12:34.870856+00:00""}"
2533.200000000,REPLAN_REQUESTED,"{""message"": ""Replanning request. curr_vertex_idx: 21"", ""wall_time_utc"": ""2026-09-06T20:12:34.872675+00:00""}"
2539.400000000,LOCAL_REPLAN,"{""message"": ""Call local replanning..."", ""wall_time_utc"": ""2026-09-06T20:12:40.997898+00:00""}"
2539.400000000,REPLAN_REQUESTED,"{""message"": ""Replanning request. curr_vertex_idx: 21"", ""wall_time_utc"": ""2026-09-06T20:12:40.999947+00:00""}"
2545.200000000,LOCAL_REPLAN,"{""message"": ""Call local replanning..."", ""wall_time_utc"": ""2026-09-06T20:12:46.828507+00:00""}"
2545.200000000,REPLAN_REQUESTED,"{""message"": ""Replanning request. curr_vertex_idx: 21"", ""wall_time_utc"": ""2026-09-06T20:12:46.830505+00:00""}"
2551.900000000,LOCAL_REPLAN,"{""message"": ""Call local replanning..."", ""wall_time_utc"": ""2026-09-06T20:12:53.535449+00:00""}"
2551.900000000,REPLAN_REQUESTED,"{""message"": ""Replanning request. curr_vertex_idx: 21"", ""wall_time_utc"": ""2026-09-06T20:12:53.537697+00:00""}"
2557.800000000,LOCAL_REPLAN,"{""message"": ""Call local replanning..."", ""wall_time_utc"": ""2026-09-06T20:12:59.388415+00:00""}"
2557.800000000,REPLAN_REQUESTED,"{""message"": ""Replanning request. curr_vertex_idx: 21"", ""wall_time_utc"": ""2026-09-06T20:12:59.390499+00:00""}"
2563.500000000,LOCAL_REPLAN,"{""message"": ""Call local replanning..."", ""wall_time_utc"": ""2026-09-06T20:13:05.087168+00:00""}"
2563.500000000,REPLAN_REQUESTED,"{""message"": ""Replanning request. curr_vertex_idx: 21"", ""wall_time_utc"": ""2026-09-06T20:13:05.088828+00:00""}"
2569.400000000,LOCAL_REPLAN,"{""message"": ""Call local replanning..."", ""wall_time_utc"": ""2026-09-06T20:13:11.003193+00:00""}"
2569.400000000,REPLAN_REQUESTED,"{""message"": ""Replanning request. curr_vertex_idx: 21"", ""wall_time_utc"": ""2026-09-06T20:13:11.005256+00:00""}"
2576.000000000,LOCAL_REPLAN,"{""message"": ""Call local replanning..."", ""wall_time_utc"": ""2026-09-06T20:13:17.614912+00:00""}"
2576.000000000,REPLAN_REQUESTED,"{""message"": ""Replanning request. curr_vertex_idx: 21"", ""wall_time_utc"": ""2026-09-06T20:13:17.616622+00:00""}"
2581.600000000,LOCAL_REPLAN,"{""message"": ""Call local replanning..."", ""wall_time_utc"": ""2026-09-06T20:13:23.252660+00:00""}"
2581.600000000,REPLAN_REQUESTED,"{""message"": ""Replanning request. curr_vertex_idx: 21"", ""wall_time_utc"": ""2026-09-06T20:13:23.254484+00:00""}"
2588.100000000,LOCAL_REPLAN,"{""message"": ""Call local replanning..."", ""wall_time_utc"": ""2026-09-06T20:13:29.712950+00:00""}"
2588.100000000,REPLAN_REQUESTED,"{""message"": ""Replanning request. curr_vertex_idx: 21"", ""wall_time_utc"": ""2026-09-06T20:13:29.714791+00:00""}"
2593.600000000,LOCAL_REPLAN,"{""message"": ""Call local replanning..."", ""wall_time_utc"": ""2026-09-06T20:13:35.225449+00:00""}"
2593.600000000,REPLAN_REQUESTED,"{""message"": ""Replanning request. curr_vertex_idx: 21"", ""wall_time_utc"": ""2026-09-06T20:13:35.227204+00:00""}"
2600.000000000,LOCAL_REPLAN,"{""message"": ""Call local replanning..."", ""wall_time_utc"": ""2026-09-06T20:13:41.657338+00:00""}"
2600.000000000,REPLAN_REQUESTED,"{""message"": ""Replanning request. curr_vertex_idx: 21"", ""wall_time_utc"": ""2026-09-06T20:13:41.659369+00:00""}"
2606.600000000,LOCAL_REPLAN,"{""message"": ""Call local replanning..."", ""wall_time_utc"": ""2026-09-06T20:13:48.200792+00:00""}"
2606.600000000,REPLAN_REQUESTED,"{""message"": ""Replanning request. curr_vertex_idx: 21"", ""wall_time_utc"": ""2026-09-06T20:13:48.202500+00:00""}"
2612.000000000,LOCAL_REPLAN,"{""message"": ""Call local replanning..."", ""wall_time_utc"": ""2026-09-06T20:13:53.599764+00:00""}"
2612.000000000,REPLAN_REQUESTED,"{""message"": ""Replanning request. curr_vertex_idx: 21"", ""wall_time_utc"": ""2026-09-06T20:13:53.601826+00:00""}"
2617.800000000,LOCAL_REPLAN,"{""message"": ""Call local replanning..."", ""wall_time_utc"": ""2026-09-06T20:13:59.384554+00:00""}"
2617.800000000,REPLAN_REQUESTED,"{""message"": ""Replanning request. curr_vertex_idx: 21"", ""wall_time_utc"": ""2026-09-06T20:13:59.386470+00:00""}"
2623.800000000,LOCAL_REPLAN,"{""message"": ""Call local replanning..."", ""wall_time_utc"": ""2026-09-06T20:14:05.403190+00:00""}"
2623.800000000,REPLAN_REQUESTED,"{""message"": ""Replanning request. curr_vertex_idx: 21"", ""wall_time_utc"": ""2026-09-06T20:14:05.404999+00:00""}"
2629.600000000,LOCAL_REPLAN,"{""message"": ""Call local replanning..."", ""wall_time_utc"": ""2026-09-06T20:14:11.244967+00:00""}"
2629.600000000,REPLAN_REQUESTED,"{""message"": ""Replanning request. curr_vertex_idx: 21"", ""wall_time_utc"": ""2026-09-06T20:14:11.247075+00:00""}"
2636.200000000,LOCAL_REPLAN,"{""message"": ""Call local replanning..."", ""wall_time_utc"": ""2026-09-06T20:14:17.836620+00:00""}"
2636.200000000,REPLAN_REQUESTED,"{""message"": ""Replanning request. curr_vertex_idx: 21"", ""wall_time_utc"": ""2026-09-06T20:14:17.838753+00:00""}"
2641.600000000,LOCAL_REPLAN,"{""message"": ""Call local replanning..."", ""wall_time_utc"": ""2026-09-06T20:14:23.247349+00:00""}"
2641.600000000,REPLAN_REQUESTED,"{""message"": ""Replanning request. curr_vertex_idx: 21"", ""wall_time_utc"": ""2026-09-06T20:14:23.249429+00:00""}"
2647.600000000,LOCAL_REPLAN,"{""message"": ""Call local replanning..."", ""wall_time_utc"": ""2026-09-06T20:14:29.220732+00:00""}"
2647.600000000,REPLAN_REQUESTED,"{""message"": ""Replanning request. curr_vertex_idx: 21"", ""wall_time_utc"": ""2026-09-06T20:14:29.223007+00:00""}"
2653.700000000,LOCAL_REPLAN,"{""message"": ""Call local replanning..."", ""wall_time_utc"": ""2026-09-06T20:14:35.379647+00:00""}"
2653.700000000,REPLAN_REQUESTED,"{""message"": ""Replanning request. curr_vertex_idx: 21"", ""wall_time_utc"": ""2026-09-06T20:14:35.381608+00:00""}"
2659.900000000,LOCAL_REPLAN,"{""message"": ""Call local replanning..."", ""wall_time_utc"": ""2026-09-06T20:14:41.494029+00:00""}"
2659.900000000,REPLAN_REQUESTED,"{""message"": ""Replanning request. curr_vertex_idx: 21"", ""wall_time_utc"": ""2026-09-06T20:14:41.495688+00:00""}"
2665.600000000,LOCAL_REPLAN,"{""message"": ""Call local replanning..."", ""wall_time_utc"": ""2026-09-06T20:14:47.216841+00:00""}"
2665.600000000,REPLAN_REQUESTED,"{""message"": ""Replanning request. curr_vertex_idx: 21"", ""wall_time_utc"": ""2026-09-06T20:14:47.218457+00:00""}"
2671.200000000,LOCAL_REPLAN,"{""message"": ""Call local replanning..."", ""wall_time_utc"": ""2026-09-06T20:14:52.830086+00:00""}"
2671.200000000,REPLAN_REQUESTED,"{""message"": ""Replanning request. curr_vertex_idx: 21"", ""wall_time_utc"": ""2026-09-06T20:14:52.831678+00:00""}"
2678.300000000,LOCAL_REPLAN,"{""message"": ""Call local replanning..."", ""wall_time_utc"": ""2026-09-06T20:14:59.896254+00:00""}"
2678.300000000,REPLAN_REQUESTED,"{""message"": ""Replanning request. curr_vertex_idx: 21"", ""wall_time_utc"": ""2026-09-06T20:14:59.897500+00:00""}"
2683.600000000,LOCAL_REPLAN,"{""message"": ""Call local replanning..."", ""wall_time_utc"": ""2026-09-06T20:15:05.233553+00:00""}"
2683.600000000,REPLAN_REQUESTED,"{""message"": ""Replanning request. curr_vertex_idx: 21"", ""wall_time_utc"": ""2026-09-06T20:15:05.235116+00:00""}"
2689.800000000,LOCAL_REPLAN,"{""message"": ""Call local replanning..."", ""wall_time_utc"": ""2026-09-06T20:15:11.425627+00:00""}"
2689.800000000,REPLAN_REQUESTED,"{""message"": ""Replanning request. curr_vertex_idx: 21"", ""wall_time_utc"": ""2026-09-06T20:15:11.427223+00:00""}"
2695.600000000,LOCAL_REPLAN,"{""message"": ""Call local replanning..."", ""wall_time_utc"": ""2026-09-06T20:15:17.227199+00:00""}"
2695.600000000,REPLAN_REQUESTED,"{""message"": ""Replanning request. curr_vertex_idx: 21"", ""wall_time_utc"": ""2026-09-06T20:15:17.229253+00:00""}"
2702.100000000,LOCAL_REPLAN,"{""message"": ""Call local replanning..."", ""wall_time_utc"": ""2026-09-06T20:15:23.751594+00:00""}"
2702.100000000,REPLAN_REQUESTED,"{""message"": ""Replanning request. curr_vertex_idx: 21"", ""wall_time_utc"": ""2026-09-06T20:15:23.753570+00:00""}"
2707.600000000,LOCAL_REPLAN,"{""message"": ""Call local replanning..."", ""wall_time_utc"": ""2026-09-06T20:15:29.233608+00:00""}"
2707.600000000,REPLAN_REQUESTED,"{""message"": ""Replanning request. curr_vertex_idx: 21"", ""wall_time_utc"": ""2026-09-06T20:15:29.235223+00:00""}"
2713.600000000,LOCAL_REPLAN,"{""message"": ""Call local replanning..."", ""wall_time_utc"": ""2026-09-06T20:15:35.243480+00:00""}"
2713.600000000,REPLAN_REQUESTED,"{""message"": ""Replanning request. curr_vertex_idx: 21"", ""wall_time_utc"": ""2026-09-06T20:15:35.245562+00:00""}"
2720.000000000,LOCAL_REPLAN,"{""message"": ""Call local replanning..."", ""wall_time_utc"": ""2026-09-06T20:15:41.613580+00:00""}"
2720.000000000,REPLAN_REQUESTED,"{""message"": ""Replanning request. curr_vertex_idx: 21"", ""wall_time_utc"": ""2026-09-06T20:15:41.615257+00:00""}"
2726.200000000,LOCAL_REPLAN,"{""message"": ""Call local replanning..."", ""wall_time_utc"": ""2026-09-06T20:15:47.785763+00:00""}"
2726.200000000,REPLAN_REQUESTED,"{""message"": ""Replanning request. curr_vertex_idx: 21"", ""wall_time_utc"": ""2026-09-06T20:15:47.787410+00:00""}"
2731.600000000,LOCAL_REPLAN,"{""message"": ""Call local replanning..."", ""wall_time_utc"": ""2026-09-06T20:15:53.233496+00:00""}"
2731.600000000,REPLAN_REQUESTED,"{""message"": ""Replanning request. curr_vertex_idx: 21"", ""wall_time_utc"": ""2026-09-06T20:15:53.235376+00:00""}"
2737.200000000,LOCAL_REPLAN,"{""message"": ""Call local replanning..."", ""wall_time_utc"": ""2026-09-06T20:15:58.830622+00:00""}"
2737.200000000,REPLAN_REQUESTED,"{""message"": ""Replanning request. curr_vertex_idx: 21"", ""wall_time_utc"": ""2026-09-06T20:15:58.832273+00:00""}"
2739.600000000,LOCAL_REPLAN,"{""message"": ""Call local replanning..."", ""wall_time_utc"": ""2026-09-06T20:16:01.236944+00:00""}"
2739.600000000,REPLAN_REQUESTED,"{""message"": ""Replanning request. curr_vertex_idx: 21"", ""wall_time_utc"": ""2026-09-06T20:16:01.238925+00:00""}"
2741.600000000,LOCAL_REPLAN,"{""message"": ""Call local replanning..."", ""wall_time_utc"": ""2026-09-06T20:16:03.234828+00:00""}"
2741.600000000,REPLAN_REQUESTED,"{""message"": ""Replanning request. curr_vertex_idx: 21"", ""wall_time_utc"": ""2026-09-06T20:16:03.236894+00:00""}"
2744.000000000,LOCAL_REPLAN,"{""message"": ""Call local replanning..."", ""wall_time_utc"": ""2026-09-06T20:16:05.630495+00:00""}"
2744.000000000,REPLAN_REQUESTED,"{""message"": ""Replanning request. curr_vertex_idx: 21"", ""wall_time_utc"": ""2026-09-06T20:16:05.632457+00:00""}"
2750.000000000,LOCAL_REPLAN,"{""message"": ""Call local replanning..."", ""wall_time_utc"": ""2026-09-06T20:16:11.647181+00:00""}"
2750.000000000,REPLAN_REQUESTED,"{""message"": ""Replanning request. curr_vertex_idx: 21"", ""wall_time_utc"": ""2026-09-06T20:16:11.649051+00:00""}"
2751.600000000,LOCAL_REPLAN,"{""message"": ""Call local replanning..."", ""wall_time_utc"": ""2026-09-06T20:16:13.267328+00:00""}"
2751.600000000,REPLAN_REQUESTED,"{""message"": ""Replanning request. curr_vertex_idx: 21"", ""wall_time_utc"": ""2026-09-06T20:16:13.268962+00:00""}"
2753.600000000,LOCAL_REPLAN,"{""message"": ""Call local replanning..."", ""wall_time_utc"": ""2026-09-06T20:16:15.250331+00:00""}"
2753.600000000,REPLAN_REQUESTED,"{""message"": ""Replanning request. curr_vertex_idx: 21"", ""wall_time_utc"": ""2026-09-06T20:16:15.252456+00:00""}"
2759.800000000,LOCAL_REPLAN,"{""message"": ""Call local replanning..."", ""wall_time_utc"": ""2026-09-06T20:16:21.417631+00:00""}"
2759.800000000,REPLAN_REQUESTED,"{""message"": ""Replanning request. curr_vertex_idx: 21"", ""wall_time_utc"": ""2026-09-06T20:16:21.419552+00:00""}"
2765.800000000,LOCAL_REPLAN,"{""message"": ""Call local replanning..."", ""wall_time_utc"": ""2026-09-06T20:16:27.406637+00:00""}"
2765.800000000,REPLAN_REQUESTED,"{""message"": ""Replanning request. curr_vertex_idx: 21"", ""wall_time_utc"": ""2026-09-06T20:16:27.408295+00:00""}"
2771.600000000,LOCAL_REPLAN,"{""message"": ""Call local replanning..."", ""wall_time_utc"": ""2026-09-06T20:16:33.247571+00:00""}"
2771.600000000,REPLAN_REQUESTED,"{""message"": ""Replanning request. curr_vertex_idx: 21"", ""wall_time_utc"": ""2026-09-06T20:16:33.249967+00:00""}"
2777.800000000,LOCAL_REPLAN,"{""message"": ""Call local replanning..."", ""wall_time_utc"": ""2026-09-06T20:16:39.422623+00:00""}"
2777.800000000,REPLAN_REQUESTED,"{""message"": ""Replanning request. curr_vertex_idx: 21"", ""wall_time_utc"": ""2026-09-06T20:16:39.424394+00:00""}"
2783.600000000,LOCAL_REPLAN,"{""message"": ""Call local replanning..."", ""wall_time_utc"": ""2026-09-06T20:16:45.251887+00:00""}"
2783.600000000,REPLAN_REQUESTED,"{""message"": ""Replanning request. curr_vertex_idx: 21"", ""wall_time_utc"": ""2026-09-06T20:16:45.253855+00:00""}"
2790.000000000,LOCAL_REPLAN,"{""message"": ""Call local replanning..."", ""wall_time_utc"": ""2026-09-06T20:16:51.654517+00:00""}"
2790.000000000,REPLAN_REQUESTED,"{""message"": ""Replanning request. curr_vertex_idx: 21"", ""wall_time_utc"": ""2026-09-06T20:16:51.656233+00:00""}"
2795.800000000,LOCAL_REPLAN,"{""message"": ""Call local replanning..."", ""wall_time_utc"": ""2026-09-06T20:16:57.417605+00:00""}"
2795.800000000,REPLAN_REQUESTED,"{""message"": ""Replanning request. curr_vertex_idx: 21"", ""wall_time_utc"": ""2026-09-06T20:16:57.419552+00:00""}"
2802.200000000,LOCAL_REPLAN,"{""message"": ""Call local replanning..."", ""wall_time_utc"": ""2026-09-06T20:17:03.816048+00:00""}"
2802.200000000,REPLAN_REQUESTED,"{""message"": ""Replanning request. curr_vertex_idx: 21"", ""wall_time_utc"": ""2026-09-06T20:17:03.818006+00:00""}"
2807.600000000,LOCAL_REPLAN,"{""message"": ""Call local replanning..."", ""wall_time_utc"": ""2026-09-06T20:17:09.240663+00:00""}"
2807.600000000,REPLAN_REQUESTED,"{""message"": ""Replanning request. curr_vertex_idx: 21"", ""wall_time_utc"": ""2026-09-06T20:17:09.242616+00:00""}"
2813.600000000,LOCAL_REPLAN,"{""message"": ""Call local replanning..."", ""wall_time_utc"": ""2026-09-06T20:17:15.244769+00:00""}"
2813.600000000,REPLAN_REQUESTED,"{""message"": ""Replanning request. curr_vertex_idx: 21"", ""wall_time_utc"": ""2026-09-06T20:17:15.246767+00:00""}"
2819.800000000,LOCAL_REPLAN,"{""message"": ""Call local replanning..."", ""wall_time_utc"": ""2026-09-06T20:17:21.466075+00:00""}"
2819.800000000,REPLAN_REQUESTED,"{""message"": ""Replanning request. curr_vertex_idx: 21"", ""wall_time_utc"": ""2026-09-06T20:17:21.468126+00:00""}"
2825.600000000,LOCAL_REPLAN,"{""message"": ""Call local replanning..."", ""wall_time_utc"": ""2026-09-06T20:17:27.252120+00:00""}"
2825.600000000,REPLAN_REQUESTED,"{""message"": ""Replanning request. curr_vertex_idx: 21"", ""wall_time_utc"": ""2026-09-06T20:17:27.254033+00:00""}"
2831.600000000,LOCAL_REPLAN,"{""message"": ""Call local replanning..."", ""wall_time_utc"": ""2026-09-06T20:17:33.252623+00:00""}"
2831.600000000,REPLAN_REQUESTED,"{""message"": ""Replanning request. curr_vertex_idx: 21"", ""wall_time_utc"": ""2026-09-06T20:17:33.254793+00:00""}"
2837.200000000,LOCAL_REPLAN,"{""message"": ""Call local replanning..."", ""wall_time_utc"": ""2026-09-06T20:17:38.849226+00:00""}"
2837.200000000,REPLAN_REQUESTED,"{""message"": ""Replanning request. curr_vertex_idx: 21"", ""wall_time_utc"": ""2026-09-06T20:17:38.851199+00:00""}"
2843.600000000,LOCAL_REPLAN,"{""message"": ""Call local replanning..."", ""wall_time_utc"": ""2026-09-06T20:17:45.266830+00:00""}"
2843.600000000,REPLAN_REQUESTED,"{""message"": ""Replanning request. curr_vertex_idx: 21"", ""wall_time_utc"": ""2026-09-06T20:17:45.268766+00:00""}"
2849.600000000,LOCAL_REPLAN,"{""message"": ""Call local replanning..."", ""wall_time_utc"": ""2026-09-06T20:17:51.243098+00:00""}"
2849.600000000,REPLAN_REQUESTED,"{""message"": ""Replanning request. curr_vertex_idx: 21"", ""wall_time_utc"": ""2026-09-06T20:17:51.245129+00:00""}"
2855.300000000,LOCAL_REPLAN,"{""message"": ""Call local replanning..."", ""wall_time_utc"": ""2026-09-06T20:17:56.926903+00:00""}"
2855.300000000,REPLAN_REQUESTED,"{""message"": ""Replanning request. curr_vertex_idx: 21"", ""wall_time_utc"": ""2026-09-06T20:17:56.928618+00:00""}"
2861.600000000,LOCAL_REPLAN,"{""message"": ""Call local replanning..."", ""wall_time_utc"": ""2026-09-06T20:18:03.256537+00:00""}"
2861.600000000,REPLAN_REQUESTED,"{""message"": ""Replanning request. curr_vertex_idx: 21"", ""wall_time_utc"": ""2026-09-06T20:18:03.258563+00:00""}"
2867.600000000,LOCAL_REPLAN,"{""message"": ""Call local replanning..."", ""wall_time_utc"": ""2026-09-06T20:18:09.245430+00:00""}"
2867.600000000,REPLAN_REQUESTED,"{""message"": ""Replanning request. curr_vertex_idx: 21"", ""wall_time_utc"": ""2026-09-06T20:18:09.247167+00:00""}"
2873.600000000,LOCAL_REPLAN,"{""message"": ""Call local replanning..."", ""wall_time_utc"": ""2026-09-06T20:18:15.276801+00:00""}"
2873.600000000,REPLAN_REQUESTED,"{""message"": ""Replanning request. curr_vertex_idx: 21"", ""wall_time_utc"": ""2026-09-06T20:18:15.278482+00:00""}"
2879.600000000,LOCAL_REPLAN,"{""message"": ""Call local replanning..."", ""wall_time_utc"": ""2026-09-06T20:18:21.260401+00:00""}"
2879.600000000,REPLAN_REQUESTED,"{""message"": ""Replanning request. curr_vertex_idx: 21"", ""wall_time_utc"": ""2026-09-06T20:18:21.262134+00:00""}"
2885.700000000,LOCAL_REPLAN,"{""message"": ""Call local replanning..."", ""wall_time_utc"": ""2026-09-06T20:18:27.304995+00:00""}"
2885.700000000,REPLAN_REQUESTED,"{""message"": ""Replanning request. curr_vertex_idx: 21"", ""wall_time_utc"": ""2026-09-06T20:18:27.306822+00:00""}"
2892.200000000,LOCAL_REPLAN,"{""message"": ""Call local replanning..."", ""wall_time_utc"": ""2026-09-06T20:18:33.840624+00:00""}"
2892.200000000,REPLAN_REQUESTED,"{""message"": ""Replanning request. curr_vertex_idx: 21"", ""wall_time_utc"": ""2026-09-06T20:18:33.842786+00:00""}"
2893.800000000,KARTO_LOOP_CONSTRAINT,"{""message"": ""Add one Loop closure. 14 loops have been added."", ""wall_time_utc"": ""2026-09-06T20:18:35.424285+00:00""}"
2893.800000000,KARTO_LOOP_ACCEPTED,"{""chain_end"": 1597, ""chain_start"": 1589, ""current_scan"": 2051, ""loop_count"": 14, ""received_ros_time"": 2893.8, ""received_wall_time_utc"": ""2026-09-06T20:18:35.424457+00:00"", ""seq"": 14, ""stamp"": 2893.8, ""wall_time_utc"": ""2026-09-06T20:18:35.424469+00:00""}"
2898.000000000,LOCAL_REPLAN,"{""message"": ""Call local replanning..."", ""wall_time_utc"": ""2026-09-06T20:18:39.639291+00:00""}"
2898.000000000,REPLAN_REQUESTED,"{""message"": ""Replanning request. curr_vertex_idx: 21"", ""wall_time_utc"": ""2026-09-06T20:18:39.641280+00:00""}"
2903.600000000,LOCAL_REPLAN,"{""message"": ""Call local replanning..."", ""wall_time_utc"": ""2026-09-06T20:18:45.250991+00:00""}"
2903.600000000,REPLAN_REQUESTED,"{""message"": ""Replanning request. curr_vertex_idx: 21"", ""wall_time_utc"": ""2026-09-06T20:18:45.252891+00:00""}"
2909.800000000,LOCAL_REPLAN,"{""message"": ""Call local replanning..."", ""wall_time_utc"": ""2026-09-06T20:18:51.429575+00:00""}"
2909.800000000,REPLAN_REQUESTED,"{""message"": ""Replanning request. curr_vertex_idx: 21"", ""wall_time_utc"": ""2026-09-06T20:18:51.431207+00:00""}"
2916.000000000,LOCAL_REPLAN,"{""message"": ""Call local replanning..."", ""wall_time_utc"": ""2026-09-06T20:18:57.639450+00:00""}"
2916.000000000,REPLAN_REQUESTED,"{""message"": ""Replanning request. curr_vertex_idx: 21"", ""wall_time_utc"": ""2026-09-06T20:18:57.641368+00:00""}"
2921.900000000,LOCAL_REPLAN,"{""message"": ""Call local replanning..."", ""wall_time_utc"": ""2026-09-06T20:19:03.567124+00:00""}"
2921.900000000,REPLAN_REQUESTED,"{""message"": ""Replanning request. curr_vertex_idx: 21"", ""wall_time_utc"": ""2026-09-06T20:19:03.569388+00:00""}"
2927.600000000,LOCAL_REPLAN,"{""message"": ""Call local replanning..."", ""wall_time_utc"": ""2026-09-06T20:19:09.258620+00:00""}"
2927.600000000,REPLAN_REQUESTED,"{""message"": ""Replanning request. curr_vertex_idx: 21"", ""wall_time_utc"": ""2026-09-06T20:19:09.260577+00:00""}"
2934.000000000,LOCAL_REPLAN,"{""message"": ""Call local replanning..."", ""wall_time_utc"": ""2026-09-06T20:19:15.665658+00:00""}"
2934.000000000,REPLAN_REQUESTED,"{""message"": ""Replanning request. curr_vertex_idx: 21"", ""wall_time_utc"": ""2026-09-06T20:19:15.667274+00:00""}"
2940.200000000,LOCAL_REPLAN,"{""message"": ""Call local replanning..."", ""wall_time_utc"": ""2026-09-06T20:19:21.854480+00:00""}"
2940.200000000,REPLAN_REQUESTED,"{""message"": ""Replanning request. curr_vertex_idx: 21"", ""wall_time_utc"": ""2026-09-06T20:19:21.856042+00:00""}"
2945.600000000,LOCAL_REPLAN,"{""message"": ""Call local replanning..."", ""wall_time_utc"": ""2026-09-06T20:19:27.268843+00:00""}"
2945.600000000,REPLAN_REQUESTED,"{""message"": ""Replanning request. curr_vertex_idx: 21"", ""wall_time_utc"": ""2026-09-06T20:19:27.270790+00:00""}"
2951.800000000,LOCAL_REPLAN,"{""message"": ""Call local replanning..."", ""wall_time_utc"": ""2026-09-06T20:19:33.463734+00:00""}"
2951.800000000,REPLAN_REQUESTED,"{""message"": ""Replanning request. curr_vertex_idx: 21"", ""wall_time_utc"": ""2026-09-06T20:19:33.465768+00:00""}"
2958.200000000,LOCAL_REPLAN,"{""message"": ""Call local replanning..."", ""wall_time_utc"": ""2026-09-06T20:19:39.860355+00:00""}"
2958.200000000,REPLAN_REQUESTED,"{""message"": ""Replanning request. curr_vertex_idx: 21"", ""wall_time_utc"": ""2026-09-06T20:19:39.862489+00:00""}"
2963.600000000,LOCAL_REPLAN,"{""message"": ""Call local replanning..."", ""wall_time_utc"": ""2026-09-06T20:19:45.268266+00:00""}"
2963.600000000,REPLAN_REQUESTED,"{""message"": ""Replanning request. curr_vertex_idx: 21"", ""wall_time_utc"": ""2026-09-06T20:19:45.270122+00:00""}"
2969.200000000,LOCAL_REPLAN,"{""message"": ""Call local replanning..."", ""wall_time_utc"": ""2026-09-06T20:19:50.843004+00:00""}"
2969.200000000,REPLAN_REQUESTED,"{""message"": ""Replanning request. curr_vertex_idx: 21"", ""wall_time_utc"": ""2026-09-06T20:19:50.845187+00:00""}"
2972.600000000,LOCAL_REPLAN,"{""message"": ""Call local replanning..."", ""wall_time_utc"": ""2026-09-06T20:19:54.263977+00:00""}"
2972.600000000,REPLAN_REQUESTED,"{""message"": ""Replanning request. curr_vertex_idx: 21"", ""wall_time_utc"": ""2026-09-06T20:19:54.266060+00:00""}"
2978.500000000,LOCAL_REPLAN,"{""message"": ""Call local replanning..."", ""wall_time_utc"": ""2026-09-06T20:20:00.132389+00:00""}"
2978.500000000,REPLAN_REQUESTED,"{""message"": ""Replanning request. curr_vertex_idx: 21"", ""wall_time_utc"": ""2026-09-06T20:20:00.134253+00:00""}"
2984.800000000,LOCAL_REPLAN,"{""message"": ""Call local replanning..."", ""wall_time_utc"": ""2026-09-06T20:20:06.456881+00:00""}"
2984.800000000,REPLAN_REQUESTED,"{""message"": ""Replanning request. curr_vertex_idx: 21"", ""wall_time_utc"": ""2026-09-06T20:20:06.458605+00:00""}"
2990.700000000,LOCAL_REPLAN,"{""message"": ""Call local replanning..."", ""wall_time_utc"": ""2026-09-06T20:20:12.292981+00:00""}"
2990.700000000,REPLAN_REQUESTED,"{""message"": ""Replanning request. curr_vertex_idx: 21"", ""wall_time_utc"": ""2026-09-06T20:20:12.295113+00:00""}"
2996.800000000,LOCAL_REPLAN,"{""message"": ""Call local replanning..."", ""wall_time_utc"": ""2026-09-06T20:20:18.435417+00:00""}"
2996.800000000,REPLAN_REQUESTED,"{""message"": ""Replanning request. curr_vertex_idx: 21"", ""wall_time_utc"": ""2026-09-06T20:20:18.437435+00:00""}"
3003.000000000,LOCAL_REPLAN,"{""message"": ""Call local replanning..."", ""wall_time_utc"": ""2026-09-06T20:20:24.679986+00:00""}"
3003.000000000,REPLAN_REQUESTED,"{""message"": ""Replanning request. curr_vertex_idx: 21"", ""wall_time_utc"": ""2026-09-06T20:20:24.682004+00:00""}"
3008.600000000,LOCAL_REPLAN,"{""message"": ""Call local replanning..."", ""wall_time_utc"": ""2026-09-06T20:20:30.272373+00:00""}"
3008.600000000,REPLAN_REQUESTED,"{""message"": ""Replanning request. curr_vertex_idx: 21"", ""wall_time_utc"": ""2026-09-06T20:20:30.274724+00:00""}"
3014.600000000,LOCAL_REPLAN,"{""message"": ""Call local replanning..."", ""wall_time_utc"": ""2026-09-06T20:20:36.267348+00:00""}"
3014.600000000,REPLAN_REQUESTED,"{""message"": ""Replanning request. curr_vertex_idx: 21"", ""wall_time_utc"": ""2026-09-06T20:20:36.269445+00:00""}"
3020.600000000,LOCAL_REPLAN,"{""message"": ""Call local replanning..."", ""wall_time_utc"": ""2026-09-06T20:20:42.271655+00:00""}"
3020.600000000,REPLAN_REQUESTED,"{""message"": ""Replanning request. curr_vertex_idx: 21"", ""wall_time_utc"": ""2026-09-06T20:20:42.274112+00:00""}"
3026.300000000,LOCAL_REPLAN,"{""message"": ""Call local replanning..."", ""wall_time_utc"": ""2026-09-06T20:20:47.886717+00:00""}"
3026.300000000,REPLAN_REQUESTED,"{""message"": ""Replanning request. curr_vertex_idx: 21"", ""wall_time_utc"": ""2026-09-06T20:20:47.888515+00:00""}"
3033.000000000,LOCAL_REPLAN,"{""message"": ""Call local replanning..."", ""wall_time_utc"": ""2026-09-06T20:20:54.675443+00:00""}"
3033.000000000,REPLAN_REQUESTED,"{""message"": ""Replanning request. curr_vertex_idx: 21"", ""wall_time_utc"": ""2026-09-06T20:20:54.677314+00:00""}"
3039.100000000,LOCAL_REPLAN,"{""message"": ""Call local replanning..."", ""wall_time_utc"": ""2026-09-06T20:21:00.717253+00:00""}"
3039.100000000,REPLAN_REQUESTED,"{""message"": ""Replanning request. curr_vertex_idx: 21"", ""wall_time_utc"": ""2026-09-06T20:21:00.718829+00:00""}"
3045.000000000,LOCAL_REPLAN,"{""message"": ""Call local replanning..."", ""wall_time_utc"": ""2026-09-06T20:21:06.681974+00:00""}"
3045.100000000,REPLAN_REQUESTED,"{""message"": ""Replanning request. curr_vertex_idx: 21"", ""wall_time_utc"": ""2026-09-06T20:21:06.683554+00:00""}"
3050.900000000,LOCAL_REPLAN,"{""message"": ""Call local replanning..."", ""wall_time_utc"": ""2026-09-06T20:21:12.578571+00:00""}"
3050.900000000,REPLAN_REQUESTED,"{""message"": ""Replanning request. curr_vertex_idx: 21"", ""wall_time_utc"": ""2026-09-06T20:21:12.580435+00:00""}"
3056.400000000,LOCAL_REPLAN,"{""message"": ""Call local replanning..."", ""wall_time_utc"": ""2026-09-06T20:21:18.026793+00:00""}"
3056.400000000,REPLAN_REQUESTED,"{""message"": ""Replanning request. curr_vertex_idx: 21"", ""wall_time_utc"": ""2026-09-06T20:21:18.028897+00:00""}"
3062.900000000,LOCAL_REPLAN,"{""message"": ""Call local replanning..."", ""wall_time_utc"": ""2026-09-06T20:21:24.529105+00:00""}"
3062.900000000,REPLAN_REQUESTED,"{""message"": ""Replanning request. curr_vertex_idx: 21"", ""wall_time_utc"": ""2026-09-06T20:21:24.531202+00:00""}"
3068.700000000,LOCAL_REPLAN,"{""message"": ""Call local replanning..."", ""wall_time_utc"": ""2026-09-06T20:21:30.292672+00:00""}"
3068.700000000,REPLAN_REQUESTED,"{""message"": ""Replanning request. curr_vertex_idx: 21"", ""wall_time_utc"": ""2026-09-06T20:21:30.294512+00:00""}"
3074.800000000,LOCAL_REPLAN,"{""message"": ""Call local replanning..."", ""wall_time_utc"": ""2026-09-06T20:21:36.389629+00:00""}"
3074.800000000,REPLAN_REQUESTED,"{""message"": ""Replanning request. curr_vertex_idx: 21"", ""wall_time_utc"": ""2026-09-06T20:21:36.391475+00:00""}"
3080.800000000,LOCAL_REPLAN,"{""message"": ""Call local replanning..."", ""wall_time_utc"": ""2026-09-06T20:21:42.458522+00:00""}"
3080.800000000,REPLAN_REQUESTED,"{""message"": ""Replanning request. curr_vertex_idx: 21"", ""wall_time_utc"": ""2026-09-06T20:21:42.460408+00:00""}"
3086.600000000,LOCAL_REPLAN,"{""message"": ""Call local replanning..."", ""wall_time_utc"": ""2026-09-06T20:21:48.281678+00:00""}"
3086.700000000,REPLAN_REQUESTED,"{""message"": ""Replanning request. curr_vertex_idx: 21"", ""wall_time_utc"": ""2026-09-06T20:21:48.283270+00:00""}"
3092.900000000,LOCAL_REPLAN,"{""message"": ""Call local replanning..."", ""wall_time_utc"": ""2026-09-06T20:21:54.492335+00:00""}"
3092.900000000,REPLAN_REQUESTED,"{""message"": ""Replanning request. curr_vertex_idx: 21"", ""wall_time_utc"": ""2026-09-06T20:21:54.494244+00:00""}"
3098.800000000,LOCAL_REPLAN,"{""message"": ""Call local replanning..."", ""wall_time_utc"": ""2026-09-06T20:22:00.450474+00:00""}"
3098.800000000,REPLAN_REQUESTED,"{""message"": ""Replanning request. curr_vertex_idx: 21"", ""wall_time_utc"": ""2026-09-06T20:22:00.452490+00:00""}"
3104.700000000,LOCAL_REPLAN,"{""message"": ""Call local replanning..."", ""wall_time_utc"": ""2026-09-06T20:22:06.310622+00:00""}"
3104.700000000,REPLAN_REQUESTED,"{""message"": ""Replanning request. curr_vertex_idx: 21"", ""wall_time_utc"": ""2026-09-06T20:22:06.312764+00:00""}"
3110.700000000,LOCAL_REPLAN,"{""message"": ""Call local replanning..."", ""wall_time_utc"": ""2026-09-06T20:22:12.321475+00:00""}"
3110.700000000,REPLAN_REQUESTED,"{""message"": ""Replanning request. curr_vertex_idx: 21"", ""wall_time_utc"": ""2026-09-06T20:22:12.323581+00:00""}"
3116.800000000,LOCAL_REPLAN,"{""message"": ""Call local replanning..."", ""wall_time_utc"": ""2026-09-06T20:22:18.471790+00:00""}"
3116.800000000,REPLAN_REQUESTED,"{""message"": ""Replanning request. curr_vertex_idx: 21"", ""wall_time_utc"": ""2026-09-06T20:22:18.473654+00:00""}"
3123.200000000,LOCAL_REPLAN,"{""message"": ""Call local replanning..."", ""wall_time_utc"": ""2026-09-06T20:22:24.874701+00:00""}"
3123.200000000,REPLAN_REQUESTED,"{""message"": ""Replanning request. curr_vertex_idx: 21"", ""wall_time_utc"": ""2026-09-06T20:22:24.876709+00:00""}"
3128.800000000,LOCAL_REPLAN,"{""message"": ""Call local replanning..."", ""wall_time_utc"": ""2026-09-06T20:22:30.458962+00:00""}"
3128.800000000,REPLAN_REQUESTED,"{""message"": ""Replanning request. curr_vertex_idx: 21"", ""wall_time_utc"": ""2026-09-06T20:22:30.460970+00:00""}"
3134.400000000,LOCAL_REPLAN,"{""message"": ""Call local replanning..."", ""wall_time_utc"": ""2026-09-06T20:22:36.037026+00:00""}"
3134.400000000,REPLAN_REQUESTED,"{""message"": ""Replanning request. curr_vertex_idx: 21"", ""wall_time_utc"": ""2026-09-06T20:22:36.038901+00:00""}"
3140.800000000,LOCAL_REPLAN,"{""message"": ""Call local replanning..."", ""wall_time_utc"": ""2026-09-06T20:22:42.468301+00:00""}"
3140.800000000,REPLAN_REQUESTED,"{""message"": ""Replanning request. curr_vertex_idx: 21"", ""wall_time_utc"": ""2026-09-06T20:22:42.470392+00:00""}"
3147.100000000,LOCAL_REPLAN,"{""message"": ""Call local replanning..."", ""wall_time_utc"": ""2026-09-06T20:22:48.742983+00:00""}"
3147.100000000,REPLAN_REQUESTED,"{""message"": ""Replanning request. curr_vertex_idx: 21"", ""wall_time_utc"": ""2026-09-06T20:22:48.745310+00:00""}"
3150.600000000,LOCAL_REPLAN,"{""message"": ""Call local replanning..."", ""wall_time_utc"": ""2026-09-06T20:22:52.278149+00:00""}"
3150.600000000,REPLAN_REQUESTED,"{""message"": ""Replanning request. curr_vertex_idx: 21"", ""wall_time_utc"": ""2026-09-06T20:22:52.280757+00:00""}"
3156.700000000,LOCAL_REPLAN,"{""message"": ""Call local replanning..."", ""wall_time_utc"": ""2026-09-06T20:22:58.299173+00:00""}"
3156.700000000,REPLAN_REQUESTED,"{""message"": ""Replanning request. curr_vertex_idx: 21"", ""wall_time_utc"": ""2026-09-06T20:22:58.301381+00:00""}"
3162.800000000,LOCAL_REPLAN,"{""message"": ""Call local replanning..."", ""wall_time_utc"": ""2026-09-06T20:23:04.462632+00:00""}"
3162.800000000,REPLAN_REQUESTED,"{""message"": ""Replanning request. curr_vertex_idx: 21"", ""wall_time_utc"": ""2026-09-06T20:23:04.464425+00:00""}"
3168.800000000,LOCAL_REPLAN,"{""message"": ""Call local replanning..."", ""wall_time_utc"": ""2026-09-06T20:23:10.462229+00:00""}"
3168.800000000,REPLAN_REQUESTED,"{""message"": ""Replanning request. curr_vertex_idx: 21"", ""wall_time_utc"": ""2026-09-06T20:23:10.464039+00:00""}"
3170.800000000,LOCAL_REPLAN,"{""message"": ""Call local replanning..."", ""wall_time_utc"": ""2026-09-06T20:23:12.479815+00:00""}"
3170.800000000,REPLAN_REQUESTED,"{""message"": ""Replanning request. curr_vertex_idx: 21"", ""wall_time_utc"": ""2026-09-06T20:23:12.481836+00:00""}"
3176.700000000,LOCAL_REPLAN,"{""message"": ""Call local replanning..."", ""wall_time_utc"": ""2026-09-06T20:23:18.303831+00:00""}"
3176.700000000,REPLAN_REQUESTED,"{""message"": ""Replanning request. curr_vertex_idx: 21"", ""wall_time_utc"": ""2026-09-06T20:23:18.305783+00:00""}"
3178.700000000,LOCAL_REPLAN,"{""message"": ""Call local replanning..."", ""wall_time_utc"": ""2026-09-06T20:23:20.303146+00:00""}"
3178.700000000,REPLAN_REQUESTED,"{""message"": ""Replanning request. curr_vertex_idx: 21"", ""wall_time_utc"": ""2026-09-06T20:23:20.305043+00:00""}"
3184.700000000,LOCAL_REPLAN,"{""message"": ""Call local replanning..."", ""wall_time_utc"": ""2026-09-06T20:23:26.341999+00:00""}"
3184.700000000,REPLAN_REQUESTED,"{""message"": ""Replanning request. curr_vertex_idx: 21"", ""wall_time_utc"": ""2026-09-06T20:23:26.344021+00:00""}"
3190.700000000,LOCAL_REPLAN,"{""message"": ""Call local replanning..."", ""wall_time_utc"": ""2026-09-06T20:23:32.306557+00:00""}"
3190.700000000,REPLAN_REQUESTED,"{""message"": ""Replanning request. curr_vertex_idx: 21"", ""wall_time_utc"": ""2026-09-06T20:23:32.308584+00:00""}"
3194.700000000,KARTO_LOOP_CONSTRAINT,"{""message"": ""Add one Loop closure. 15 loops have been added."", ""wall_time_utc"": ""2026-09-06T20:23:36.334594+00:00""}"
3194.700000000,KARTO_LOOP_ACCEPTED,"{""chain_end"": 2015, ""chain_start"": 2011, ""current_scan"": 2246, ""loop_count"": 15, ""received_ros_time"": 3194.7, ""received_wall_time_utc"": ""2026-09-06T20:23:36.334874+00:00"", ""seq"": 15, ""stamp"": 3194.7, ""wall_time_utc"": ""2026-09-06T20:23:36.334889+00:00""}"
3196.800000000,LOCAL_REPLAN,"{""message"": ""Call local replanning..."", ""wall_time_utc"": ""2026-09-06T20:23:38.462991+00:00""}"
3196.800000000,REPLAN_REQUESTED,"{""message"": ""Replanning request. curr_vertex_idx: 21"", ""wall_time_utc"": ""2026-09-06T20:23:38.464603+00:00""}"
3202.700000000,LOCAL_REPLAN,"{""message"": ""Call local replanning..."", ""wall_time_utc"": ""2026-09-06T20:23:44.291118+00:00""}"
3202.700000000,REPLAN_REQUESTED,"{""message"": ""Replanning request. curr_vertex_idx: 21"", ""wall_time_utc"": ""2026-09-06T20:23:44.292824+00:00""}"
3209.100000000,LOCAL_REPLAN,"{""message"": ""Call local replanning..."", ""wall_time_utc"": ""2026-09-06T20:23:50.771718+00:00""}"
3209.100000000,REPLAN_REQUESTED,"{""message"": ""Replanning request. curr_vertex_idx: 21"", ""wall_time_utc"": ""2026-09-06T20:23:50.773478+00:00""}"
3214.700000000,LOCAL_REPLAN,"{""message"": ""Call local replanning..."", ""wall_time_utc"": ""2026-09-06T20:23:56.308511+00:00""}"
3214.700000000,REPLAN_REQUESTED,"{""message"": ""Replanning request. curr_vertex_idx: 21"", ""wall_time_utc"": ""2026-09-06T20:23:56.310657+00:00""}"
3220.800000000,LOCAL_REPLAN,"{""message"": ""Call local replanning..."", ""wall_time_utc"": ""2026-09-06T20:24:02.466453+00:00""}"
3220.800000000,REPLAN_REQUESTED,"{""message"": ""Replanning request. curr_vertex_idx: 21"", ""wall_time_utc"": ""2026-09-06T20:24:02.468467+00:00""}"
3226.600000000,LOCAL_REPLAN,"{""message"": ""Call local replanning..."", ""wall_time_utc"": ""2026-09-06T20:24:08.189767+00:00""}"
3226.600000000,REPLAN_REQUESTED,"{""message"": ""Replanning request. curr_vertex_idx: 21"", ""wall_time_utc"": ""2026-09-06T20:24:08.191672+00:00""}"
3232.700000000,LOCAL_REPLAN,"{""message"": ""Call local replanning..."", ""wall_time_utc"": ""2026-09-06T20:24:14.287206+00:00""}"
3232.700000000,REPLAN_REQUESTED,"{""message"": ""Replanning request. curr_vertex_idx: 21"", ""wall_time_utc"": ""2026-09-06T20:24:14.289139+00:00""}"
3238.900000000,LOCAL_REPLAN,"{""message"": ""Call local replanning..."", ""wall_time_utc"": ""2026-09-06T20:24:20.487544+00:00""}"
3238.900000000,REPLAN_REQUESTED,"{""message"": ""Replanning request. curr_vertex_idx: 21"", ""wall_time_utc"": ""2026-09-06T20:24:20.489627+00:00""}"
3245.000000000,LOCAL_REPLAN,"{""message"": ""Call local replanning..."", ""wall_time_utc"": ""2026-09-06T20:24:26.680113+00:00""}"
3245.000000000,REPLAN_REQUESTED,"{""message"": ""Replanning request. curr_vertex_idx: 21"", ""wall_time_utc"": ""2026-09-06T20:24:26.682386+00:00""}"
3250.700000000,LOCAL_REPLAN,"{""message"": ""Call local replanning..."", ""wall_time_utc"": ""2026-09-06T20:24:32.299303+00:00""}"
3250.700000000,REPLAN_REQUESTED,"{""message"": ""Replanning request. curr_vertex_idx: 21"", ""wall_time_utc"": ""2026-09-06T20:24:32.301581+00:00""}"
3256.900000000,LOCAL_REPLAN,"{""message"": ""Call local replanning..."", ""wall_time_utc"": ""2026-09-06T20:24:38.509209+00:00""}"
3256.900000000,REPLAN_REQUESTED,"{""message"": ""Replanning request. curr_vertex_idx: 21"", ""wall_time_utc"": ""2026-09-06T20:24:38.511532+00:00""}"
3263.300000000,LOCAL_REPLAN,"{""message"": ""Call local replanning..."", ""wall_time_utc"": ""2026-09-06T20:24:44.910500+00:00""}"
3263.300000000,REPLAN_REQUESTED,"{""message"": ""Replanning request. curr_vertex_idx: 21"", ""wall_time_utc"": ""2026-09-06T20:24:44.912487+00:00""}"
3268.900000000,LOCAL_REPLAN,"{""message"": ""Call local replanning..."", ""wall_time_utc"": ""2026-09-06T20:24:50.511323+00:00""}"
3268.900000000,REPLAN_REQUESTED,"{""message"": ""Replanning request. curr_vertex_idx: 21"", ""wall_time_utc"": ""2026-09-06T20:24:50.513252+00:00""}"
3275.100000000,LOCAL_REPLAN,"{""message"": ""Call local replanning..."", ""wall_time_utc"": ""2026-09-06T20:24:56.722800+00:00""}"
3275.100000000,REPLAN_REQUESTED,"{""message"": ""Replanning request. curr_vertex_idx: 21"", ""wall_time_utc"": ""2026-09-06T20:24:56.724837+00:00""}"
3280.700000000,LOCAL_REPLAN,"{""message"": ""Call local replanning..."", ""wall_time_utc"": ""2026-09-06T20:25:02.308301+00:00""}"
3280.700000000,REPLAN_REQUESTED,"{""message"": ""Replanning request. curr_vertex_idx: 21"", ""wall_time_utc"": ""2026-09-06T20:25:02.310462+00:00""}"
3286.700000000,LOCAL_REPLAN,"{""message"": ""Call local replanning..."", ""wall_time_utc"": ""2026-09-06T20:25:08.305096+00:00""}"
3286.700000000,REPLAN_REQUESTED,"{""message"": ""Replanning request. curr_vertex_idx: 21"", ""wall_time_utc"": ""2026-09-06T20:25:08.307344+00:00""}"
3292.900000000,LOCAL_REPLAN,"{""message"": ""Call local replanning..."", ""wall_time_utc"": ""2026-09-06T20:25:14.500126+00:00""}"
3292.900000000,REPLAN_REQUESTED,"{""message"": ""Replanning request. curr_vertex_idx: 21"", ""wall_time_utc"": ""2026-09-06T20:25:14.502226+00:00""}"
3298.700000000,LOCAL_REPLAN,"{""message"": ""Call local replanning..."", ""wall_time_utc"": ""2026-09-06T20:25:20.300437+00:00""}"
3298.700000000,REPLAN_REQUESTED,"{""message"": ""Replanning request. curr_vertex_idx: 21"", ""wall_time_utc"": ""2026-09-06T20:25:20.302724+00:00""}"
3304.900000000,LOCAL_REPLAN,"{""message"": ""Call local replanning..."", ""wall_time_utc"": ""2026-09-06T20:25:26.491847+00:00""}"
3304.900000000,REPLAN_REQUESTED,"{""message"": ""Replanning request. curr_vertex_idx: 21"", ""wall_time_utc"": ""2026-09-06T20:25:26.493803+00:00""}"
3310.700000000,LOCAL_REPLAN,"{""message"": ""Call local replanning..."", ""wall_time_utc"": ""2026-09-06T20:25:32.301601+00:00""}"
3310.700000000,REPLAN_REQUESTED,"{""message"": ""Replanning request. curr_vertex_idx: 21"", ""wall_time_utc"": ""2026-09-06T20:25:32.304022+00:00""}"
3316.900000000,LOCAL_REPLAN,"{""message"": ""Call local replanning..."", ""wall_time_utc"": ""2026-09-06T20:25:38.500493+00:00""}"
3316.900000000,REPLAN_REQUESTED,"{""message"": ""Replanning request. curr_vertex_idx: 21"", ""wall_time_utc"": ""2026-09-06T20:25:38.502268+00:00""}"
3323.100000000,LOCAL_REPLAN,"{""message"": ""Call local replanning..."", ""wall_time_utc"": ""2026-09-06T20:25:44.735409+00:00""}"
3323.100000000,REPLAN_REQUESTED,"{""message"": ""Replanning request. curr_vertex_idx: 21"", ""wall_time_utc"": ""2026-09-06T20:25:44.737728+00:00""}"
3328.700000000,LOCAL_REPLAN,"{""message"": ""Call local replanning..."", ""wall_time_utc"": ""2026-09-06T20:25:50.317533+00:00""}"
3328.700000000,REPLAN_REQUESTED,"{""message"": ""Replanning request. curr_vertex_idx: 21"", ""wall_time_utc"": ""2026-09-06T20:25:50.319544+00:00""}"
3335.100000000,LOCAL_REPLAN,"{""message"": ""Call local replanning..."", ""wall_time_utc"": ""2026-09-06T20:25:56.745290+00:00""}"
3335.100000000,REPLAN_REQUESTED,"{""message"": ""Replanning request. curr_vertex_idx: 21"", ""wall_time_utc"": ""2026-09-06T20:25:56.747292+00:00""}"
3340.900000000,LOCAL_REPLAN,"{""message"": ""Call local replanning..."", ""wall_time_utc"": ""2026-09-06T20:26:02.522456+00:00""}"
3340.900000000,REPLAN_REQUESTED,"{""message"": ""Replanning request. curr_vertex_idx: 21"", ""wall_time_utc"": ""2026-09-06T20:26:02.524500+00:00""}"
3347.100000000,LOCAL_REPLAN,"{""message"": ""Call local replanning..."", ""wall_time_utc"": ""2026-09-06T20:26:08.763710+00:00""}"
3347.100000000,REPLAN_REQUESTED,"{""message"": ""Replanning request. curr_vertex_idx: 21"", ""wall_time_utc"": ""2026-09-06T20:26:08.765531+00:00""}"
3353.100000000,LOCAL_REPLAN,"{""message"": ""Call local replanning..."", ""wall_time_utc"": ""2026-09-06T20:26:14.711987+00:00""}"
3353.100000000,REPLAN_REQUESTED,"{""message"": ""Replanning request. curr_vertex_idx: 21"", ""wall_time_utc"": ""2026-09-06T20:26:14.713659+00:00""}"
3358.900000000,LOCAL_REPLAN,"{""message"": ""Call local replanning..."", ""wall_time_utc"": ""2026-09-06T20:26:20.482669+00:00""}"
3358.900000000,REPLAN_REQUESTED,"{""message"": ""Replanning request. curr_vertex_idx: 21"", ""wall_time_utc"": ""2026-09-06T20:26:20.484813+00:00""}"
3365.100000000,LOCAL_REPLAN,"{""message"": ""Call local replanning..."", ""wall_time_utc"": ""2026-09-06T20:26:26.760409+00:00""}"
3365.100000000,REPLAN_REQUESTED,"{""message"": ""Replanning request. curr_vertex_idx: 21"", ""wall_time_utc"": ""2026-09-06T20:26:26.762962+00:00""}"
3370.900000000,LOCAL_REPLAN,"{""message"": ""Call local replanning..."", ""wall_time_utc"": ""2026-09-06T20:26:32.486269+00:00""}"
3370.900000000,REPLAN_REQUESTED,"{""message"": ""Replanning request. curr_vertex_idx: 21"", ""wall_time_utc"": ""2026-09-06T20:26:32.488109+00:00""}"
3376.700000000,LOCAL_REPLAN,"{""message"": ""Call local replanning..."", ""wall_time_utc"": ""2026-09-06T20:26:38.304279+00:00""}"
3376.700000000,REPLAN_REQUESTED,"{""message"": ""Replanning request. curr_vertex_idx: 21"", ""wall_time_utc"": ""2026-09-06T20:26:38.306359+00:00""}"
3382.700000000,LOCAL_REPLAN,"{""message"": ""Call local replanning..."", ""wall_time_utc"": ""2026-09-06T20:26:44.307459+00:00""}"
3382.700000000,REPLAN_REQUESTED,"{""message"": ""Replanning request. curr_vertex_idx: 21"", ""wall_time_utc"": ""2026-09-06T20:26:44.309347+00:00""}"
3388.900000000,LOCAL_REPLAN,"{""message"": ""Call local replanning..."", ""wall_time_utc"": ""2026-09-06T20:26:50.490089+00:00""}"
3388.900000000,REPLAN_REQUESTED,"{""message"": ""Replanning request. curr_vertex_idx: 21"", ""wall_time_utc"": ""2026-09-06T20:26:50.491636+00:00""}"
3394.700000000,LOCAL_REPLAN,"{""message"": ""Call local replanning..."", ""wall_time_utc"": ""2026-09-06T20:26:56.330424+00:00""}"
3394.700000000,REPLAN_REQUESTED,"{""message"": ""Replanning request. curr_vertex_idx: 21"", ""wall_time_utc"": ""2026-09-06T20:26:56.332281+00:00""}"
3400.800000000,LOCAL_REPLAN,"{""message"": ""Call local replanning..."", ""wall_time_utc"": ""2026-09-06T20:27:02.418046+00:00""}"
3400.800000000,REPLAN_REQUESTED,"{""message"": ""Replanning request. curr_vertex_idx: 21"", ""wall_time_utc"": ""2026-09-06T20:27:02.420337+00:00""}"
3406.700000000,LOCAL_REPLAN,"{""message"": ""Call local replanning..."", ""wall_time_utc"": ""2026-09-06T20:27:08.315056+00:00""}"
3406.700000000,REPLAN_REQUESTED,"{""message"": ""Replanning request. curr_vertex_idx: 21"", ""wall_time_utc"": ""2026-09-06T20:27:08.316975+00:00""}"
3412.500000000,LOCAL_REPLAN,"{""message"": ""Call local replanning..."", ""wall_time_utc"": ""2026-09-06T20:27:14.155052+00:00""}"
3412.500000000,REPLAN_REQUESTED,"{""message"": ""Replanning request. curr_vertex_idx: 21"", ""wall_time_utc"": ""2026-09-06T20:27:14.157175+00:00""}"
3418.700000000,LOCAL_REPLAN,"{""message"": ""Call local replanning..."", ""wall_time_utc"": ""2026-09-06T20:27:20.341552+00:00""}"
3418.700000000,REPLAN_REQUESTED,"{""message"": ""Replanning request. curr_vertex_idx: 21"", ""wall_time_utc"": ""2026-09-06T20:27:20.343331+00:00""}"
3424.700000000,LOCAL_REPLAN,"{""message"": ""Call local replanning..."", ""wall_time_utc"": ""2026-09-06T20:27:26.329718+00:00""}"
3424.700000000,REPLAN_REQUESTED,"{""message"": ""Replanning request. curr_vertex_idx: 21"", ""wall_time_utc"": ""2026-09-06T20:27:26.331921+00:00""}"
3430.900000000,LOCAL_REPLAN,"{""message"": ""Call local replanning..."", ""wall_time_utc"": ""2026-09-06T20:27:32.488140+00:00""}"
3430.900000000,REPLAN_REQUESTED,"{""message"": ""Replanning request. curr_vertex_idx: 21"", ""wall_time_utc"": ""2026-09-06T20:27:32.490179+00:00""}"
3436.500000000,LOCAL_REPLAN,"{""message"": ""Call local replanning..."", ""wall_time_utc"": ""2026-09-06T20:27:38.174732+00:00""}"
3436.500000000,REPLAN_REQUESTED,"{""message"": ""Replanning request. curr_vertex_idx: 21"", ""wall_time_utc"": ""2026-09-06T20:27:38.176440+00:00""}"
3442.700000000,LOCAL_REPLAN,"{""message"": ""Call local replanning..."", ""wall_time_utc"": ""2026-09-06T20:27:44.322828+00:00""}"
3442.700000000,REPLAN_REQUESTED,"{""message"": ""Replanning request. curr_vertex_idx: 21"", ""wall_time_utc"": ""2026-09-06T20:27:44.324716+00:00""}"
3448.700000000,LOCAL_REPLAN,"{""message"": ""Call local replanning..."", ""wall_time_utc"": ""2026-09-06T20:27:50.362112+00:00""}"
3448.700000000,REPLAN_REQUESTED,"{""message"": ""Replanning request. curr_vertex_idx: 21"", ""wall_time_utc"": ""2026-09-06T20:27:50.363683+00:00""}"
3454.900000000,LOCAL_REPLAN,"{""message"": ""Call local replanning..."", ""wall_time_utc"": ""2026-09-06T20:27:56.496870+00:00""}"
3454.900000000,REPLAN_REQUESTED,"{""message"": ""Replanning request. curr_vertex_idx: 21"", ""wall_time_utc"": ""2026-09-06T20:27:56.498458+00:00""}"
3462.700000000,LOCAL_REPLAN,"{""message"": ""Call local replanning..."", ""wall_time_utc"": ""2026-09-06T20:28:04.347552+00:00""}"
3462.700000000,REPLAN_REQUESTED,"{""message"": ""Replanning request. curr_vertex_idx: 21"", ""wall_time_utc"": ""2026-09-06T20:28:04.349459+00:00""}"
3469.200000000,LOCAL_REPLAN,"{""message"": ""Call local replanning..."", ""wall_time_utc"": ""2026-09-06T20:28:10.786990+00:00""}"
3469.200000000,REPLAN_REQUESTED,"{""message"": ""Replanning request. curr_vertex_idx: 21"", ""wall_time_utc"": ""2026-09-06T20:28:10.788672+00:00""}"
3475.200000000,LOCAL_REPLAN,"{""message"": ""Call local replanning..."", ""wall_time_utc"": ""2026-09-06T20:28:16.814382+00:00""}"
3475.200000000,REPLAN_REQUESTED,"{""message"": ""Replanning request. curr_vertex_idx: 21"", ""wall_time_utc"": ""2026-09-06T20:28:16.816475+00:00""}"
3481.300000000,LOCAL_REPLAN,"{""message"": ""Call local replanning..."", ""wall_time_utc"": ""2026-09-06T20:28:22.952552+00:00""}"
3481.300000000,REPLAN_REQUESTED,"{""message"": ""Replanning request. curr_vertex_idx: 21"", ""wall_time_utc"": ""2026-09-06T20:28:22.954590+00:00""}"
3486.700000000,LOCAL_REPLAN,"{""message"": ""Call local replanning..."", ""wall_time_utc"": ""2026-09-06T20:28:28.345308+00:00""}"
3486.700000000,REPLAN_REQUESTED,"{""message"": ""Replanning request. curr_vertex_idx: 21"", ""wall_time_utc"": ""2026-09-06T20:28:28.347202+00:00""}"
3493.200000000,LOCAL_REPLAN,"{""message"": ""Call local replanning..."", ""wall_time_utc"": ""2026-09-06T20:28:34.814797+00:00""}"
3493.200000000,REPLAN_REQUESTED,"{""message"": ""Replanning request. curr_vertex_idx: 21"", ""wall_time_utc"": ""2026-09-06T20:28:34.816484+00:00""}"
3498.800000000,LOCAL_REPLAN,"{""message"": ""Call local replanning..."", ""wall_time_utc"": ""2026-09-06T20:28:40.480485+00:00""}"
3498.800000000,REPLAN_REQUESTED,"{""message"": ""Replanning request. curr_vertex_idx: 21"", ""wall_time_utc"": ""2026-09-06T20:28:40.482321+00:00""}"
3500.900000000,LOCAL_REPLAN,"{""message"": ""Call local replanning..."", ""wall_time_utc"": ""2026-09-06T20:28:42.535563+00:00""}"
3500.900000000,REPLAN_REQUESTED,"{""message"": ""Replanning request. curr_vertex_idx: 21"", ""wall_time_utc"": ""2026-09-06T20:28:42.537699+00:00""}"
3506.800000000,LOCAL_REPLAN,"{""message"": ""Call local replanning..."", ""wall_time_utc"": ""2026-09-06T20:28:48.479327+00:00""}"
3506.800000000,REPLAN_REQUESTED,"{""message"": ""Replanning request. curr_vertex_idx: 21"", ""wall_time_utc"": ""2026-09-06T20:28:48.481222+00:00""}"
3512.700000000,LOCAL_REPLAN,"{""message"": ""Call local replanning..."", ""wall_time_utc"": ""2026-09-06T20:28:54.337764+00:00""}"
3512.700000000,REPLAN_REQUESTED,"{""message"": ""Replanning request. curr_vertex_idx: 21"", ""wall_time_utc"": ""2026-09-06T20:28:54.339471+00:00""}"
3518.900000000,LOCAL_REPLAN,"{""message"": ""Call local replanning..."", ""wall_time_utc"": ""2026-09-06T20:29:00.536486+00:00""}"
3518.900000000,REPLAN_REQUESTED,"{""message"": ""Replanning request. curr_vertex_idx: 21"", ""wall_time_utc"": ""2026-09-06T20:29:00.538017+00:00""}"
3522.900000000,KARTO_LOOP_CONSTRAINT,"{""message"": ""Add one Loop closure. 16 loops have been added."", ""wall_time_utc"": ""2026-09-06T20:29:04.564088+00:00""}"
3522.900000000,KARTO_LOOP_ACCEPTED,"{""chain_end"": 2148, ""chain_start"": 2143, ""current_scan"": 2398, ""loop_count"": 16, ""received_ros_time"": 3522.9, ""received_wall_time_utc"": ""2026-09-06T20:29:04.564239+00:00"", ""seq"": 16, ""stamp"": 3522.9, ""wall_time_utc"": ""2026-09-06T20:29:04.564254+00:00""}"
3524.700000000,LOCAL_REPLAN,"{""message"": ""Call local replanning..."", ""wall_time_utc"": ""2026-09-06T20:29:06.329003+00:00""}"
3524.700000000,REPLAN_REQUESTED,"{""message"": ""Replanning request. curr_vertex_idx: 21"", ""wall_time_utc"": ""2026-09-06T20:29:06.330870+00:00""}"
3530.800000000,LOCAL_REPLAN,"{""message"": ""Call local replanning..."", ""wall_time_utc"": ""2026-09-06T20:29:12.399552+00:00""}"
3530.800000000,REPLAN_REQUESTED,"{""message"": ""Replanning request. curr_vertex_idx: 21"", ""wall_time_utc"": ""2026-09-06T20:29:12.401763+00:00""}"
3537.100000000,LOCAL_REPLAN,"{""message"": ""Call local replanning..."", ""wall_time_utc"": ""2026-09-06T20:29:18.770289+00:00""}"
3537.100000000,REPLAN_REQUESTED,"{""message"": ""Replanning request. curr_vertex_idx: 21"", ""wall_time_utc"": ""2026-09-06T20:29:18.772257+00:00""}"
3543.400000000,LOCAL_REPLAN,"{""message"": ""Call local replanning..."", ""wall_time_utc"": ""2026-09-06T20:29:25.047810+00:00""}"
3543.400000000,REPLAN_REQUESTED,"{""message"": ""Replanning request. curr_vertex_idx: 21"", ""wall_time_utc"": ""2026-09-06T20:29:25.050112+00:00""}"
3548.700000000,LOCAL_REPLAN,"{""message"": ""Call local replanning..."", ""wall_time_utc"": ""2026-09-06T20:29:30.336532+00:00""}"
3548.700000000,REPLAN_REQUESTED,"{""message"": ""Replanning request. curr_vertex_idx: 21"", ""wall_time_utc"": ""2026-09-06T20:29:30.338573+00:00""}"
3555.300000000,LOCAL_REPLAN,"{""message"": ""Call local replanning..."", ""wall_time_utc"": ""2026-09-06T20:29:36.963704+00:00""}"
3555.300000000,REPLAN_REQUESTED,"{""message"": ""Replanning request. curr_vertex_idx: 21"", ""wall_time_utc"": ""2026-09-06T20:29:36.965793+00:00""}"
3561.200000000,LOCAL_REPLAN,"{""message"": ""Call local replanning..."", ""wall_time_utc"": ""2026-09-06T20:29:42.803181+00:00""}"
3561.200000000,REPLAN_REQUESTED,"{""message"": ""Replanning request. curr_vertex_idx: 21"", ""wall_time_utc"": ""2026-09-06T20:29:42.805428+00:00""}"
3566.700000000,LOCAL_REPLAN,"{""message"": ""Call local replanning..."", ""wall_time_utc"": ""2026-09-06T20:29:48.341502+00:00""}"
3566.700000000,REPLAN_REQUESTED,"{""message"": ""Replanning request. curr_vertex_idx: 21"", ""wall_time_utc"": ""2026-09-06T20:29:48.343216+00:00""}"
3572.700000000,LOCAL_REPLAN,"{""message"": ""Call local replanning..."", ""wall_time_utc"": ""2026-09-06T20:29:54.353393+00:00""}"
3572.700000000,REPLAN_REQUESTED,"{""message"": ""Replanning request. curr_vertex_idx: 21"", ""wall_time_utc"": ""2026-09-06T20:29:54.355294+00:00""}"
3579.200000000,LOCAL_REPLAN,"{""message"": ""Call local replanning..."", ""wall_time_utc"": ""2026-09-06T20:30:00.807661+00:00""}"
3579.200000000,REPLAN_REQUESTED,"{""message"": ""Replanning request. curr_vertex_idx: 21"", ""wall_time_utc"": ""2026-09-06T20:30:00.809754+00:00""}"
3585.200000000,LOCAL_REPLAN,"{""message"": ""Call local replanning..."", ""wall_time_utc"": ""2026-09-06T20:30:06.783572+00:00""}"
3585.200000000,REPLAN_REQUESTED,"{""message"": ""Replanning request. curr_vertex_idx: 21"", ""wall_time_utc"": ""2026-09-06T20:30:06.785914+00:00""}"
3591.300000000,LOCAL_REPLAN,"{""message"": ""Call local replanning..."", ""wall_time_utc"": ""2026-09-06T20:30:12.958329+00:00""}"
3591.300000000,REPLAN_REQUESTED,"{""message"": ""Replanning request. curr_vertex_idx: 21"", ""wall_time_utc"": ""2026-09-06T20:30:12.960587+00:00""}"
3596.600000000,LOCAL_REPLAN,"{""message"": ""Call local replanning..."", ""wall_time_utc"": ""2026-09-06T20:30:18.251168+00:00""}"
3596.600000000,REPLAN_REQUESTED,"{""message"": ""Replanning request. curr_vertex_idx: 21"", ""wall_time_utc"": ""2026-09-06T20:30:18.253177+00:00""}"
3602.900000000,LOCAL_REPLAN,"{""message"": ""Call local replanning..."", ""wall_time_utc"": ""2026-09-06T20:30:24.489854+00:00""}"
3602.900000000,REPLAN_REQUESTED,"{""message"": ""Replanning request. curr_vertex_idx: 21"", ""wall_time_utc"": ""2026-09-06T20:30:24.491582+00:00""}"
3609.200000000,LOCAL_REPLAN,"{""message"": ""Call local replanning..."", ""wall_time_utc"": ""2026-09-06T20:30:30.793918+00:00""}"
3609.200000000,REPLAN_REQUESTED,"{""message"": ""Replanning request. curr_vertex_idx: 21"", ""wall_time_utc"": ""2026-09-06T20:30:30.795782+00:00""}"
3614.800000000,LOCAL_REPLAN,"{""message"": ""Call local replanning..."", ""wall_time_utc"": ""2026-09-06T20:30:36.414731+00:00""}"
3614.800000000,REPLAN_REQUESTED,"{""message"": ""Replanning request. curr_vertex_idx: 21"", ""wall_time_utc"": ""2026-09-06T20:30:36.416906+00:00""}"
3621.100000000,LOCAL_REPLAN,"{""message"": ""Call local replanning..."", ""wall_time_utc"": ""2026-09-06T20:30:42.779762+00:00""}"
3621.100000000,REPLAN_REQUESTED,"{""message"": ""Replanning request. curr_vertex_idx: 21"", ""wall_time_utc"": ""2026-09-06T20:30:42.781970+00:00""}"
3626.900000000,LOCAL_REPLAN,"{""message"": ""Call local replanning..."", ""wall_time_utc"": ""2026-09-06T20:30:48.527833+00:00""}"
3626.900000000,REPLAN_REQUESTED,"{""message"": ""Replanning request. curr_vertex_idx: 21"", ""wall_time_utc"": ""2026-09-06T20:30:48.530176+00:00""}"
3633.200000000,LOCAL_REPLAN,"{""message"": ""Call local replanning..."", ""wall_time_utc"": ""2026-09-06T20:30:54.846665+00:00""}"
3633.200000000,REPLAN_REQUESTED,"{""message"": ""Replanning request. curr_vertex_idx: 21"", ""wall_time_utc"": ""2026-09-06T20:30:54.848509+00:00""}"
3638.700000000,LOCAL_REPLAN,"{""message"": ""Call local replanning..."", ""wall_time_utc"": ""2026-09-06T20:31:00.345287+00:00""}"
3638.700000000,REPLAN_REQUESTED,"{""message"": ""Replanning request. curr_vertex_idx: 21"", ""wall_time_utc"": ""2026-09-06T20:31:00.347377+00:00""}"
3644.600000000,LOCAL_REPLAN,"{""message"": ""Call local replanning..."", ""wall_time_utc"": ""2026-09-06T20:31:06.232641+00:00""}"
3644.600000000,REPLAN_REQUESTED,"{""message"": ""Replanning request. curr_vertex_idx: 21"", ""wall_time_utc"": ""2026-09-06T20:31:06.234824+00:00""}"
3651.100000000,LOCAL_REPLAN,"{""message"": ""Call local replanning..."", ""wall_time_utc"": ""2026-09-06T20:31:12.759820+00:00""}"
3651.100000000,REPLAN_REQUESTED,"{""message"": ""Replanning request. curr_vertex_idx: 21"", ""wall_time_utc"": ""2026-09-06T20:31:12.762117+00:00""}"
3656.700000000,LOCAL_REPLAN,"{""message"": ""Call local replanning..."", ""wall_time_utc"": ""2026-09-06T20:31:18.329302+00:00""}"
3656.700000000,REPLAN_REQUESTED,"{""message"": ""Replanning request. curr_vertex_idx: 21"", ""wall_time_utc"": ""2026-09-06T20:31:18.331198+00:00""}"
3662.700000000,LOCAL_REPLAN,"{""message"": ""Call local replanning..."", ""wall_time_utc"": ""2026-09-06T20:31:24.349295+00:00""}"
3662.700000000,REPLAN_REQUESTED,"{""message"": ""Replanning request. curr_vertex_idx: 21"", ""wall_time_utc"": ""2026-09-06T20:31:24.351232+00:00""}"
3668.700000000,LOCAL_REPLAN,"{""message"": ""Call local replanning..."", ""wall_time_utc"": ""2026-09-06T20:31:30.334064+00:00""}"
3668.700000000,REPLAN_REQUESTED,"{""message"": ""Replanning request. curr_vertex_idx: 21"", ""wall_time_utc"": ""2026-09-06T20:31:30.335777+00:00""}"
3674.900000000,LOCAL_REPLAN,"{""message"": ""Call local replanning..."", ""wall_time_utc"": ""2026-09-06T20:31:36.514053+00:00""}"
3674.900000000,REPLAN_REQUESTED,"{""message"": ""Replanning request. curr_vertex_idx: 21"", ""wall_time_utc"": ""2026-09-06T20:31:36.515772+00:00""}"
3681.400000000,LOCAL_REPLAN,"{""message"": ""Call local replanning..."", ""wall_time_utc"": ""2026-09-06T20:31:43.004536+00:00""}"
3681.400000000,REPLAN_REQUESTED,"{""message"": ""Replanning request. curr_vertex_idx: 21"", ""wall_time_utc"": ""2026-09-06T20:31:43.006570+00:00""}"
3686.900000000,LOCAL_REPLAN,"{""message"": ""Call local replanning..."", ""wall_time_utc"": ""2026-09-06T20:31:48.505921+00:00""}"
3686.900000000,REPLAN_REQUESTED,"{""message"": ""Replanning request. curr_vertex_idx: 21"", ""wall_time_utc"": ""2026-09-06T20:31:48.508114+00:00""}"
3692.700000000,LOCAL_REPLAN,"{""message"": ""Call local replanning..."", ""wall_time_utc"": ""2026-09-06T20:31:54.356400+00:00""}"
3692.700000000,REPLAN_REQUESTED,"{""message"": ""Replanning request. curr_vertex_idx: 21"", ""wall_time_utc"": ""2026-09-06T20:31:54.358286+00:00""}"
3698.500000000,LOCAL_REPLAN,"{""message"": ""Call local replanning..."", ""wall_time_utc"": ""2026-09-06T20:32:00.095032+00:00""}"
3698.500000000,REPLAN_REQUESTED,"{""message"": ""Replanning request. curr_vertex_idx: 21"", ""wall_time_utc"": ""2026-09-06T20:32:00.097503+00:00""}"
3705.200000000,LOCAL_REPLAN,"{""message"": ""Call local replanning..."", ""wall_time_utc"": ""2026-09-06T20:32:06.809283+00:00""}"
3705.200000000,REPLAN_REQUESTED,"{""message"": ""Replanning request. curr_vertex_idx: 21"", ""wall_time_utc"": ""2026-09-06T20:32:06.811365+00:00""}"
3711.200000000,LOCAL_REPLAN,"{""message"": ""Call local replanning..."", ""wall_time_utc"": ""2026-09-06T20:32:12.817121+00:00""}"
3711.200000000,REPLAN_REQUESTED,"{""message"": ""Replanning request. curr_vertex_idx: 21"", ""wall_time_utc"": ""2026-09-06T20:32:12.819354+00:00""}"
3717.200000000,LOCAL_REPLAN,"{""message"": ""Call local replanning..."", ""wall_time_utc"": ""2026-09-06T20:32:18.858053+00:00""}"
3717.200000000,REPLAN_REQUESTED,"{""message"": ""Replanning request. curr_vertex_idx: 21"", ""wall_time_utc"": ""2026-09-06T20:32:18.860104+00:00""}"
3719.400000000,LOCAL_REPLAN,"{""message"": ""Call local replanning..."", ""wall_time_utc"": ""2026-09-06T20:32:20.984778+00:00""}"
3719.400000000,REPLAN_REQUESTED,"{""message"": ""Replanning request. curr_vertex_idx: 21"", ""wall_time_utc"": ""2026-09-06T20:32:20.986810+00:00""}"
3720.700000000,LOCAL_REPLAN,"{""message"": ""Call local replanning..."", ""wall_time_utc"": ""2026-09-06T20:32:22.341373+00:00""}"
3720.700000000,REPLAN_REQUESTED,"{""message"": ""Replanning request. curr_vertex_idx: 21"", ""wall_time_utc"": ""2026-09-06T20:32:22.343491+00:00""}"
3722.700000000,LOCAL_REPLAN,"{""message"": ""Call local replanning..."", ""wall_time_utc"": ""2026-09-06T20:32:24.344756+00:00""}"
3722.700000000,REPLAN_REQUESTED,"{""message"": ""Replanning request. curr_vertex_idx: 21"", ""wall_time_utc"": ""2026-09-06T20:32:24.347138+00:00""}"
3725.400000000,LOCAL_REPLAN,"{""message"": ""Call local replanning..."", ""wall_time_utc"": ""2026-09-06T20:32:26.988660+00:00""}"
3725.400000000,REPLAN_REQUESTED,"{""message"": ""Replanning request. curr_vertex_idx: 21"", ""wall_time_utc"": ""2026-09-06T20:32:26.990998+00:00""}"
3727.100000000,LOCAL_REPLAN,"{""message"": ""Call local replanning..."", ""wall_time_utc"": ""2026-09-06T20:32:28.718230+00:00""}"
3727.100000000,REPLAN_REQUESTED,"{""message"": ""Replanning request. curr_vertex_idx: 21"", ""wall_time_utc"": ""2026-09-06T20:32:28.720390+00:00""}"
3728.700000000,LOCAL_REPLAN,"{""message"": ""Call local replanning..."", ""wall_time_utc"": ""2026-09-06T20:32:30.357549+00:00""}"
3728.700000000,REPLAN_REQUESTED,"{""message"": ""Replanning request. curr_vertex_idx: 21"", ""wall_time_utc"": ""2026-09-06T20:32:30.360139+00:00""}"
3730.700000000,LOCAL_REPLAN,"{""message"": ""Call local replanning..."", ""wall_time_utc"": ""2026-09-06T20:32:32.343347+00:00""}"
3730.700000000,REPLAN_REQUESTED,"{""message"": ""Replanning request. curr_vertex_idx: 21"", ""wall_time_utc"": ""2026-09-06T20:32:32.345327+00:00""}"
3732.700000000,LOCAL_REPLAN,"{""message"": ""Call local replanning..."", ""wall_time_utc"": ""2026-09-06T20:32:34.341183+00:00""}"
3732.700000000,REPLAN_REQUESTED,"{""message"": ""Replanning request. curr_vertex_idx: 21"", ""wall_time_utc"": ""2026-09-06T20:32:34.343518+00:00""}"
3735.200000000,LOCAL_REPLAN,"{""message"": ""Call local replanning..."", ""wall_time_utc"": ""2026-09-06T20:32:36.833858+00:00""}"
3735.200000000,REPLAN_REQUESTED,"{""message"": ""Replanning request. curr_vertex_idx: 21"", ""wall_time_utc"": ""2026-09-06T20:32:36.835642+00:00""}"
3737.200000000,LOCAL_REPLAN,"{""message"": ""Call local replanning..."", ""wall_time_utc"": ""2026-09-06T20:32:38.807397+00:00""}"
3737.200000000,REPLAN_REQUESTED,"{""message"": ""Replanning request. curr_vertex_idx: 21"", ""wall_time_utc"": ""2026-09-06T20:32:38.809498+00:00""}"
3739.200000000,LOCAL_REPLAN,"{""message"": ""Call local replanning..."", ""wall_time_utc"": ""2026-09-06T20:32:40.845111+00:00""}"
3739.200000000,REPLAN_REQUESTED,"{""message"": ""Replanning request. curr_vertex_idx: 21"", ""wall_time_utc"": ""2026-09-06T20:32:40.846932+00:00""}"
3740.700000000,LOCAL_REPLAN,"{""message"": ""Call local replanning..."", ""wall_time_utc"": ""2026-09-06T20:32:42.361331+00:00""}"
3740.700000000,REPLAN_REQUESTED,"{""message"": ""Replanning request. curr_vertex_idx: 21"", ""wall_time_utc"": ""2026-09-06T20:32:42.363167+00:00""}"
3743.000000000,LOCAL_REPLAN,"{""message"": ""Call local replanning..."", ""wall_time_utc"": ""2026-09-06T20:32:44.600200+00:00""}"
3743.000000000,REPLAN_REQUESTED,"{""message"": ""Replanning request. curr_vertex_idx: 21"", ""wall_time_utc"": ""2026-09-06T20:32:44.602529+00:00""}"
3744.900000000,LOCAL_REPLAN,"{""message"": ""Call local replanning..."", ""wall_time_utc"": ""2026-09-06T20:32:46.519080+00:00""}"
3744.900000000,REPLAN_REQUESTED,"{""message"": ""Replanning request. curr_vertex_idx: 21"", ""wall_time_utc"": ""2026-09-06T20:32:46.521151+00:00""}"
3747.200000000,LOCAL_REPLAN,"{""message"": ""Call local replanning..."", ""wall_time_utc"": ""2026-09-06T20:32:48.828975+00:00""}"
3747.200000000,REPLAN_REQUESTED,"{""message"": ""Replanning request. curr_vertex_idx: 21"", ""wall_time_utc"": ""2026-09-06T20:32:48.830757+00:00""}"
3749.400000000,LOCAL_REPLAN,"{""message"": ""Call local replanning..."", ""wall_time_utc"": ""2026-09-06T20:32:51.043373+00:00""}"
3749.400000000,REPLAN_REQUESTED,"{""message"": ""Replanning request. curr_vertex_idx: 21"", ""wall_time_utc"": ""2026-09-06T20:32:51.045650+00:00""}"
3750.900000000,LOCAL_REPLAN,"{""message"": ""Call local replanning..."", ""wall_time_utc"": ""2026-09-06T20:32:52.539035+00:00""}"
3750.900000000,REPLAN_REQUESTED,"{""message"": ""Replanning request. curr_vertex_idx: 21"", ""wall_time_utc"": ""2026-09-06T20:32:52.541254+00:00""}"
3752.900000000,LOCAL_REPLAN,"{""message"": ""Call local replanning..."", ""wall_time_utc"": ""2026-09-06T20:32:54.530415+00:00""}"
3752.900000000,REPLAN_REQUESTED,"{""message"": ""Replanning request. curr_vertex_idx: 21"", ""wall_time_utc"": ""2026-09-06T20:32:54.532361+00:00""}"
3754.700000000,LOCAL_REPLAN,"{""message"": ""Call local replanning..."", ""wall_time_utc"": ""2026-09-06T20:32:56.337772+00:00""}"
3754.700000000,REPLAN_REQUESTED,"{""message"": ""Replanning request. curr_vertex_idx: 21"", ""wall_time_utc"": ""2026-09-06T20:32:56.339850+00:00""}"
3756.900000000,LOCAL_REPLAN,"{""message"": ""Call local replanning..."", ""wall_time_utc"": ""2026-09-06T20:32:58.506353+00:00""}"
3756.900000000,REPLAN_REQUESTED,"{""message"": ""Replanning request. curr_vertex_idx: 21"", ""wall_time_utc"": ""2026-09-06T20:32:58.508343+00:00""}"
3759.400000000,LOCAL_REPLAN,"{""message"": ""Call local replanning..."", ""wall_time_utc"": ""2026-09-06T20:33:01.034445+00:00""}"
3759.400000000,REPLAN_REQUESTED,"{""message"": ""Replanning request. curr_vertex_idx: 21"", ""wall_time_utc"": ""2026-09-06T20:33:01.036335+00:00""}"
3761.600000000,LOCAL_REPLAN,"{""message"": ""Call local replanning..."", ""wall_time_utc"": ""2026-09-06T20:33:03.241582+00:00""}"
3761.600000000,REPLAN_REQUESTED,"{""message"": ""Replanning request. curr_vertex_idx: 21"", ""wall_time_utc"": ""2026-09-06T20:33:03.243424+00:00""}"
3763.400000000,LOCAL_REPLAN,"{""message"": ""Call local replanning..."", ""wall_time_utc"": ""2026-09-06T20:33:05.022719+00:00""}"
3763.400000000,REPLAN_REQUESTED,"{""message"": ""Replanning request. curr_vertex_idx: 21"", ""wall_time_utc"": ""2026-09-06T20:33:05.024303+00:00""}"
3765.400000000,LOCAL_REPLAN,"{""message"": ""Call local replanning..."", ""wall_time_utc"": ""2026-09-06T20:33:06.995147+00:00""}"
3765.400000000,REPLAN_REQUESTED,"{""message"": ""Replanning request. curr_vertex_idx: 21"", ""wall_time_utc"": ""2026-09-06T20:33:06.997184+00:00""}"
3766.900000000,LOCAL_REPLAN,"{""message"": ""Call local replanning..."", ""wall_time_utc"": ""2026-09-06T20:33:08.522952+00:00""}"
3766.900000000,REPLAN_REQUESTED,"{""message"": ""Replanning request. curr_vertex_idx: 21"", ""wall_time_utc"": ""2026-09-06T20:33:08.525108+00:00""}"
3769.400000000,LOCAL_REPLAN,"{""message"": ""Call local replanning..."", ""wall_time_utc"": ""2026-09-06T20:33:10.984939+00:00""}"
3769.400000000,REPLAN_REQUESTED,"{""message"": ""Replanning request. curr_vertex_idx: 21"", ""wall_time_utc"": ""2026-09-06T20:33:10.986944+00:00""}"
3770.900000000,LOCAL_REPLAN,"{""message"": ""Call local replanning..."", ""wall_time_utc"": ""2026-09-06T20:33:12.533366+00:00""}"
3770.900000000,REPLAN_REQUESTED,"{""message"": ""Replanning request. curr_vertex_idx: 21"", ""wall_time_utc"": ""2026-09-06T20:33:12.535561+00:00""}"
3773.100000000,LOCAL_REPLAN,"{""message"": ""Call local replanning..."", ""wall_time_utc"": ""2026-09-06T20:33:14.755971+00:00""}"
3773.100000000,REPLAN_REQUESTED,"{""message"": ""Replanning request. curr_vertex_idx: 21"", ""wall_time_utc"": ""2026-09-06T20:33:14.758211+00:00""}"
3775.400000000,LOCAL_REPLAN,"{""message"": ""Call local replanning..."", ""wall_time_utc"": ""2026-09-06T20:33:17.038673+00:00""}"
3775.400000000,REPLAN_REQUESTED,"{""message"": ""Replanning request. curr_vertex_idx: 21"", ""wall_time_utc"": ""2026-09-06T20:33:17.040575+00:00""}"
3777.300000000,LOCAL_REPLAN,"{""message"": ""Call local replanning..."", ""wall_time_utc"": ""2026-09-06T20:33:18.964981+00:00""}"
3777.300000000,REPLAN_REQUESTED,"{""message"": ""Replanning request. curr_vertex_idx: 21"", ""wall_time_utc"": ""2026-09-06T20:33:18.967051+00:00""}"
3779.400000000,LOCAL_REPLAN,"{""message"": ""Call local replanning..."", ""wall_time_utc"": ""2026-09-06T20:33:20.992776+00:00""}"
3779.400000000,REPLAN_REQUESTED,"{""message"": ""Replanning request. curr_vertex_idx: 21"", ""wall_time_utc"": ""2026-09-06T20:33:20.994456+00:00""}"
3781.200000000,LOCAL_REPLAN,"{""message"": ""Call local replanning..."", ""wall_time_utc"": ""2026-09-06T20:33:22.802080+00:00""}"
3781.200000000,REPLAN_REQUESTED,"{""message"": ""Replanning request. curr_vertex_idx: 21"", ""wall_time_utc"": ""2026-09-06T20:33:22.803950+00:00""}"
3783.700000000,LOCAL_REPLAN,"{""message"": ""Call local replanning..."", ""wall_time_utc"": ""2026-09-06T20:33:25.372585+00:00""}"
3783.700000000,REPLAN_REQUESTED,"{""message"": ""Replanning request. curr_vertex_idx: 21"", ""wall_time_utc"": ""2026-09-06T20:33:25.374497+00:00""}"
3784.700000000,LOCAL_REPLAN,"{""message"": ""Call local replanning..."", ""wall_time_utc"": ""2026-09-06T20:33:26.339924+00:00""}"
3784.700000000,REPLAN_REQUESTED,"{""message"": ""Replanning request. curr_vertex_idx: 21"", ""wall_time_utc"": ""2026-09-06T20:33:26.341688+00:00""}"
3786.700000000,LOCAL_REPLAN,"{""message"": ""Call local replanning..."", ""wall_time_utc"": ""2026-09-06T20:33:28.347697+00:00""}"
3786.700000000,REPLAN_REQUESTED,"{""message"": ""Replanning request. curr_vertex_idx: 21"", ""wall_time_utc"": ""2026-09-06T20:33:28.349600+00:00""}"
3788.700000000,LOCAL_REPLAN,"{""message"": ""Call local replanning..."", ""wall_time_utc"": ""2026-09-06T20:33:30.361435+00:00""}"
3788.700000000,REPLAN_REQUESTED,"{""message"": ""Replanning request. curr_vertex_idx: 21"", ""wall_time_utc"": ""2026-09-06T20:33:30.363201+00:00""}"
3790.900000000,LOCAL_REPLAN,"{""message"": ""Call local replanning..."", ""wall_time_utc"": ""2026-09-06T20:33:32.506357+00:00""}"
3790.900000000,REPLAN_REQUESTED,"{""message"": ""Replanning request. curr_vertex_idx: 21"", ""wall_time_utc"": ""2026-09-06T20:33:32.508363+00:00""}"
3793.200000000,LOCAL_REPLAN,"{""message"": ""Call local replanning..."", ""wall_time_utc"": ""2026-09-06T20:33:34.874799+00:00""}"
3793.200000000,REPLAN_REQUESTED,"{""message"": ""Replanning request. curr_vertex_idx: 21"", ""wall_time_utc"": ""2026-09-06T20:33:34.876623+00:00""}"
3794.700000000,LOCAL_REPLAN,"{""message"": ""Call local replanning..."", ""wall_time_utc"": ""2026-09-06T20:33:36.345109+00:00""}"
3794.700000000,REPLAN_REQUESTED,"{""message"": ""Replanning request. curr_vertex_idx: 21"", ""wall_time_utc"": ""2026-09-06T20:33:36.347258+00:00""}"
3797.200000000,LOCAL_REPLAN,"{""message"": ""Call local replanning..."", ""wall_time_utc"": ""2026-09-06T20:33:38.840041+00:00""}"
3797.200000000,REPLAN_REQUESTED,"{""message"": ""Replanning request. curr_vertex_idx: 21"", ""wall_time_utc"": ""2026-09-06T20:33:38.842163+00:00""}"
3799.200000000,LOCAL_REPLAN,"{""message"": ""Call local replanning..."", ""wall_time_utc"": ""2026-09-06T20:33:40.867299+00:00""}"
3799.200000000,REPLAN_REQUESTED,"{""message"": ""Replanning request. curr_vertex_idx: 21"", ""wall_time_utc"": ""2026-09-06T20:33:40.869299+00:00""}"
3801.800000000,LOCAL_REPLAN,"{""message"": ""Call local replanning..."", ""wall_time_utc"": ""2026-09-06T20:33:43.459498+00:00""}"
3801.800000000,REPLAN_REQUESTED,"{""message"": ""Replanning request. curr_vertex_idx: 21"", ""wall_time_utc"": ""2026-09-06T20:33:43.461412+00:00""}"
3804.500000000,LOCAL_REPLAN,"{""message"": ""Call local replanning..."", ""wall_time_utc"": ""2026-09-06T20:33:46.092490+00:00""}"
3804.500000000,REPLAN_REQUESTED,"{""message"": ""Replanning request. curr_vertex_idx: 21"", ""wall_time_utc"": ""2026-09-06T20:33:46.094566+00:00""}"
3805.800000000,LOCAL_REPLAN,"{""message"": ""Call local replanning..."", ""wall_time_utc"": ""2026-09-06T20:33:47.458778+00:00""}"
3805.800000000,REPLAN_REQUESTED,"{""message"": ""Replanning request. curr_vertex_idx: 21"", ""wall_time_utc"": ""2026-09-06T20:33:47.460877+00:00""}"
3808.300000000,LOCAL_REPLAN,"{""message"": ""Call local replanning..."", ""wall_time_utc"": ""2026-09-06T20:33:49.937426+00:00""}"
3808.300000000,REPLAN_REQUESTED,"{""message"": ""Replanning request. curr_vertex_idx: 21"", ""wall_time_utc"": ""2026-09-06T20:33:49.939526+00:00""}"
3809.800000000,LOCAL_REPLAN,"{""message"": ""Call local replanning..."", ""wall_time_utc"": ""2026-09-06T20:33:51.461621+00:00""}"
3809.800000000,REPLAN_REQUESTED,"{""message"": ""Replanning request. curr_vertex_idx: 21"", ""wall_time_utc"": ""2026-09-06T20:33:51.463589+00:00""}"
3812.500000000,LOCAL_REPLAN,"{""message"": ""Call local replanning..."", ""wall_time_utc"": ""2026-09-06T20:33:54.146311+00:00""}"
3812.500000000,REPLAN_REQUESTED,"{""message"": ""Replanning request. curr_vertex_idx: 21"", ""wall_time_utc"": ""2026-09-06T20:33:54.148150+00:00""}"
3814.300000000,LOCAL_REPLAN,"{""message"": ""Call local replanning..."", ""wall_time_utc"": ""2026-09-06T20:33:55.978238+00:00""}"
3814.300000000,REPLAN_REQUESTED,"{""message"": ""Replanning request. curr_vertex_idx: 21"", ""wall_time_utc"": ""2026-09-06T20:33:55.980523+00:00""}"
3816.300000000,LOCAL_REPLAN,"{""message"": ""Call local replanning..."", ""wall_time_utc"": ""2026-09-06T20:33:57.914647+00:00""}"
3816.300000000,REPLAN_REQUESTED,"{""message"": ""Replanning request. curr_vertex_idx: 21"", ""wall_time_utc"": ""2026-09-06T20:33:57.916610+00:00""}"
3817.700000000,LOCAL_REPLAN,"{""message"": ""Call local replanning..."", ""wall_time_utc"": ""2026-09-06T20:33:59.363733+00:00""}"
3817.700000000,REPLAN_REQUESTED,"{""message"": ""Replanning request. curr_vertex_idx: 21"", ""wall_time_utc"": ""2026-09-06T20:33:59.365818+00:00""}"
3820.300000000,LOCAL_REPLAN,"{""message"": ""Call local replanning..."", ""wall_time_utc"": ""2026-09-06T20:34:01.969952+00:00""}"
3820.300000000,REPLAN_REQUESTED,"{""message"": ""Replanning request. curr_vertex_idx: 21"", ""wall_time_utc"": ""2026-09-06T20:34:01.972512+00:00""}"
3821.800000000,LOCAL_REPLAN,"{""message"": ""Call local replanning..."", ""wall_time_utc"": ""2026-09-06T20:34:03.454038+00:00""}"
3821.800000000,REPLAN_REQUESTED,"{""message"": ""Replanning request. curr_vertex_idx: 21"", ""wall_time_utc"": ""2026-09-06T20:34:03.456122+00:00""}"
3825.100000000,LOCAL_REPLAN,"{""message"": ""Call local replanning..."", ""wall_time_utc"": ""2026-09-06T20:34:06.686893+00:00""}"
3825.100000000,REPLAN_REQUESTED,"{""message"": ""Replanning request. curr_vertex_idx: 21"", ""wall_time_utc"": ""2026-09-06T20:34:06.688797+00:00""}"
3827.900000000,LOCAL_REPLAN,"{""message"": ""Call local replanning..."", ""wall_time_utc"": ""2026-09-06T20:34:09.493852+00:00""}"
3827.900000000,REPLAN_REQUESTED,"{""message"": ""Replanning request. curr_vertex_idx: 21"", ""wall_time_utc"": ""2026-09-06T20:34:09.495880+00:00""}"
3829.200000000,LOCAL_REPLAN,"{""message"": ""Call local replanning..."", ""wall_time_utc"": ""2026-09-06T20:34:10.830707+00:00""}"
3829.200000000,REPLAN_REQUESTED,"{""message"": ""Replanning request. curr_vertex_idx: 21"", ""wall_time_utc"": ""2026-09-06T20:34:10.832607+00:00""}"
3831.600000000,LOCAL_REPLAN,"{""message"": ""Call local replanning..."", ""wall_time_utc"": ""2026-09-06T20:34:13.202192+00:00""}"
3831.600000000,REPLAN_REQUESTED,"{""message"": ""Replanning request. curr_vertex_idx: 21"", ""wall_time_utc"": ""2026-09-06T20:34:13.204129+00:00""}"
3833.500000000,LOCAL_REPLAN,"{""message"": ""Call local replanning..."", ""wall_time_utc"": ""2026-09-06T20:34:15.136480+00:00""}"
3833.500000000,REPLAN_REQUESTED,"{""message"": ""Replanning request. curr_vertex_idx: 21"", ""wall_time_utc"": ""2026-09-06T20:34:15.138343+00:00""}"
3835.300000000,LOCAL_REPLAN,"{""message"": ""Call local replanning..."", ""wall_time_utc"": ""2026-09-06T20:34:16.901923+00:00""}"
3835.300000000,REPLAN_REQUESTED,"{""message"": ""Replanning request. curr_vertex_idx: 21"", ""wall_time_utc"": ""2026-09-06T20:34:16.903740+00:00""}"
3837.200000000,LOCAL_REPLAN,"{""message"": ""Call local replanning..."", ""wall_time_utc"": ""2026-09-06T20:34:18.841527+00:00""}"
3837.200000000,REPLAN_REQUESTED,"{""message"": ""Replanning request. curr_vertex_idx: 21"", ""wall_time_utc"": ""2026-09-06T20:34:18.843692+00:00""}"
3839.200000000,LOCAL_REPLAN,"{""message"": ""Call local replanning..."", ""wall_time_utc"": ""2026-09-06T20:34:20.870459+00:00""}"
3839.200000000,REPLAN_REQUESTED,"{""message"": ""Replanning request. curr_vertex_idx: 21"", ""wall_time_utc"": ""2026-09-06T20:34:20.872704+00:00""}"
3841.000000000,LOCAL_REPLAN,"{""message"": ""Call local replanning..."", ""wall_time_utc"": ""2026-09-06T20:34:22.676966+00:00""}"
3841.000000000,REPLAN_REQUESTED,"{""message"": ""Replanning request. curr_vertex_idx: 21"", ""wall_time_utc"": ""2026-09-06T20:34:22.678815+00:00""}"
3843.200000000,LOCAL_REPLAN,"{""message"": ""Call local replanning..."", ""wall_time_utc"": ""2026-09-06T20:34:24.840317+00:00""}"
3843.200000000,REPLAN_REQUESTED,"{""message"": ""Replanning request. curr_vertex_idx: 21"", ""wall_time_utc"": ""2026-09-06T20:34:24.841821+00:00""}"
3845.200000000,LOCAL_REPLAN,"{""message"": ""Call local replanning..."", ""wall_time_utc"": ""2026-09-06T20:34:26.828929+00:00""}"
3845.200000000,REPLAN_REQUESTED,"{""message"": ""Replanning request. curr_vertex_idx: 21"", ""wall_time_utc"": ""2026-09-06T20:34:26.830989+00:00""}"
3847.100000000,LOCAL_REPLAN,"{""message"": ""Call local replanning..."", ""wall_time_utc"": ""2026-09-06T20:34:28.687659+00:00""}"
3847.100000000,REPLAN_REQUESTED,"{""message"": ""Replanning request. curr_vertex_idx: 21"", ""wall_time_utc"": ""2026-09-06T20:34:28.689564+00:00""}"
3849.000000000,LOCAL_REPLAN,"{""message"": ""Call local replanning..."", ""wall_time_utc"": ""2026-09-06T20:34:30.656118+00:00""}"
3849.000000000,REPLAN_REQUESTED,"{""message"": ""Replanning request. curr_vertex_idx: 21"", ""wall_time_utc"": ""2026-09-06T20:34:30.658423+00:00""}"
3851.200000000,LOCAL_REPLAN,"{""message"": ""Call local replanning..."", ""wall_time_utc"": ""2026-09-06T20:34:32.835046+00:00""}"
3851.200000000,REPLAN_REQUESTED,"{""message"": ""Replanning request. curr_vertex_idx: 21"", ""wall_time_utc"": ""2026-09-06T20:34:32.837167+00:00""}"
3853.200000000,LOCAL_REPLAN,"{""message"": ""Call local replanning..."", ""wall_time_utc"": ""2026-09-06T20:34:34.837772+00:00""}"
3853.200000000,REPLAN_REQUESTED,"{""message"": ""Replanning request. curr_vertex_idx: 21"", ""wall_time_utc"": ""2026-09-06T20:34:34.840029+00:00""}"
3855.200000000,LOCAL_REPLAN,"{""message"": ""Call local replanning..."", ""wall_time_utc"": ""2026-09-06T20:34:36.842055+00:00""}"
3855.200000000,REPLAN_REQUESTED,"{""message"": ""Replanning request. curr_vertex_idx: 21"", ""wall_time_utc"": ""2026-09-06T20:34:36.843853+00:00""}"
3857.200000000,LOCAL_REPLAN,"{""message"": ""Call local replanning..."", ""wall_time_utc"": ""2026-09-06T20:34:38.852949+00:00""}"
3857.200000000,REPLAN_REQUESTED,"{""message"": ""Replanning request. curr_vertex_idx: 21"", ""wall_time_utc"": ""2026-09-06T20:34:38.854763+00:00""}"
3859.200000000,LOCAL_REPLAN,"{""message"": ""Call local replanning..."", ""wall_time_utc"": ""2026-09-06T20:34:40.850038+00:00""}"
3859.200000000,REPLAN_REQUESTED,"{""message"": ""Replanning request. curr_vertex_idx: 21"", ""wall_time_utc"": ""2026-09-06T20:34:40.852111+00:00""}"
3861.200000000,LOCAL_REPLAN,"{""message"": ""Call local replanning..."", ""wall_time_utc"": ""2026-09-06T20:34:42.835256+00:00""}"
3861.200000000,REPLAN_REQUESTED,"{""message"": ""Replanning request. curr_vertex_idx: 21"", ""wall_time_utc"": ""2026-09-06T20:34:42.837303+00:00""}"
3863.300000000,LOCAL_REPLAN,"{""message"": ""Call local replanning..."", ""wall_time_utc"": ""2026-09-06T20:34:44.926054+00:00""}"
3863.300000000,REPLAN_REQUESTED,"{""message"": ""Replanning request. curr_vertex_idx: 21"", ""wall_time_utc"": ""2026-09-06T20:34:44.928043+00:00""}"
3865.200000000,LOCAL_REPLAN,"{""message"": ""Call local replanning..."", ""wall_time_utc"": ""2026-09-06T20:34:46.834625+00:00""}"
3865.200000000,REPLAN_REQUESTED,"{""message"": ""Replanning request. curr_vertex_idx: 21"", ""wall_time_utc"": ""2026-09-06T20:34:46.836558+00:00""}"
3867.200000000,LOCAL_REPLAN,"{""message"": ""Call local replanning..."", ""wall_time_utc"": ""2026-09-06T20:34:48.849409+00:00""}"
3867.200000000,REPLAN_REQUESTED,"{""message"": ""Replanning request. curr_vertex_idx: 21"", ""wall_time_utc"": ""2026-09-06T20:34:48.851506+00:00""}"
3869.900000000,LOCAL_REPLAN,"{""message"": ""Call local replanning..."", ""wall_time_utc"": ""2026-09-06T20:34:51.519373+00:00""}"
3869.900000000,REPLAN_REQUESTED,"{""message"": ""Replanning request. curr_vertex_idx: 21"", ""wall_time_utc"": ""2026-09-06T20:34:51.521089+00:00""}"
3871.500000000,LOCAL_REPLAN,"{""message"": ""Call local replanning..."", ""wall_time_utc"": ""2026-09-06T20:34:53.157054+00:00""}"
3871.500000000,REPLAN_REQUESTED,"{""message"": ""Replanning request. curr_vertex_idx: 21"", ""wall_time_utc"": ""2026-09-06T20:34:53.159032+00:00""}"
3873.400000000,LOCAL_REPLAN,"{""message"": ""Call local replanning..."", ""wall_time_utc"": ""2026-09-06T20:34:55.070204+00:00""}"
3873.400000000,REPLAN_REQUESTED,"{""message"": ""Replanning request. curr_vertex_idx: 21"", ""wall_time_utc"": ""2026-09-06T20:34:55.072134+00:00""}"
3875.500000000,LOCAL_REPLAN,"{""message"": ""Call local replanning..."", ""wall_time_utc"": ""2026-09-06T20:34:57.131833+00:00""}"
3875.500000000,REPLAN_REQUESTED,"{""message"": ""Replanning request. curr_vertex_idx: 21"", ""wall_time_utc"": ""2026-09-06T20:34:57.133906+00:00""}"
3877.600000000,LOCAL_REPLAN,"{""message"": ""Call local replanning..."", ""wall_time_utc"": ""2026-09-06T20:34:59.204874+00:00""}"
3877.600000000,REPLAN_REQUESTED,"{""message"": ""Replanning request. curr_vertex_idx: 21"", ""wall_time_utc"": ""2026-09-06T20:34:59.206921+00:00""}"
3879.500000000,LOCAL_REPLAN,"{""message"": ""Call local replanning..."", ""wall_time_utc"": ""2026-09-06T20:35:01.135331+00:00""}"
3879.500000000,REPLAN_REQUESTED,"{""message"": ""Replanning request. curr_vertex_idx: 21"", ""wall_time_utc"": ""2026-09-06T20:35:01.137113+00:00""}"
3881.700000000,LOCAL_REPLAN,"{""message"": ""Call local replanning..."", ""wall_time_utc"": ""2026-09-06T20:35:03.304976+00:00""}"
3881.700000000,REPLAN_REQUESTED,"{""message"": ""Replanning request. curr_vertex_idx: 21"", ""wall_time_utc"": ""2026-09-06T20:35:03.306822+00:00""}"
3883.300000000,LOCAL_REPLAN,"{""message"": ""Call local replanning..."", ""wall_time_utc"": ""2026-09-06T20:35:04.908905+00:00""}"
3883.300000000,REPLAN_REQUESTED,"{""message"": ""Replanning request. curr_vertex_idx: 21"", ""wall_time_utc"": ""2026-09-06T20:35:04.910838+00:00""}"
3885.300000000,LOCAL_REPLAN,"{""message"": ""Call local replanning..."", ""wall_time_utc"": ""2026-09-06T20:35:06.954178+00:00""}"
3885.300000000,REPLAN_REQUESTED,"{""message"": ""Replanning request. curr_vertex_idx: 21"", ""wall_time_utc"": ""2026-09-06T20:35:06.956212+00:00""}"
3888.100000000,LOCAL_REPLAN,"{""message"": ""Call local replanning..."", ""wall_time_utc"": ""2026-09-06T20:35:09.682423+00:00""}"
3888.100000000,REPLAN_REQUESTED,"{""message"": ""Replanning request. curr_vertex_idx: 21"", ""wall_time_utc"": ""2026-09-06T20:35:09.684388+00:00""}"
3889.700000000,LOCAL_REPLAN,"{""message"": ""Call local replanning..."", ""wall_time_utc"": ""2026-09-06T20:35:11.360115+00:00""}"
3889.700000000,REPLAN_REQUESTED,"{""message"": ""Replanning request. curr_vertex_idx: 21"", ""wall_time_utc"": ""2026-09-06T20:35:11.362250+00:00""}"
3891.600000000,LOCAL_REPLAN,"{""message"": ""Call local replanning..."", ""wall_time_utc"": ""2026-09-06T20:35:13.245567+00:00""}"
3891.600000000,REPLAN_REQUESTED,"{""message"": ""Replanning request. curr_vertex_idx: 21"", ""wall_time_utc"": ""2026-09-06T20:35:13.247665+00:00""}"
3893.700000000,LOCAL_REPLAN,"{""message"": ""Call local replanning..."", ""wall_time_utc"": ""2026-09-06T20:35:15.377029+00:00""}"
3893.700000000,REPLAN_REQUESTED,"{""message"": ""Replanning request. curr_vertex_idx: 21"", ""wall_time_utc"": ""2026-09-06T20:35:15.379082+00:00""}"
3895.500000000,LOCAL_REPLAN,"{""message"": ""Call local replanning..."", ""wall_time_utc"": ""2026-09-06T20:35:17.098848+00:00""}"
3895.500000000,REPLAN_REQUESTED,"{""message"": ""Replanning request. curr_vertex_idx: 21"", ""wall_time_utc"": ""2026-09-06T20:35:17.101185+00:00""}"
3897.000000000,LOCAL_REPLAN,"{""message"": ""Call local replanning..."", ""wall_time_utc"": ""2026-09-06T20:35:18.671284+00:00""}"
3897.000000000,REPLAN_REQUESTED,"{""message"": ""Replanning request. curr_vertex_idx: 21"", ""wall_time_utc"": ""2026-09-06T20:35:18.673596+00:00""}"
3899.100000000,LOCAL_REPLAN,"{""message"": ""Call local replanning..."", ""wall_time_utc"": ""2026-09-06T20:35:20.725486+00:00""}"
3899.100000000,REPLAN_REQUESTED,"{""message"": ""Replanning request. curr_vertex_idx: 21"", ""wall_time_utc"": ""2026-09-06T20:35:20.727702+00:00""}"
3901.000000000,LOCAL_REPLAN,"{""message"": ""Call local replanning..."", ""wall_time_utc"": ""2026-09-06T20:35:22.659556+00:00""}"
3901.000000000,REPLAN_REQUESTED,"{""message"": ""Replanning request. curr_vertex_idx: 21"", ""wall_time_utc"": ""2026-09-06T20:35:22.661544+00:00""}"
3903.100000000,LOCAL_REPLAN,"{""message"": ""Call local replanning..."", ""wall_time_utc"": ""2026-09-06T20:35:24.688892+00:00""}"
3903.100000000,REPLAN_REQUESTED,"{""message"": ""Replanning request. curr_vertex_idx: 21"", ""wall_time_utc"": ""2026-09-06T20:35:24.690747+00:00""}"
3905.200000000,LOCAL_REPLAN,"{""message"": ""Call local replanning..."", ""wall_time_utc"": ""2026-09-06T20:35:26.843655+00:00""}"
3905.200000000,REPLAN_REQUESTED,"{""message"": ""Replanning request. curr_vertex_idx: 21"", ""wall_time_utc"": ""2026-09-06T20:35:26.845773+00:00""}"
3907.200000000,LOCAL_REPLAN,"{""message"": ""Call local replanning..."", ""wall_time_utc"": ""2026-09-06T20:35:28.839495+00:00""}"
3907.200000000,REPLAN_REQUESTED,"{""message"": ""Replanning request. curr_vertex_idx: 21"", ""wall_time_utc"": ""2026-09-06T20:35:28.841651+00:00""}"
3909.000000000,LOCAL_REPLAN,"{""message"": ""Call local replanning..."", ""wall_time_utc"": ""2026-09-06T20:35:30.638108+00:00""}"
3909.000000000,REPLAN_REQUESTED,"{""message"": ""Replanning request. curr_vertex_idx: 21"", ""wall_time_utc"": ""2026-09-06T20:35:30.640348+00:00""}"
3911.500000000,LOCAL_REPLAN,"{""message"": ""Call local replanning..."", ""wall_time_utc"": ""2026-09-06T20:35:33.161396+00:00""}"
3911.500000000,REPLAN_REQUESTED,"{""message"": ""Replanning request. curr_vertex_idx: 21"", ""wall_time_utc"": ""2026-09-06T20:35:33.163259+00:00""}"
3913.500000000,LOCAL_REPLAN,"{""message"": ""Call local replanning..."", ""wall_time_utc"": ""2026-09-06T20:35:35.152947+00:00""}"
3913.500000000,REPLAN_REQUESTED,"{""message"": ""Replanning request. curr_vertex_idx: 21"", ""wall_time_utc"": ""2026-09-06T20:35:35.155032+00:00""}"
3915.100000000,LOCAL_REPLAN,"{""message"": ""Call local replanning..."", ""wall_time_utc"": ""2026-09-06T20:35:36.685288+00:00""}"
3915.100000000,REPLAN_REQUESTED,"{""message"": ""Replanning request. curr_vertex_idx: 21"", ""wall_time_utc"": ""2026-09-06T20:35:36.687288+00:00""}"
3917.600000000,LOCAL_REPLAN,"{""message"": ""Call local replanning..."", ""wall_time_utc"": ""2026-09-06T20:35:39.187498+00:00""}"
3917.600000000,REPLAN_REQUESTED,"{""message"": ""Replanning request. curr_vertex_idx: 21"", ""wall_time_utc"": ""2026-09-06T20:35:39.189559+00:00""}"
3919.700000000,LOCAL_REPLAN,"{""message"": ""Call local replanning..."", ""wall_time_utc"": ""2026-09-06T20:35:41.368785+00:00""}"
3919.700000000,REPLAN_REQUESTED,"{""message"": ""Replanning request. curr_vertex_idx: 21"", ""wall_time_utc"": ""2026-09-06T20:35:41.371039+00:00""}"
3921.200000000,LOCAL_REPLAN,"{""message"": ""Call local replanning..."", ""wall_time_utc"": ""2026-09-06T20:35:42.831258+00:00""}"
3921.200000000,REPLAN_REQUESTED,"{""message"": ""Replanning request. curr_vertex_idx: 21"", ""wall_time_utc"": ""2026-09-06T20:35:42.833426+00:00""}"
3923.200000000,LOCAL_REPLAN,"{""message"": ""Call local replanning..."", ""wall_time_utc"": ""2026-09-06T20:35:44.875454+00:00""}"
3923.200000000,REPLAN_REQUESTED,"{""message"": ""Replanning request. curr_vertex_idx: 21"", ""wall_time_utc"": ""2026-09-06T20:35:44.877329+00:00""}"
3925.400000000,LOCAL_REPLAN,"{""message"": ""Call local replanning..."", ""wall_time_utc"": ""2026-09-06T20:35:47.043471+00:00""}"
3925.400000000,REPLAN_REQUESTED,"{""message"": ""Replanning request. curr_vertex_idx: 21"", ""wall_time_utc"": ""2026-09-06T20:35:47.045658+00:00""}"
3927.000000000,LOCAL_REPLAN,"{""message"": ""Call local replanning..."", ""wall_time_utc"": ""2026-09-06T20:35:48.663297+00:00""}"
3927.000000000,REPLAN_REQUESTED,"{""message"": ""Replanning request. curr_vertex_idx: 21"", ""wall_time_utc"": ""2026-09-06T20:35:48.665403+00:00""}"
3929.100000000,LOCAL_REPLAN,"{""message"": ""Call local replanning..."", ""wall_time_utc"": ""2026-09-06T20:35:50.711395+00:00""}"
3929.100000000,REPLAN_REQUESTED,"{""message"": ""Replanning request. curr_vertex_idx: 21"", ""wall_time_utc"": ""2026-09-06T20:35:50.713363+00:00""}"
3931.500000000,LOCAL_REPLAN,"{""message"": ""Call local replanning..."", ""wall_time_utc"": ""2026-09-06T20:35:53.147510+00:00""}"
3931.500000000,REPLAN_REQUESTED,"{""message"": ""Replanning request. curr_vertex_idx: 21"", ""wall_time_utc"": ""2026-09-06T20:35:53.149469+00:00""}"
3933.100000000,LOCAL_REPLAN,"{""message"": ""Call local replanning..."", ""wall_time_utc"": ""2026-09-06T20:35:54.765687+00:00""}"
3933.100000000,REPLAN_REQUESTED,"{""message"": ""Replanning request. curr_vertex_idx: 21"", ""wall_time_utc"": ""2026-09-06T20:35:54.767941+00:00""}"
3935.000000000,LOCAL_REPLAN,"{""message"": ""Call local replanning..."", ""wall_time_utc"": ""2026-09-06T20:35:56.677316+00:00""}"
3935.000000000,REPLAN_REQUESTED,"{""message"": ""Replanning request. curr_vertex_idx: 21"", ""wall_time_utc"": ""2026-09-06T20:35:56.679402+00:00""}"
3937.100000000,LOCAL_REPLAN,"{""message"": ""Call local replanning..."", ""wall_time_utc"": ""2026-09-06T20:35:58.693535+00:00""}"
3937.100000000,REPLAN_REQUESTED,"{""message"": ""Replanning request. curr_vertex_idx: 21"", ""wall_time_utc"": ""2026-09-06T20:35:58.695905+00:00""}"
3939.300000000,LOCAL_REPLAN,"{""message"": ""Call local replanning..."", ""wall_time_utc"": ""2026-09-06T20:36:00.896909+00:00""}"
3939.300000000,REPLAN_REQUESTED,"{""message"": ""Replanning request. curr_vertex_idx: 21"", ""wall_time_utc"": ""2026-09-06T20:36:00.899034+00:00""}"
3941.500000000,LOCAL_REPLAN,"{""message"": ""Call local replanning..."", ""wall_time_utc"": ""2026-09-06T20:36:03.162345+00:00""}"
3941.500000000,REPLAN_REQUESTED,"{""message"": ""Replanning request. curr_vertex_idx: 21"", ""wall_time_utc"": ""2026-09-06T20:36:03.164228+00:00""}"
3943.500000000,LOCAL_REPLAN,"{""message"": ""Call local replanning..."", ""wall_time_utc"": ""2026-09-06T20:36:05.115774+00:00""}"
3943.500000000,REPLAN_REQUESTED,"{""message"": ""Replanning request. curr_vertex_idx: 21"", ""wall_time_utc"": ""2026-09-06T20:36:05.118051+00:00""}"
3945.000000000,LOCAL_REPLAN,"{""message"": ""Call local replanning..."", ""wall_time_utc"": ""2026-09-06T20:36:06.677010+00:00""}"
3945.000000000,REPLAN_REQUESTED,"{""message"": ""Replanning request. curr_vertex_idx: 21"", ""wall_time_utc"": ""2026-09-06T20:36:06.679233+00:00""}"
3947.200000000,LOCAL_REPLAN,"{""message"": ""Call local replanning..."", ""wall_time_utc"": ""2026-09-06T20:36:08.854744+00:00""}"
3947.200000000,REPLAN_REQUESTED,"{""message"": ""Replanning request. curr_vertex_idx: 21"", ""wall_time_utc"": ""2026-09-06T20:36:08.857015+00:00""}"
3949.000000000,LOCAL_REPLAN,"{""message"": ""Call local replanning..."", ""wall_time_utc"": ""2026-09-06T20:36:10.669373+00:00""}"
3949.000000000,REPLAN_REQUESTED,"{""message"": ""Replanning request. curr_vertex_idx: 21"", ""wall_time_utc"": ""2026-09-06T20:36:10.671761+00:00""}"
3950.700000000,LOCAL_REPLAN,"{""message"": ""Call local replanning..."", ""wall_time_utc"": ""2026-09-06T20:36:12.303962+00:00""}"
3950.700000000,REPLAN_REQUESTED,"{""message"": ""Replanning request. curr_vertex_idx: 21"", ""wall_time_utc"": ""2026-09-06T20:36:12.306206+00:00""}"
3953.100000000,LOCAL_REPLAN,"{""message"": ""Call local replanning..."", ""wall_time_utc"": ""2026-09-06T20:36:14.772054+00:00""}"
3953.100000000,REPLAN_REQUESTED,"{""message"": ""Replanning request. curr_vertex_idx: 21"", ""wall_time_utc"": ""2026-09-06T20:36:14.774499+00:00""}"
3956.300000000,LOCAL_REPLAN,"{""message"": ""Call local replanning..."", ""wall_time_utc"": ""2026-09-06T20:36:17.899858+00:00""}"
3956.300000000,REPLAN_REQUESTED,"{""message"": ""Replanning request. curr_vertex_idx: 21"", ""wall_time_utc"": ""2026-09-06T20:36:17.902099+00:00""}"
3958.200000000,LOCAL_REPLAN,"{""message"": ""Call local replanning..."", ""wall_time_utc"": ""2026-09-06T20:36:19.876695+00:00""}"
3958.200000000,REPLAN_REQUESTED,"{""message"": ""Replanning request. curr_vertex_idx: 21"", ""wall_time_utc"": ""2026-09-06T20:36:19.879056+00:00""}"
3960.300000000,LOCAL_REPLAN,"{""message"": ""Call local replanning..."", ""wall_time_utc"": ""2026-09-06T20:36:21.888251+00:00""}"
3960.300000000,REPLAN_REQUESTED,"{""message"": ""Replanning request. curr_vertex_idx: 21"", ""wall_time_utc"": ""2026-09-06T20:36:21.889999+00:00""}"
3962.300000000,LOCAL_REPLAN,"{""message"": ""Call local replanning..."", ""wall_time_utc"": ""2026-09-06T20:36:23.898721+00:00""}"
3962.300000000,REPLAN_REQUESTED,"{""message"": ""Replanning request. curr_vertex_idx: 21"", ""wall_time_utc"": ""2026-09-06T20:36:23.900628+00:00""}"
3964.200000000,LOCAL_REPLAN,"{""message"": ""Call local replanning..."", ""wall_time_utc"": ""2026-09-06T20:36:25.870656+00:00""}"
3964.200000000,REPLAN_REQUESTED,"{""message"": ""Replanning request. curr_vertex_idx: 21"", ""wall_time_utc"": ""2026-09-06T20:36:25.873070+00:00""}"
3966.900000000,LOCAL_REPLAN,"{""message"": ""Call local replanning..."", ""wall_time_utc"": ""2026-09-06T20:36:28.549015+00:00""}"
3966.900000000,REPLAN_REQUESTED,"{""message"": ""Replanning request. curr_vertex_idx: 21"", ""wall_time_utc"": ""2026-09-06T20:36:28.551268+00:00""}"
3968.500000000,LOCAL_REPLAN,"{""message"": ""Call local replanning..."", ""wall_time_utc"": ""2026-09-06T20:36:30.138744+00:00""}"
3968.500000000,REPLAN_REQUESTED,"{""message"": ""Replanning request. curr_vertex_idx: 21"", ""wall_time_utc"": ""2026-09-06T20:36:30.140783+00:00""}"
3970.700000000,LOCAL_REPLAN,"{""message"": ""Call local replanning..."", ""wall_time_utc"": ""2026-09-06T20:36:32.358388+00:00""}"
3970.700000000,REPLAN_REQUESTED,"{""message"": ""Replanning request. curr_vertex_idx: 21"", ""wall_time_utc"": ""2026-09-06T20:36:32.360696+00:00""}"
3972.700000000,LOCAL_REPLAN,"{""message"": ""Call local replanning..."", ""wall_time_utc"": ""2026-09-06T20:36:34.289483+00:00""}"
3972.700000000,REPLAN_REQUESTED,"{""message"": ""Replanning request. curr_vertex_idx: 21"", ""wall_time_utc"": ""2026-09-06T20:36:34.291323+00:00""}"
3974.900000000,LOCAL_REPLAN,"{""message"": ""Call local replanning..."", ""wall_time_utc"": ""2026-09-06T20:36:36.580627+00:00""}"
3974.900000000,REPLAN_REQUESTED,"{""message"": ""Replanning request. curr_vertex_idx: 21"", ""wall_time_utc"": ""2026-09-06T20:36:36.582654+00:00""}"
3977.000000000,LOCAL_REPLAN,"{""message"": ""Call local replanning..."", ""wall_time_utc"": ""2026-09-06T20:36:38.649182+00:00""}"
3977.000000000,REPLAN_REQUESTED,"{""message"": ""Replanning request. curr_vertex_idx: 21"", ""wall_time_utc"": ""2026-09-06T20:36:38.651250+00:00""}"
3978.300000000,LOCAL_REPLAN,"{""message"": ""Call local replanning..."", ""wall_time_utc"": ""2026-09-06T20:36:39.973933+00:00""}"
3978.300000000,REPLAN_REQUESTED,"{""message"": ""Replanning request. curr_vertex_idx: 21"", ""wall_time_utc"": ""2026-09-06T20:36:39.975956+00:00""}"
3980.200000000,LOCAL_REPLAN,"{""message"": ""Call local replanning..."", ""wall_time_utc"": ""2026-09-06T20:36:41.861382+00:00""}"
3980.200000000,REPLAN_REQUESTED,"{""message"": ""Replanning request. curr_vertex_idx: 21"", ""wall_time_utc"": ""2026-09-06T20:36:41.863343+00:00""}"
3982.400000000,LOCAL_REPLAN,"{""message"": ""Call local replanning..."", ""wall_time_utc"": ""2026-09-06T20:36:44.045473+00:00""}"
3982.400000000,REPLAN_REQUESTED,"{""message"": ""Replanning request. curr_vertex_idx: 21"", ""wall_time_utc"": ""2026-09-06T20:36:44.047831+00:00""}"
3984.400000000,LOCAL_REPLAN,"{""message"": ""Call local replanning..."", ""wall_time_utc"": ""2026-09-06T20:36:46.074138+00:00""}"
3984.400000000,REPLAN_REQUESTED,"{""message"": ""Replanning request. curr_vertex_idx: 21"", ""wall_time_utc"": ""2026-09-06T20:36:46.076481+00:00""}"
3986.200000000,LOCAL_REPLAN,"{""message"": ""Call local replanning..."", ""wall_time_utc"": ""2026-09-06T20:36:47.871544+00:00""}"
3986.200000000,REPLAN_REQUESTED,"{""message"": ""Replanning request. curr_vertex_idx: 21"", ""wall_time_utc"": ""2026-09-06T20:36:47.873809+00:00""}"
3988.800000000,LOCAL_REPLAN,"{""message"": ""Call local replanning..."", ""wall_time_utc"": ""2026-09-06T20:36:50.426661+00:00""}"
3988.800000000,REPLAN_REQUESTED,"{""message"": ""Replanning request. curr_vertex_idx: 21"", ""wall_time_utc"": ""2026-09-06T20:36:50.428924+00:00""}"
3990.300000000,LOCAL_REPLAN,"{""message"": ""Call local replanning..."", ""wall_time_utc"": ""2026-09-06T20:36:51.942521+00:00""}"
3990.300000000,REPLAN_REQUESTED,"{""message"": ""Replanning request. curr_vertex_idx: 21"", ""wall_time_utc"": ""2026-09-06T20:36:51.944152+00:00""}"
3992.300000000,LOCAL_REPLAN,"{""message"": ""Call local replanning..."", ""wall_time_utc"": ""2026-09-06T20:36:53.887361+00:00""}"
3992.300000000,REPLAN_REQUESTED,"{""message"": ""Replanning request. curr_vertex_idx: 21"", ""wall_time_utc"": ""2026-09-06T20:36:53.889686+00:00""}"
3993.600000000,LOCAL_REPLAN,"{""message"": ""Call local replanning..."", ""wall_time_utc"": ""2026-09-06T20:36:55.238134+00:00""}"
3993.600000000,REPLAN_REQUESTED,"{""message"": ""Replanning request. curr_vertex_idx: 21"", ""wall_time_utc"": ""2026-09-06T20:36:55.240292+00:00""}"
3996.700000000,LOCAL_REPLAN,"{""message"": ""Call local replanning..."", ""wall_time_utc"": ""2026-09-06T20:36:58.359286+00:00""}"
3996.700000000,REPLAN_REQUESTED,"{""message"": ""Replanning request. curr_vertex_idx: 21"", ""wall_time_utc"": ""2026-09-06T20:36:58.361146+00:00""}"
3998.800000000,LOCAL_REPLAN,"{""message"": ""Call local replanning..."", ""wall_time_utc"": ""2026-09-06T20:37:00.411783+00:00""}"
3998.800000000,REPLAN_REQUESTED,"{""message"": ""Replanning request. curr_vertex_idx: 21"", ""wall_time_utc"": ""2026-09-06T20:37:00.413717+00:00""}"
4000.800000000,LOCAL_REPLAN,"{""message"": ""Call local replanning..."", ""wall_time_utc"": ""2026-09-06T20:37:02.383389+00:00""}"
4000.800000000,REPLAN_REQUESTED,"{""message"": ""Replanning request. curr_vertex_idx: 21"", ""wall_time_utc"": ""2026-09-06T20:37:02.385735+00:00""}"
4002.900000000,LOCAL_REPLAN,"{""message"": ""Call local replanning..."", ""wall_time_utc"": ""2026-09-06T20:37:04.487381+00:00""}"
4002.900000000,REPLAN_REQUESTED,"{""message"": ""Replanning request. curr_vertex_idx: 21"", ""wall_time_utc"": ""2026-09-06T20:37:04.489332+00:00""}"
4004.800000000,LOCAL_REPLAN,"{""message"": ""Call local replanning..."", ""wall_time_utc"": ""2026-09-06T20:37:06.408104+00:00""}"
4004.800000000,REPLAN_REQUESTED,"{""message"": ""Replanning request. curr_vertex_idx: 21"", ""wall_time_utc"": ""2026-09-06T20:37:06.410263+00:00""}"
4007.600000000,LOCAL_REPLAN,"{""message"": ""Call local replanning..."", ""wall_time_utc"": ""2026-09-06T20:37:09.194382+00:00""}"
4007.600000000,REPLAN_REQUESTED,"{""message"": ""Replanning request. curr_vertex_idx: 21"", ""wall_time_utc"": ""2026-09-06T20:37:09.196475+00:00""}"
4010.700000000,LOCAL_REPLAN,"{""message"": ""Call local replanning..."", ""wall_time_utc"": ""2026-09-06T20:37:12.355369+00:00""}"
4010.700000000,REPLAN_REQUESTED,"{""message"": ""Replanning request. curr_vertex_idx: 21"", ""wall_time_utc"": ""2026-09-06T20:37:12.357700+00:00""}"
4013.300000000,LOCAL_REPLAN,"{""message"": ""Call local replanning..."", ""wall_time_utc"": ""2026-09-06T20:37:14.911399+00:00""}"
4013.300000000,REPLAN_REQUESTED,"{""message"": ""Replanning request. curr_vertex_idx: 21"", ""wall_time_utc"": ""2026-09-06T20:37:14.913674+00:00""}"
4015.300000000,LOCAL_REPLAN,"{""message"": ""Call local replanning..."", ""wall_time_utc"": ""2026-09-06T20:37:16.924946+00:00""}"
4015.300000000,REPLAN_REQUESTED,"{""message"": ""Replanning request. curr_vertex_idx: 21"", ""wall_time_utc"": ""2026-09-06T20:37:16.927211+00:00""}"
4017.400000000,LOCAL_REPLAN,"{""message"": ""Call local replanning..."", ""wall_time_utc"": ""2026-09-06T20:37:19.031946+00:00""}"
4017.400000000,REPLAN_REQUESTED,"{""message"": ""Replanning request. curr_vertex_idx: 21"", ""wall_time_utc"": ""2026-09-06T20:37:19.034313+00:00""}"
4019.400000000,LOCAL_REPLAN,"{""message"": ""Call local replanning..."", ""wall_time_utc"": ""2026-09-06T20:37:21.060617+00:00""}"
4019.400000000,REPLAN_REQUESTED,"{""message"": ""Replanning request. curr_vertex_idx: 21"", ""wall_time_utc"": ""2026-09-06T20:37:21.063106+00:00""}"
4021.500000000,LOCAL_REPLAN,"{""message"": ""Call local replanning..."", ""wall_time_utc"": ""2026-09-06T20:37:23.159280+00:00""}"
4021.500000000,REPLAN_REQUESTED,"{""message"": ""Replanning request. curr_vertex_idx: 21"", ""wall_time_utc"": ""2026-09-06T20:37:23.161831+00:00""}"
4022.700000000,LOCAL_REPLAN,"{""message"": ""Call local replanning..."", ""wall_time_utc"": ""2026-09-06T20:37:24.374456+00:00""}"
4022.700000000,REPLAN_REQUESTED,"{""message"": ""Replanning request. curr_vertex_idx: 21"", ""wall_time_utc"": ""2026-09-06T20:37:24.376558+00:00""}"
4024.400000000,LOCAL_REPLAN,"{""message"": ""Call local replanning..."", ""wall_time_utc"": ""2026-09-06T20:37:26.006764+00:00""}"
4024.400000000,REPLAN_REQUESTED,"{""message"": ""Replanning request. curr_vertex_idx: 21"", ""wall_time_utc"": ""2026-09-06T20:37:26.009527+00:00""}"
4026.900000000,LOCAL_REPLAN,"{""message"": ""Call local replanning..."", ""wall_time_utc"": ""2026-09-06T20:37:28.550035+00:00""}"
4026.900000000,REPLAN_REQUESTED,"{""message"": ""Replanning request. curr_vertex_idx: 21"", ""wall_time_utc"": ""2026-09-06T20:37:28.552246+00:00""}"
4028.900000000,LOCAL_REPLAN,"{""message"": ""Call local replanning..."", ""wall_time_utc"": ""2026-09-06T20:37:30.571871+00:00""}"
4028.900000000,REPLAN_REQUESTED,"{""message"": ""Replanning request. curr_vertex_idx: 21"", ""wall_time_utc"": ""2026-09-06T20:37:30.574076+00:00""}"
4031.300000000,LOCAL_REPLAN,"{""message"": ""Call local replanning..."", ""wall_time_utc"": ""2026-09-06T20:37:32.902602+00:00""}"
4031.300000000,REPLAN_REQUESTED,"{""message"": ""Replanning request. curr_vertex_idx: 21"", ""wall_time_utc"": ""2026-09-06T20:37:32.904354+00:00""}"
4032.800000000,LOCAL_REPLAN,"{""message"": ""Call local replanning..."", ""wall_time_utc"": ""2026-09-06T20:37:34.434009+00:00""}"
4032.800000000,REPLAN_REQUESTED,"{""message"": ""Replanning request. curr_vertex_idx: 21"", ""wall_time_utc"": ""2026-09-06T20:37:34.436622+00:00""}"
4035.400000000,LOCAL_REPLAN,"{""message"": ""Call local replanning..."", ""wall_time_utc"": ""2026-09-06T20:37:37.047345+00:00""}"
4035.400000000,REPLAN_REQUESTED,"{""message"": ""Replanning request. curr_vertex_idx: 21"", ""wall_time_utc"": ""2026-09-06T20:37:37.049859+00:00""}"
4037.500000000,LOCAL_REPLAN,"{""message"": ""Call local replanning..."", ""wall_time_utc"": ""2026-09-06T20:37:39.095311+00:00""}"
4037.500000000,REPLAN_REQUESTED,"{""message"": ""Replanning request. curr_vertex_idx: 21"", ""wall_time_utc"": ""2026-09-06T20:37:39.097293+00:00""}"
4039.500000000,LOCAL_REPLAN,"{""message"": ""Call local replanning..."", ""wall_time_utc"": ""2026-09-06T20:37:41.087307+00:00""}"
4039.500000000,REPLAN_REQUESTED,"{""message"": ""Replanning request. curr_vertex_idx: 21"", ""wall_time_utc"": ""2026-09-06T20:37:41.089364+00:00""}"
4041.200000000,LOCAL_REPLAN,"{""message"": ""Call local replanning..."", ""wall_time_utc"": ""2026-09-06T20:37:42.876192+00:00""}"
4041.200000000,REPLAN_REQUESTED,"{""message"": ""Replanning request. curr_vertex_idx: 21"", ""wall_time_utc"": ""2026-09-06T20:37:42.878048+00:00""}"
4043.400000000,LOCAL_REPLAN,"{""message"": ""Call local replanning..."", ""wall_time_utc"": ""2026-09-06T20:37:45.018524+00:00""}"
4043.400000000,REPLAN_REQUESTED,"{""message"": ""Replanning request. curr_vertex_idx: 21"", ""wall_time_utc"": ""2026-09-06T20:37:45.020775+00:00""}"
4045.000000000,LOCAL_REPLAN,"{""message"": ""Call local replanning..."", ""wall_time_utc"": ""2026-09-06T20:37:46.637761+00:00""}"
4045.000000000,REPLAN_REQUESTED,"{""message"": ""Replanning request. curr_vertex_idx: 21"", ""wall_time_utc"": ""2026-09-06T20:37:46.639902+00:00""}"
4046.900000000,LOCAL_REPLAN,"{""message"": ""Call local replanning..."", ""wall_time_utc"": ""2026-09-06T20:37:48.536470+00:00""}"
4046.900000000,REPLAN_REQUESTED,"{""message"": ""Replanning request. curr_vertex_idx: 21"", ""wall_time_utc"": ""2026-09-06T20:37:48.538737+00:00""}"
4049.400000000,LOCAL_REPLAN,"{""message"": ""Call local replanning..."", ""wall_time_utc"": ""2026-09-06T20:37:51.028404+00:00""}"
4049.400000000,REPLAN_REQUESTED,"{""message"": ""Replanning request. curr_vertex_idx: 21"", ""wall_time_utc"": ""2026-09-06T20:37:51.030500+00:00""}"
4051.500000000,LOCAL_REPLAN,"{""message"": ""Call local replanning..."", ""wall_time_utc"": ""2026-09-06T20:37:53.180949+00:00""}"
4051.600000000,REPLAN_REQUESTED,"{""message"": ""Replanning request. curr_vertex_idx: 21"", ""wall_time_utc"": ""2026-09-06T20:37:53.182724+00:00""}"
4052.800000000,LOCAL_REPLAN,"{""message"": ""Call local replanning..."", ""wall_time_utc"": ""2026-09-06T20:37:54.398692+00:00""}"
4052.800000000,REPLAN_REQUESTED,"{""message"": ""Replanning request. curr_vertex_idx: 21"", ""wall_time_utc"": ""2026-09-06T20:37:54.400767+00:00""}"
4054.700000000,LOCAL_REPLAN,"{""message"": ""Call local replanning..."", ""wall_time_utc"": ""2026-09-06T20:37:56.372955+00:00""}"
4054.700000000,REPLAN_REQUESTED,"{""message"": ""Replanning request. curr_vertex_idx: 21"", ""wall_time_utc"": ""2026-09-06T20:37:56.375231+00:00""}"
4056.700000000,LOCAL_REPLAN,"{""message"": ""Call local replanning..."", ""wall_time_utc"": ""2026-09-06T20:37:58.365728+00:00""}"
4056.700000000,REPLAN_REQUESTED,"{""message"": ""Replanning request. curr_vertex_idx: 21"", ""wall_time_utc"": ""2026-09-06T20:37:58.367606+00:00""}"
4059.000000000,LOCAL_REPLAN,"{""message"": ""Call local replanning..."", ""wall_time_utc"": ""2026-09-06T20:38:00.627021+00:00""}"
4059.000000000,REPLAN_REQUESTED,"{""message"": ""Replanning request. curr_vertex_idx: 21"", ""wall_time_utc"": ""2026-09-06T20:38:00.629243+00:00""}"
4060.800000000,LOCAL_REPLAN,"{""message"": ""Call local replanning..."", ""wall_time_utc"": ""2026-09-06T20:38:02.383756+00:00""}"
4060.800000000,REPLAN_REQUESTED,"{""message"": ""Replanning request. curr_vertex_idx: 21"", ""wall_time_utc"": ""2026-09-06T20:38:02.385219+00:00""}"
4062.800000000,LOCAL_REPLAN,"{""message"": ""Call local replanning..."", ""wall_time_utc"": ""2026-09-06T20:38:04.386617+00:00""}"
4062.800000000,REPLAN_REQUESTED,"{""message"": ""Replanning request. curr_vertex_idx: 21"", ""wall_time_utc"": ""2026-09-06T20:38:04.388758+00:00""}"
4064.900000000,LOCAL_REPLAN,"{""message"": ""Call local replanning..."", ""wall_time_utc"": ""2026-09-06T20:38:06.566558+00:00""}"
4064.900000000,REPLAN_REQUESTED,"{""message"": ""Replanning request. curr_vertex_idx: 21"", ""wall_time_utc"": ""2026-09-06T20:38:06.568630+00:00""}"
4066.900000000,LOCAL_REPLAN,"{""message"": ""Call local replanning..."", ""wall_time_utc"": ""2026-09-06T20:38:08.575765+00:00""}"
4066.900000000,REPLAN_REQUESTED,"{""message"": ""Replanning request. curr_vertex_idx: 21"", ""wall_time_utc"": ""2026-09-06T20:38:08.578131+00:00""}"
4068.900000000,LOCAL_REPLAN,"{""message"": ""Call local replanning..."", ""wall_time_utc"": ""2026-09-06T20:38:10.557064+00:00""}"
4068.900000000,REPLAN_REQUESTED,"{""message"": ""Replanning request. curr_vertex_idx: 21"", ""wall_time_utc"": ""2026-09-06T20:38:10.559016+00:00""}"
4070.900000000,LOCAL_REPLAN,"{""message"": ""Call local replanning..."", ""wall_time_utc"": ""2026-09-06T20:38:12.557326+00:00""}"
4070.900000000,REPLAN_REQUESTED,"{""message"": ""Replanning request. curr_vertex_idx: 21"", ""wall_time_utc"": ""2026-09-06T20:38:12.559537+00:00""}"
4073.200000000,LOCAL_REPLAN,"{""message"": ""Call local replanning..."", ""wall_time_utc"": ""2026-09-06T20:38:14.862914+00:00""}"
4073.200000000,REPLAN_REQUESTED,"{""message"": ""Replanning request. curr_vertex_idx: 21"", ""wall_time_utc"": ""2026-09-06T20:38:14.864754+00:00""}"
4075.500000000,LOCAL_REPLAN,"{""message"": ""Call local replanning..."", ""wall_time_utc"": ""2026-09-06T20:38:17.116693+00:00""}"
4075.500000000,REPLAN_REQUESTED,"{""message"": ""Replanning request. curr_vertex_idx: 21"", ""wall_time_utc"": ""2026-09-06T20:38:17.118580+00:00""}"
4077.800000000,LOCAL_REPLAN,"{""message"": ""Call local replanning..."", ""wall_time_utc"": ""2026-09-06T20:38:19.385529+00:00""}"
4077.800000000,REPLAN_REQUESTED,"{""message"": ""Replanning request. curr_vertex_idx: 21"", ""wall_time_utc"": ""2026-09-06T20:38:19.387197+00:00""}"
4078.800000000,LOCAL_REPLAN,"{""message"": ""Call local replanning..."", ""wall_time_utc"": ""2026-09-06T20:38:20.389041+00:00""}"
4078.800000000,REPLAN_REQUESTED,"{""message"": ""Replanning request. curr_vertex_idx: 21"", ""wall_time_utc"": ""2026-09-06T20:38:20.391038+00:00""}"
4080.200000000,LOCAL_REPLAN,"{""message"": ""Call local replanning..."", ""wall_time_utc"": ""2026-09-06T20:38:21.832712+00:00""}"
4080.200000000,REPLAN_REQUESTED,"{""message"": ""Replanning request. curr_vertex_idx: 21"", ""wall_time_utc"": ""2026-09-06T20:38:21.834909+00:00""}"
4083.300000000,LOCAL_REPLAN,"{""message"": ""Call local replanning..."", ""wall_time_utc"": ""2026-09-06T20:38:24.895690+00:00""}"
4083.300000000,REPLAN_REQUESTED,"{""message"": ""Replanning request. curr_vertex_idx: 21"", ""wall_time_utc"": ""2026-09-06T20:38:24.897750+00:00""}"
4085.500000000,LOCAL_REPLAN,"{""message"": ""Call local replanning..."", ""wall_time_utc"": ""2026-09-06T20:38:27.174551+00:00""}"
4085.500000000,REPLAN_REQUESTED,"{""message"": ""Replanning request. curr_vertex_idx: 21"", ""wall_time_utc"": ""2026-09-06T20:38:27.176422+00:00""}"
4088.500000000,LOCAL_REPLAN,"{""message"": ""Call local replanning..."", ""wall_time_utc"": ""2026-09-06T20:38:30.144246+00:00""}"
4088.500000000,REPLAN_REQUESTED,"{""message"": ""Replanning request. curr_vertex_idx: 21"", ""wall_time_utc"": ""2026-09-06T20:38:30.146421+00:00""}"
4090.500000000,LOCAL_REPLAN,"{""message"": ""Call local replanning..."", ""wall_time_utc"": ""2026-09-06T20:38:32.177622+00:00""}"
4090.500000000,REPLAN_REQUESTED,"{""message"": ""Replanning request. curr_vertex_idx: 21"", ""wall_time_utc"": ""2026-09-06T20:38:32.179176+00:00""}"
4092.600000000,LOCAL_REPLAN,"{""message"": ""Call local replanning..."", ""wall_time_utc"": ""2026-09-06T20:38:34.187904+00:00""}"
4092.600000000,REPLAN_REQUESTED,"{""message"": ""Replanning request. curr_vertex_idx: 21"", ""wall_time_utc"": ""2026-09-06T20:38:34.189621+00:00""}"
4094.600000000,LOCAL_REPLAN,"{""message"": ""Call local replanning..."", ""wall_time_utc"": ""2026-09-06T20:38:36.209872+00:00""}"
4094.600000000,REPLAN_REQUESTED,"{""message"": ""Replanning request. curr_vertex_idx: 21"", ""wall_time_utc"": ""2026-09-06T20:38:36.211869+00:00""}"
4097.000000000,LOCAL_REPLAN,"{""message"": ""Call local replanning..."", ""wall_time_utc"": ""2026-09-06T20:38:38.596801+00:00""}"
4097.000000000,REPLAN_REQUESTED,"{""message"": ""Replanning request. curr_vertex_idx: 21"", ""wall_time_utc"": ""2026-09-06T20:38:38.598733+00:00""}"
4098.700000000,LOCAL_REPLAN,"{""message"": ""Call local replanning..."", ""wall_time_utc"": ""2026-09-06T20:38:40.299673+00:00""}"
4098.700000000,REPLAN_REQUESTED,"{""message"": ""Replanning request. curr_vertex_idx: 21"", ""wall_time_utc"": ""2026-09-06T20:38:40.301516+00:00""}"
4100.900000000,LOCAL_REPLAN,"{""message"": ""Call local replanning..."", ""wall_time_utc"": ""2026-09-06T20:38:42.498871+00:00""}"
4100.900000000,REPLAN_REQUESTED,"{""message"": ""Replanning request. curr_vertex_idx: 21"", ""wall_time_utc"": ""2026-09-06T20:38:42.500947+00:00""}"
4102.800000000,LOCAL_REPLAN,"{""message"": ""Call local replanning..."", ""wall_time_utc"": ""2026-09-06T20:38:44.419194+00:00""}"
4102.800000000,REPLAN_REQUESTED,"{""message"": ""Replanning request. curr_vertex_idx: 21"", ""wall_time_utc"": ""2026-09-06T20:38:44.421575+00:00""}"
4104.700000000,LOCAL_REPLAN,"{""message"": ""Call local replanning..."", ""wall_time_utc"": ""2026-09-06T20:38:46.305855+00:00""}"
4104.700000000,REPLAN_REQUESTED,"{""message"": ""Replanning request. curr_vertex_idx: 21"", ""wall_time_utc"": ""2026-09-06T20:38:46.307760+00:00""}"
4106.600000000,LOCAL_REPLAN,"{""message"": ""Call local replanning..."", ""wall_time_utc"": ""2026-09-06T20:38:48.184152+00:00""}"
4106.600000000,REPLAN_REQUESTED,"{""message"": ""Replanning request. curr_vertex_idx: 21"", ""wall_time_utc"": ""2026-09-06T20:38:48.186035+00:00""}"
4108.600000000,LOCAL_REPLAN,"{""message"": ""Call local replanning..."", ""wall_time_utc"": ""2026-09-06T20:38:50.189585+00:00""}"
4108.600000000,REPLAN_REQUESTED,"{""message"": ""Replanning request. curr_vertex_idx: 21"", ""wall_time_utc"": ""2026-09-06T20:38:50.191496+00:00""}"
4110.800000000,LOCAL_REPLAN,"{""message"": ""Call local replanning..."", ""wall_time_utc"": ""2026-09-06T20:38:52.385167+00:00""}"
4110.800000000,REPLAN_REQUESTED,"{""message"": ""Replanning request. curr_vertex_idx: 21"", ""wall_time_utc"": ""2026-09-06T20:38:52.387059+00:00""}"
4113.100000000,LOCAL_REPLAN,"{""message"": ""Call local replanning..."", ""wall_time_utc"": ""2026-09-06T20:38:54.729235+00:00""}"
4113.100000000,REPLAN_REQUESTED,"{""message"": ""Replanning request. curr_vertex_idx: 21"", ""wall_time_utc"": ""2026-09-06T20:38:54.731341+00:00""}"
4114.700000000,LOCAL_REPLAN,"{""message"": ""Call local replanning..."", ""wall_time_utc"": ""2026-09-06T20:38:56.375389+00:00""}"
4114.700000000,REPLAN_REQUESTED,"{""message"": ""Replanning request. curr_vertex_idx: 21"", ""wall_time_utc"": ""2026-09-06T20:38:56.377538+00:00""}"
4117.200000000,LOCAL_REPLAN,"{""message"": ""Call local replanning..."", ""wall_time_utc"": ""2026-09-06T20:38:58.842206+00:00""}"
4117.200000000,REPLAN_REQUESTED,"{""message"": ""Replanning request. curr_vertex_idx: 21"", ""wall_time_utc"": ""2026-09-06T20:38:58.844543+00:00""}"
4120.300000000,LOCAL_REPLAN,"{""message"": ""Call local replanning..."", ""wall_time_utc"": ""2026-09-06T20:39:01.907319+00:00""}"
4120.300000000,REPLAN_REQUESTED,"{""message"": ""Replanning request. curr_vertex_idx: 21"", ""wall_time_utc"": ""2026-09-06T20:39:01.909335+00:00""}"
4123.200000000,LOCAL_REPLAN,"{""message"": ""Call local replanning..."", ""wall_time_utc"": ""2026-09-06T20:39:04.799877+00:00""}"
4123.200000000,REPLAN_REQUESTED,"{""message"": ""Replanning request. curr_vertex_idx: 21"", ""wall_time_utc"": ""2026-09-06T20:39:04.801882+00:00""}"
4124.600000000,LOCAL_REPLAN,"{""message"": ""Call local replanning..."", ""wall_time_utc"": ""2026-09-06T20:39:06.196343+00:00""}"
4124.600000000,REPLAN_REQUESTED,"{""message"": ""Replanning request. curr_vertex_idx: 21"", ""wall_time_utc"": ""2026-09-06T20:39:06.198639+00:00""}"
4127.000000000,LOCAL_REPLAN,"{""message"": ""Call local replanning..."", ""wall_time_utc"": ""2026-09-06T20:39:08.632332+00:00""}"
4127.000000000,REPLAN_REQUESTED,"{""message"": ""Replanning request. curr_vertex_idx: 21"", ""wall_time_utc"": ""2026-09-06T20:39:08.634308+00:00""}"
4129.800000000,LOCAL_REPLAN,"{""message"": ""Call local replanning..."", ""wall_time_utc"": ""2026-09-06T20:39:11.457746+00:00""}"
4129.800000000,REPLAN_REQUESTED,"{""message"": ""Replanning request. curr_vertex_idx: 21"", ""wall_time_utc"": ""2026-09-06T20:39:11.460110+00:00""}"
4132.700000000,LOCAL_REPLAN,"{""message"": ""Call local replanning..."", ""wall_time_utc"": ""2026-09-06T20:39:14.364645+00:00""}"
4132.700000000,REPLAN_REQUESTED,"{""message"": ""Replanning request. curr_vertex_idx: 21"", ""wall_time_utc"": ""2026-09-06T20:39:14.366594+00:00""}"
4134.400000000,LOCAL_REPLAN,"{""message"": ""Call local replanning..."", ""wall_time_utc"": ""2026-09-06T20:39:16.015101+00:00""}"
4134.400000000,REPLAN_REQUESTED,"{""message"": ""Replanning request. curr_vertex_idx: 21"", ""wall_time_utc"": ""2026-09-06T20:39:16.017009+00:00""}"
4137.400000000,LOCAL_REPLAN,"{""message"": ""Call local replanning..."", ""wall_time_utc"": ""2026-09-06T20:39:19.011424+00:00""}"
4137.400000000,REPLAN_REQUESTED,"{""message"": ""Replanning request. curr_vertex_idx: 21"", ""wall_time_utc"": ""2026-09-06T20:39:19.013478+00:00""}"
4140.600000000,LOCAL_REPLAN,"{""message"": ""Call local replanning..."", ""wall_time_utc"": ""2026-09-06T20:39:22.198981+00:00""}"
4140.600000000,REPLAN_REQUESTED,"{""message"": ""Replanning request. curr_vertex_idx: 21"", ""wall_time_utc"": ""2026-09-06T20:39:22.201221+00:00""}"
4143.700000000,LOCAL_REPLAN,"{""message"": ""Call local replanning..."", ""wall_time_utc"": ""2026-09-06T20:39:25.374184+00:00""}"
4143.700000000,REPLAN_REQUESTED,"{""message"": ""Replanning request. curr_vertex_idx: 21"", ""wall_time_utc"": ""2026-09-06T20:39:25.376046+00:00""}"
4147.700000000,LOCAL_REPLAN,"{""message"": ""Call local replanning..."", ""wall_time_utc"": ""2026-09-06T20:39:29.310058+00:00""}"
4147.700000000,REPLAN_REQUESTED,"{""message"": ""Replanning request. curr_vertex_idx: 21"", ""wall_time_utc"": ""2026-09-06T20:39:29.312161+00:00""}"
4150.900000000,LOCAL_REPLAN,"{""message"": ""Call local replanning..."", ""wall_time_utc"": ""2026-09-06T20:39:32.580776+00:00""}"
4151.000000000,REPLAN_REQUESTED,"{""message"": ""Replanning request. curr_vertex_idx: 21"", ""wall_time_utc"": ""2026-09-06T20:39:32.582932+00:00""}"
4154.600000000,LOCAL_REPLAN,"{""message"": ""Call local replanning..."", ""wall_time_utc"": ""2026-09-06T20:39:36.255066+00:00""}"
4154.600000000,REPLAN_REQUESTED,"{""message"": ""Replanning request. curr_vertex_idx: 21"", ""wall_time_utc"": ""2026-09-06T20:39:36.257217+00:00""}"
4158.200000000,LOCAL_REPLAN,"{""message"": ""Call local replanning..."", ""wall_time_utc"": ""2026-09-06T20:39:39.850444+00:00""}"
4158.200000000,REPLAN_REQUESTED,"{""message"": ""Replanning request. curr_vertex_idx: 21"", ""wall_time_utc"": ""2026-09-06T20:39:39.852455+00:00""}"
4162.000000000,LOCAL_REPLAN,"{""message"": ""Call local replanning..."", ""wall_time_utc"": ""2026-09-06T20:39:43.668452+00:00""}"
4162.000000000,REPLAN_REQUESTED,"{""message"": ""Replanning request. curr_vertex_idx: 21"", ""wall_time_utc"": ""2026-09-06T20:39:43.670607+00:00""}"
4164.000000000,LOCAL_REPLAN,"{""message"": ""Call local replanning..."", ""wall_time_utc"": ""2026-09-06T20:39:45.641460+00:00""}"
4164.000000000,REPLAN_REQUESTED,"{""message"": ""Replanning request. curr_vertex_idx: 21"", ""wall_time_utc"": ""2026-09-06T20:39:45.643422+00:00""}"
4166.800000000,LOCAL_REPLAN,"{""message"": ""Call local replanning..."", ""wall_time_utc"": ""2026-09-06T20:39:48.429537+00:00""}"
4166.800000000,REPLAN_REQUESTED,"{""message"": ""Replanning request. curr_vertex_idx: 21"", ""wall_time_utc"": ""2026-09-06T20:39:48.431732+00:00""}"
4169.200000000,LOCAL_REPLAN,"{""message"": ""Call local replanning..."", ""wall_time_utc"": ""2026-09-06T20:39:50.864544+00:00""}"
4169.200000000,REPLAN_REQUESTED,"{""message"": ""Replanning request. curr_vertex_idx: 21"", ""wall_time_utc"": ""2026-09-06T20:39:50.866774+00:00""}"
4171.400000000,LOCAL_REPLAN,"{""message"": ""Call local replanning..."", ""wall_time_utc"": ""2026-09-06T20:39:53.024288+00:00""}"
4171.400000000,REPLAN_REQUESTED,"{""message"": ""Replanning request. curr_vertex_idx: 21"", ""wall_time_utc"": ""2026-09-06T20:39:53.026459+00:00""}"
4173.300000000,LOCAL_REPLAN,"{""message"": ""Call local replanning..."", ""wall_time_utc"": ""2026-09-06T20:39:54.906661+00:00""}"
4173.300000000,REPLAN_REQUESTED,"{""message"": ""Replanning request. curr_vertex_idx: 21"", ""wall_time_utc"": ""2026-09-06T20:39:54.908663+00:00""}"
4175.000000000,LOCAL_REPLAN,"{""message"": ""Call local replanning..."", ""wall_time_utc"": ""2026-09-06T20:39:56.678056+00:00""}"
4175.000000000,REPLAN_REQUESTED,"{""message"": ""Replanning request. curr_vertex_idx: 21"", ""wall_time_utc"": ""2026-09-06T20:39:56.680268+00:00""}"
4177.000000000,LOCAL_REPLAN,"{""message"": ""Call local replanning..."", ""wall_time_utc"": ""2026-09-06T20:39:58.682822+00:00""}"
4177.100000000,REPLAN_REQUESTED,"{""message"": ""Replanning request. curr_vertex_idx: 21"", ""wall_time_utc"": ""2026-09-06T20:39:58.684803+00:00""}"
4179.200000000,LOCAL_REPLAN,"{""message"": ""Call local replanning..."", ""wall_time_utc"": ""2026-09-06T20:40:00.867094+00:00""}"
4179.200000000,REPLAN_REQUESTED,"{""message"": ""Replanning request. curr_vertex_idx: 21"", ""wall_time_utc"": ""2026-09-06T20:40:00.869356+00:00""}"
4181.100000000,LOCAL_REPLAN,"{""message"": ""Call local replanning..."", ""wall_time_utc"": ""2026-09-06T20:40:02.697183+00:00""}"
4181.100000000,REPLAN_REQUESTED,"{""message"": ""Replanning request. curr_vertex_idx: 21"", ""wall_time_utc"": ""2026-09-06T20:40:02.699501+00:00""}"
4183.000000000,LOCAL_REPLAN,"{""message"": ""Call local replanning..."", ""wall_time_utc"": ""2026-09-06T20:40:04.654572+00:00""}"
4183.000000000,REPLAN_REQUESTED,"{""message"": ""Replanning request. curr_vertex_idx: 21"", ""wall_time_utc"": ""2026-09-06T20:40:04.656822+00:00""}"
4184.700000000,LOCAL_REPLAN,"{""message"": ""Call local replanning..."", ""wall_time_utc"": ""2026-09-06T20:40:06.373867+00:00""}"
4184.700000000,REPLAN_REQUESTED,"{""message"": ""Replanning request. curr_vertex_idx: 21"", ""wall_time_utc"": ""2026-09-06T20:40:06.375782+00:00""}"
4187.400000000,LOCAL_REPLAN,"{""message"": ""Call local replanning..."", ""wall_time_utc"": ""2026-09-06T20:40:09.015368+00:00""}"
4187.400000000,REPLAN_REQUESTED,"{""message"": ""Replanning request. curr_vertex_idx: 21"", ""wall_time_utc"": ""2026-09-06T20:40:09.017629+00:00""}"
4189.500000000,LOCAL_REPLAN,"{""message"": ""Call local replanning..."", ""wall_time_utc"": ""2026-09-06T20:40:11.168087+00:00""}"
4189.500000000,REPLAN_REQUESTED,"{""message"": ""Replanning request. curr_vertex_idx: 21"", ""wall_time_utc"": ""2026-09-06T20:40:11.169844+00:00""}"
4191.600000000,LOCAL_REPLAN,"{""message"": ""Call local replanning..."", ""wall_time_utc"": ""2026-09-06T20:40:13.247669+00:00""}"
4191.600000000,REPLAN_REQUESTED,"{""message"": ""Replanning request. curr_vertex_idx: 21"", ""wall_time_utc"": ""2026-09-06T20:40:13.249871+00:00""}"
4193.400000000,LOCAL_REPLAN,"{""message"": ""Call local replanning..."", ""wall_time_utc"": ""2026-09-06T20:40:15.075338+00:00""}"
4193.400000000,REPLAN_REQUESTED,"{""message"": ""Replanning request. curr_vertex_idx: 21"", ""wall_time_utc"": ""2026-09-06T20:40:15.077379+00:00""}"
4195.600000000,LOCAL_REPLAN,"{""message"": ""Call local replanning..."", ""wall_time_utc"": ""2026-09-06T20:40:17.194475+00:00""}"
4195.600000000,REPLAN_REQUESTED,"{""message"": ""Replanning request. curr_vertex_idx: 21"", ""wall_time_utc"": ""2026-09-06T20:40:17.196435+00:00""}"
4196.800000000,LOCAL_REPLAN,"{""message"": ""Call local replanning..."", ""wall_time_utc"": ""2026-09-06T20:40:18.476988+00:00""}"
4196.800000000,REPLAN_REQUESTED,"{""message"": ""Replanning request. curr_vertex_idx: 21"", ""wall_time_utc"": ""2026-09-06T20:40:18.478728+00:00""}"
4198.900000000,LOCAL_REPLAN,"{""message"": ""Call local replanning..."", ""wall_time_utc"": ""2026-09-06T20:40:20.556015+00:00""}"
4198.900000000,REPLAN_REQUESTED,"{""message"": ""Replanning request. curr_vertex_idx: 21"", ""wall_time_utc"": ""2026-09-06T20:40:20.558104+00:00""}"
4201.000000000,LOCAL_REPLAN,"{""message"": ""Call local replanning..."", ""wall_time_utc"": ""2026-09-06T20:40:22.601193+00:00""}"
4201.000000000,REPLAN_REQUESTED,"{""message"": ""Replanning request. curr_vertex_idx: 21"", ""wall_time_utc"": ""2026-09-06T20:40:22.603272+00:00""}"
4202.900000000,LOCAL_REPLAN,"{""message"": ""Call local replanning..."", ""wall_time_utc"": ""2026-09-06T20:40:24.488638+00:00""}"
4202.900000000,REPLAN_REQUESTED,"{""message"": ""Replanning request. curr_vertex_idx: 21"", ""wall_time_utc"": ""2026-09-06T20:40:24.490854+00:00""}"
4204.900000000,LOCAL_REPLAN,"{""message"": ""Call local replanning..."", ""wall_time_utc"": ""2026-09-06T20:40:26.502321+00:00""}"
4204.900000000,REPLAN_REQUESTED,"{""message"": ""Replanning request. curr_vertex_idx: 21"", ""wall_time_utc"": ""2026-09-06T20:40:26.504747+00:00""}"
4207.100000000,LOCAL_REPLAN,"{""message"": ""Call local replanning..."", ""wall_time_utc"": ""2026-09-06T20:40:28.767396+00:00""}"
4207.100000000,REPLAN_REQUESTED,"{""message"": ""Replanning request. curr_vertex_idx: 21"", ""wall_time_utc"": ""2026-09-06T20:40:28.769695+00:00""}"
4209.000000000,LOCAL_REPLAN,"{""message"": ""Call local replanning..."", ""wall_time_utc"": ""2026-09-06T20:40:30.667352+00:00""}"
4209.000000000,REPLAN_REQUESTED,"{""message"": ""Replanning request. curr_vertex_idx: 21"", ""wall_time_utc"": ""2026-09-06T20:40:30.670011+00:00""}"
4212.400000000,LOCAL_REPLAN,"{""message"": ""Call local replanning..."", ""wall_time_utc"": ""2026-09-06T20:40:33.991837+00:00""}"
4212.400000000,REPLAN_REQUESTED,"{""message"": ""Replanning request. curr_vertex_idx: 21"", ""wall_time_utc"": ""2026-09-06T20:40:33.993738+00:00""}"
4214.500000000,LOCAL_REPLAN,"{""message"": ""Call local replanning..."", ""wall_time_utc"": ""2026-09-06T20:40:36.181176+00:00""}"
4214.600000000,REPLAN_REQUESTED,"{""message"": ""Replanning request. curr_vertex_idx: 21"", ""wall_time_utc"": ""2026-09-06T20:40:36.183365+00:00""}"
4216.000000000,LOCAL_REPLAN,"{""message"": ""Call local replanning..."", ""wall_time_utc"": ""2026-09-06T20:40:37.631065+00:00""}"
4216.000000000,REPLAN_REQUESTED,"{""message"": ""Replanning request. curr_vertex_idx: 21"", ""wall_time_utc"": ""2026-09-06T20:40:37.633350+00:00""}"
4218.500000000,LOCAL_REPLAN,"{""message"": ""Call local replanning..."", ""wall_time_utc"": ""2026-09-06T20:40:40.159325+00:00""}"
4218.500000000,REPLAN_REQUESTED,"{""message"": ""Replanning request. curr_vertex_idx: 21"", ""wall_time_utc"": ""2026-09-06T20:40:40.162028+00:00""}"
4221.000000000,LOCAL_REPLAN,"{""message"": ""Call local replanning..."", ""wall_time_utc"": ""2026-09-06T20:40:42.642051+00:00""}"
4221.000000000,REPLAN_REQUESTED,"{""message"": ""Replanning request. curr_vertex_idx: 21"", ""wall_time_utc"": ""2026-09-06T20:40:42.644177+00:00""}"
4222.500000000,LOCAL_REPLAN,"{""message"": ""Call local replanning..."", ""wall_time_utc"": ""2026-09-06T20:40:44.097124+00:00""}"
4222.500000000,REPLAN_REQUESTED,"{""message"": ""Replanning request. curr_vertex_idx: 21"", ""wall_time_utc"": ""2026-09-06T20:40:44.099452+00:00""}"
4224.500000000,LOCAL_REPLAN,"{""message"": ""Call local replanning..."", ""wall_time_utc"": ""2026-09-06T20:40:46.169254+00:00""}"
4224.500000000,REPLAN_REQUESTED,"{""message"": ""Replanning request. curr_vertex_idx: 21"", ""wall_time_utc"": ""2026-09-06T20:40:46.171531+00:00""}"
4226.900000000,LOCAL_REPLAN,"{""message"": ""Call local replanning..."", ""wall_time_utc"": ""2026-09-06T20:40:48.497512+00:00""}"
4226.900000000,REPLAN_REQUESTED,"{""message"": ""Replanning request. curr_vertex_idx: 21"", ""wall_time_utc"": ""2026-09-06T20:40:48.499526+00:00""}"
4228.400000000,LOCAL_REPLAN,"{""message"": ""Call local replanning..."", ""wall_time_utc"": ""2026-09-06T20:40:49.988455+00:00""}"
4228.400000000,REPLAN_REQUESTED,"{""message"": ""Replanning request. curr_vertex_idx: 21"", ""wall_time_utc"": ""2026-09-06T20:40:49.990485+00:00""}"
4230.300000000,LOCAL_REPLAN,"{""message"": ""Call local replanning..."", ""wall_time_utc"": ""2026-09-06T20:40:51.979039+00:00""}"
4230.300000000,REPLAN_REQUESTED,"{""message"": ""Replanning request. curr_vertex_idx: 21"", ""wall_time_utc"": ""2026-09-06T20:40:51.981133+00:00""}"
4232.300000000,LOCAL_REPLAN,"{""message"": ""Call local replanning..."", ""wall_time_utc"": ""2026-09-06T20:40:53.975104+00:00""}"
4232.300000000,REPLAN_REQUESTED,"{""message"": ""Replanning request. curr_vertex_idx: 21"", ""wall_time_utc"": ""2026-09-06T20:40:53.977324+00:00""}"
4234.500000000,LOCAL_REPLAN,"{""message"": ""Call local replanning..."", ""wall_time_utc"": ""2026-09-06T20:40:56.175008+00:00""}"
4234.500000000,REPLAN_REQUESTED,"{""message"": ""Replanning request. curr_vertex_idx: 21"", ""wall_time_utc"": ""2026-09-06T20:40:56.177383+00:00""}"
4236.900000000,LOCAL_REPLAN,"{""message"": ""Call local replanning..."", ""wall_time_utc"": ""2026-09-06T20:40:58.509827+00:00""}"
4236.900000000,REPLAN_REQUESTED,"{""message"": ""Replanning request. curr_vertex_idx: 21"", ""wall_time_utc"": ""2026-09-06T20:40:58.512381+00:00""}"
4240.000000000,LOCAL_REPLAN,"{""message"": ""Call local replanning..."", ""wall_time_utc"": ""2026-09-06T20:41:01.662385+00:00""}"
4240.000000000,REPLAN_REQUESTED,"{""message"": ""Replanning request. curr_vertex_idx: 21"", ""wall_time_utc"": ""2026-09-06T20:41:01.664464+00:00""}"
4240.000000000,GOAL_FAILED,"{""message"": ""No way between robot and goal!"", ""wall_time_utc"": ""2026-09-06T20:41:01.669486+00:00""}"
4240.000000000,EXPLORATION_RESULT,"{""status"": 4, ""text"": """", ""wall_time_utc"": ""2026-09-06T20:41:01.669720+00:00""}"
4240.000000000,GOAL_FAILED,"{""message"": ""Exploration has failed!"", ""wall_time_utc"": ""2026-09-06T20:41:01.669793+00:00""}"
